"","Estimate","Std. Error","z value","Pr(>|z|)"
"(Intercept)",-4.56714112156011,2.44616913250813,-1.86705860231229,0.0618934046489172
"x1",9.09286975198281,4.68913588147058,1.93913547865266,0.0524848435950372
"x2",0.413408501575088,2.45636404987554,0.168300990073534,0.866346495007334
