"","Estimate","Std. Error","z value","Pr(>|z|)"
"(Intercept)",-5.15207946893202,2.716618329105,-1.89650471460575,0.0578933371651179
"x1",-0.109170457394741,1.73440389749467,-0.0629440798377106,0.949811033778905
"x2",12.5578579996456,5.58824117683449,2.2471932764289,0.0246276776986446
