"","Estimate","Std. Error","z value","Pr(>|z|)"
"(Intercept)",-0.614651062594476,1.47793890869621,-0.415883944172429,0.677494928862678
"x1",10.1067844041615,3.62209461504192,2.79031485323154,0.0052656807160511
"x2",-11.3109167494174,3.73282292066205,-3.0301241151325,0.00244453259550197
