"","Estimate","Std. Error","z value","Pr(>|z|)"
"(Intercept)",10.6790225984106,5.19721386782854,2.05475912094271,0.039902276425928
"x1",0.625938020721018,1.92216973450518,0.325641388210783,0.744695694279357
"x2",-18.3571601753649,8.53204836406339,-2.15155369403254,0.0314325225416323
