"","Estimate","Std. Error","z value","Pr(>|z|)"
"(Intercept)",0.452640009089543,1.15558467368862,0.39169783002116,0.695281493572606
"x1",-2.54146467450003,1.75395594749551,-1.44899002630541,0.147340367908017
"x2",6.62213140243496,2.52594466897316,2.62164547140574,0.00875064078910655
