"","Estimate","Std. Error","z value","Pr(>|z|)"
"(Intercept)",14.0899918057123,6.71562475871549,2.09809099107665,0.0358971082371784
"x1",-38.1901436526851,17.7820187560034,-2.14768323983415,0.0317389277002077
"x2",0.114287270887352,1.80458943675952,0.0633314528830315,0.949502570247883
