"","Estimate","Std. Error","z value","Pr(>|z|)"
"(Intercept)",4.09195466404236,1.92237726512023,2.12859085377627,0.0332881258851248
"x1",-4.01137375490932,2.23224451069572,-1.79701360477715,0.0723334599659361
"x2",-4.80478386479265,2.21875156221075,-2.16553486502346,0.0303467483830999
