"","Estimate","Std. Error","z value","Pr(>|z|)"
"(Intercept)",24.4614553981604,13.5905818258116,1.79988286827445,0.0718791353122254
"x1",-61.5638306425985,33.9135844253301,-1.81531476798473,0.069475550778601
"x2",0.339510010633373,2.06981667158386,0.164029025031272,0.869708294593483
