"","Estimate","Std. Error","z value","Pr(>|z|)"
"(Intercept)",-0.518852877504531,1.5502075610109,-0.334698972288707,0.737852176777291
"x1",-15.8623024969653,5.33322355269368,-2.97424293961081,0.00293712435061782
"x2",16.5829852849186,5.58705407414884,2.96810896491008,0.002996380873805
