"","Estimate","Std. Error","z value","Pr(>|z|)"
"(Intercept)",2.59181449714371,2.09155089233038,1.23918308975783,0.215277701521617
"x1",-2.61836641630587,2.29355280972342,-1.14162028674701,0.253611887773072
"x2",-2.72915644665771,1.99643166870874,-1.36701720846919,0.171619911689096
