"","Estimate","Std. Error","z value","Pr(>|z|)"
"(Intercept)",-1.61039544827076,0.907198180101069,-1.77513081881552,0.0758762893470852
"x1",1.35615040332798,1.16481701261865,1.16426047064611,0.244318470802202
"x2",1.05662609382123,1.06713904498712,0.990148471077619,0.322101554557535
