"","Estimate","Std. Error","z value","Pr(>|z|)"
"(Intercept)",5.69026075272793,1.88693797780284,3.01560561060609,0.00256466607056018
"x1",-9.39539710265045,2.8847059504975,-3.25696873923323,0.00112608833845355
"x2",-2.46577979710458,1.62724410127695,-1.51531033061948,0.129693833380816
