"","Estimate","Std. Error","z value","Pr(>|z|)"
"(Intercept)",4.97350585586262,2.99044026837017,1.66313499335442,0.0962854165712459
"x1",-15.0126563232412,6.44938774578607,-2.3277645747149,0.0199246081138064
"x2",1.7594855605878,1.92462405849267,0.91419701048827,0.360613334732709
