"","Estimate","Std. Error","z value","Pr(>|z|)"
"(Intercept)",-1.50740823537197,0.979806569231697,-1.53847533044608,0.123932435871788
"x1",3.87617937359701,1.42595368917295,2.71830663437968,0.00656169966973502
"x2",-0.889088748845084,1.15473995097459,-0.769947162644455,0.441331235887921
