"","Estimate","Std. Error","z value","Pr(>|z|)"
"(Intercept)",-2.42239603028741,1.06045597876495,-2.28429664106249,0.0223541031774888
"x1",3.67068208091663,1.47062639609158,2.49599904548976,0.0125602939516817
"x2",2.19358591748728,1.28427895136614,1.70802917477848,0.0876309291904259
