"","Estimate","Std. Error","z value","Pr(>|z|)"
"(Intercept)",5.17015960831363,2.88790895295517,1.79027791129739,0.0734092454279576
"x1",-14.7466187235065,6.08780863561186,-2.42231968942702,0.0154217769059141
"x2",0.129380805177109,1.9872778455032,0.0651045375813306,0.948090767632384
