"","Estimate","Std. Error","z value","Pr(>|z|)"
"(Intercept)",-16.6404616279341,7.24213857487674,-2.29772759191055,0.0215772981338145
"x1",-0.0506017565284724,2.46037280199738,-0.0205667029351783,0.983591302053416
"x2",28.4821272213904,12.3121342290578,2.31333793893913,0.0207040663339486
