"","Estimate","Std. Error","z value","Pr(>|z|)"
"(Intercept)",3.01758545621278,1.27902635544261,2.35928324961571,0.01831027388153
"x1",-7.77677238050658,2.39109021017827,-3.25239606076041,0.00114436441028039
"x2",0.69604345231683,1.35359910431612,0.514216838720863,0.60710039623122
