"","Estimate","Std. Error","z value","Pr(>|z|)"
"(Intercept)",-6.33074702379523,3.09669526431963,-2.04435583208287,0.0409184072946774
"x1",11.7047070896435,5.02018463504514,2.33152920470986,0.0197254719548044
"x2",0.565893208287444,2.25084686126168,0.251413464872613,0.801494458503774
