"","Estimate","Std. Error","z value","Pr(>|z|)"
"(Intercept)",-10.4585190646503,5.10354296241404,-2.04926639036331,0.0404360732530541
"x1",18.7008336971113,8.46673200162201,2.20874284122004,0.0271925327654027
"x2",-0.69615000168956,1.49928713122443,-0.464320667596896,0.642418018711385
