"","Estimate","Std. Error","z value","Pr(>|z|)"
"(Intercept)",9.8216550414822,4.15540834089923,2.36358360857426,0.0180991421981721
"x1",-3.67795413346789,3.54326152714974,-1.03801373544857,0.299263660450519
"x2",-12.9575622475916,5.39659246009025,-2.40106369777178,0.0163474905945521
