"","Estimate","Std. Error","z value","Pr(>|z|)"
"(Intercept)",18.6659555690249,8.36099103901535,2.23250515183223,0.0255815951133635
"x1",-1.50565955455432,2.5735076991821,-0.585061220152104,0.558506553152142
"x2",-29.5198645650732,13.0693979429702,-2.25870118071901,0.023901978982161
