"","Estimate","Std. Error","z value","Pr(>|z|)"
"(Intercept)",-1.02328779753621,1.52957261718102,-0.669002429856595,0.503493927955657
"x1",-6.11885522901252,2.64612584721406,-2.31238254803893,0.0207566112388847
"x2",5.78972694084802,2.75713713596794,2.09990532038423,0.0357371706535966
