"","Estimate","Std. Error","z value","Pr(>|z|)"
"(Intercept)",9.82011940054109,4.76498381272578,2.06089249963759,0.0393132970100399
"x1",-0.59845524600638,2.32925886312904,-0.256929470347678,0.797233220000354
"x2",-15.4716954560729,7.5804288842666,-2.04100529037148,0.0412503012513752
