"","Estimate","Std. Error","z value","Pr(>|z|)"
"(Intercept)",-3.27209443976294,3.47304401360454,-0.942140216750942,0.346120856740426
"x1",12.0725862208566,12.9115813381743,0.935019956476044,0.349778014899554
"x2",-5.75536431965128,3.99339738752696,-1.44122003425646,0.149522530177306
