"","Estimate","Std. Error","z value","Pr(>|z|)"
"(Intercept)",-3.6192865612915,1.32654067314706,-2.72836456096381,0.00636492217500467
"x1",0.187360567227252,1.39145819747913,0.134650518115951,0.892888197599884
"x2",4.8377203971915,1.68236448895638,2.87554833031008,0.00403326394138218
