"","Estimate","Std. Error","z value","Pr(>|z|)"
"(Intercept)",5.81266031105524,3.1653347262339,1.83634933230936,0.0663060080260608
"x1",-14.2302334886994,6.14756825527164,-2.31477437871418,0.0206252827994932
"x2",0.224361317969189,2.2502141373958,0.0997066520206139,0.920577219313962
