"","Estimate","Std. Error","z value","Pr(>|z|)"
"(Intercept)",-2.95571343561749,2.06559703135483,-1.43092451758552,0.152451849473816
"x1",6.45810553821252,2.86242176740114,2.25616839969603,0.0240600867732896
"x2",-3.90021670661786,2.38772951949361,-1.6334415915941,0.102376155605112
