"","Estimate","Std. Error","z value","Pr(>|z|)"
"(Intercept)",-12.4061352199068,5.72710036528688,-2.16621578610755,0.0302947013822542
"x1",18.1379108042361,8.49533273180024,2.13504419154075,0.032757400574307
"x2",-0.0764890644963611,1.92695981605048,-0.0396941668732532,0.96833695217439
