"","Estimate","Std. Error","z value","Pr(>|z|)"
"(Intercept)",0.28120520582052,1.58250211317845,0.177696575239144,0.858961275008099
"x1",14.6099312894402,4.7706805025838,3.06244177985248,0.00219539177512055
"x2",-14.6453843894945,4.77904510621162,-3.06450013841864,0.00218034073499018
