"","Estimate","Std. Error","z value","Pr(>|z|)"
"(Intercept)",-0.93534473010425,1.10069610859469,-0.849775630894566,0.395449840580594
"x1",-3.81101033723413,1.86299668510728,-2.04563452404355,0.0407923421047317
"x2",7.98831897532358,2.48495104449902,3.21467861228392,0.00130590642673607
