"","Estimate","Std. Error","z value","Pr(>|z|)"
"(Intercept)",2.30734585102164,2.36520661845255,0.975536696464701,0.329294108069971
"x1",-2.24370021565902,2.31112131925972,-0.970827535950257,0.331634168000137
"x2",-2.56043221297325,2.08585149124123,-1.22752373489908,0.219625806571047
