"","Estimate","Std. Error","z value","Pr(>|z|)"
"(Intercept)",6.6047939905495,3.1026253269935,2.12877588959466,0.0332728066134373
"x1",-16.3165104540064,7.31623478870731,-2.2301786267427,0.0257355865949843
"x2",-0.906251588758486,1.83797770738229,-0.493069956789192,0.621963157977078
