"","Estimate","Std. Error","z value","Pr(>|z|)"
"(Intercept)",-17.3480285045949,7.86511265635336,-2.20569358158924,0.0274054616270643
"x1",28.3432329169895,12.6166964497263,2.24648607739186,0.0246728903350615
"x2",0.540660577233302,1.76039888535421,0.307123903412672,0.758749064085084
