"","Estimate","Std. Error","z value","Pr(>|z|)"
"(Intercept)",-16.5986726751363,7.72322689147882,-2.14918879224563,0.0316194373649031
"x1",0.948674394582056,2.61515192734118,0.36276071943039,0.716783637220938
"x2",26.6908261298215,12.9385786239826,2.06288703771125,0.0391233619474877
