"","Estimate","Std. Error","z value","Pr(>|z|)"
"(Intercept)",-15.9869464063372,6.82549466878242,-2.34223996679044,0.0191683860229413
"x1",26.5008785545994,10.9057065647653,2.43000106386684,0.0150987785132023
"x2",0.385185156330977,1.92151444003721,0.200459152585665,0.841121501093828
