"","Estimate","Std. Error","z value","Pr(>|z|)"
"(Intercept)",4.63152106371522,2.48965028128985,1.86030989915406,0.0628416938199352
"x1",-2.98221149829301,3.3642781275108,-0.886434291477419,0.375383547554717
"x2",-10.0612128925696,5.53116438429296,-1.81900449770409,0.0689107438942221
