"","Estimate","Std. Error","z value","Pr(>|z|)"
"(Intercept)",8.15624150118449,3.55911471982941,2.29164894734706,0.0219259085817069
"x1",-16.217418587553,6.87456730919852,-2.35904571999074,0.0183219982854814
"x2",-0.203730518016981,2.19671443116003,-0.0927432874874848,0.92610750674456
