"","Estimate","Std. Error","z value","Pr(>|z|)"
"(Intercept)",0.389656637412953,1.13872128286586,0.34218789380338,0.732209495272461
"x1",-4.07633781177394,2.41587653489266,-1.68731214236288,0.0915433474177536
"x2",2.20213751704828,2.2814964430308,0.965216283275418,0.33443649275937
