"","Estimate","Std. Error","z value","Pr(>|z|)"
"(Intercept)",8.88714075472469,2.73257396254212,3.25229650745005,0.00114476533714879
"x1",-8.38436740474396,2.81562537922307,-2.97779934312764,0.00290325986186213
"x2",-8.68962007096587,2.80453618637955,-3.09841609930644,0.00194558050403822
