"","Estimate","Std. Error","z value","Pr(>|z|)"
"(Intercept)",18.7376561578978,8.43710286627685,2.22086377929471,0.0263601891475258
"x1",-32.5718863015352,14.3013198140581,-2.27754408159708,0.0227537553805109
"x2",0.0695804856060572,1.76306658743138,0.0394656027753492,0.968519177149108
