"","Estimate","Std. Error","z value","Pr(>|z|)"
"(Intercept)",9.08461423924322,3.96994516612746,2.28834753607061,0.0221172902919733
"x1",-19.7048305036156,9.43752884488671,-2.08792267843417,0.0368048100879205
"x2",-0.357699446867584,2.04059636261024,-0.175291622303017,0.860850494288558
