"","Estimate","Std. Error","z value","Pr(>|z|)"
"(Intercept)",8.27995041401983,3.90322669993279,2.12130912461795,0.0338957970086815
"x1",-1.52851949642553,3.05310597690119,-0.500644100791069,0.616621619394469
"x2",-12.6367007685968,5.56807309431567,-2.26949261522759,0.0232383858001345
