"","Estimate","Std. Error","z value","Pr(>|z|)"
"(Intercept)",-0.878135562097487,1.52579908283153,-0.575525029460543,0.564936267973348
"x1",12.0207255255437,4.03195826281776,2.98136159701786,0.00286969728499279
"x2",-11.0847395891001,3.70450114580241,-2.99223543274114,0.00276942595847409
