"","Estimate","Std. Error","z value","Pr(>|z|)"
"(Intercept)",5.05131560828967,4.21328755101339,1.19890122549901,0.230566355182729
"x1",-4.47946670144288,4.85928205290386,-0.921837146449648,0.356613528229543
"x2",-5.36035487473884,3.66285224655749,-1.4634373744605,0.143347738149956
