"","Estimate","Std. Error","z value","Pr(>|z|)"
"(Intercept)",-0.766592451944854,1.12301126969258,-0.682622225291387,0.494845586369803
"x1",-5.18148345705292,1.89635887481581,-2.73233274875579,0.00628875917445188
"x2",6.20270974441282,2.07990407683302,2.98220952278599,0.00286176072909208
