"","Estimate","Std. Error","z value","Pr(>|z|)"
"(Intercept)",-2.09905768096567,1.77383553493708,-1.18334402464213,0.236672831659162
"x1",-3.87755122657996,2.58083084942899,-1.50244299328562,0.132982740000803
"x2",16.3809412613212,5.66267833674856,2.89279035240539,0.00381836073348536
