"","Estimate","Std. Error","z value","Pr(>|z|)"
"(Intercept)",-1.06285536481194,2.16031096135365,-0.49199183998305,0.622725112115313
"x1",-3.57823555149667,3.81479046538293,-0.937990063665919,0.348249516480178
"x2",4.17335676959968,2.9576243145659,1.41105033152672,0.158229773752368
