"","Estimate","Std. Error","z value","Pr(>|z|)"
"(Intercept)",3.37953298231074,1.27766838846061,2.64507834179301,0.00816720057505031
"x1",-6.21744887225476,1.93233913147477,-3.2175764445186,0.00129278571528802
"x2",-0.180828551605833,1.22099619207914,-0.148099193739428,0.882264485732181
