"","Estimate","Std. Error","z value","Pr(>|z|)"
"(Intercept)",8.98708628578713,3.29961203000952,2.72367969447644,0.00645590847126455
"x1",-1.5629979818495,1.97316427153173,-0.792127652218323,0.428286247979918
"x2",-13.8651429677518,4.78420074455795,-2.89811061618254,0.00375418155950489
