"","Estimate","Std. Error","z value","Pr(>|z|)"
"(Intercept)",-4.02880033676846,2.98410954790909,-1.35008459712592,0.176988848487245
"x1",11.8694896602627,7.44150085206058,1.59503975021061,0.110703347095907
"x2",1.59180689699349,2.73376681334952,0.582276033647194,0.560380765968555
