"","Estimate","Std. Error","z value","Pr(>|z|)"
"(Intercept)",-18.173736577939,8.45887320377699,-2.14848197154961,0.0316754870759773
"x1",-0.86825750661255,2.32821211916344,-0.372928866517767,0.709201386943733
"x2",31.3863812774753,14.0543398051852,2.23321633833669,0.0255346814066785
