"","Estimate","Std. Error","z value","Pr(>|z|)"
"(Intercept)",-28.9638344250251,13.9641589955903,-2.07415530245477,0.038064889879275
"x1",46.5657305566986,22.9694094160901,2.0272933323257,0.0426324230038111
"x2",0.810400828413291,1.85046381650554,0.437944704016785,0.661426368301706
