"","Estimate","Std. Error","z value","Pr(>|z|)"
"(Intercept)",1.02543215847418,1.25744508782404,0.815488619267386,0.414792676365631
"x1",7.5081293706624,2.54294539271705,2.95253267811631,0.00315178708467638
"x2",-6.01058971681949,2.27745502922694,-2.63916944118968,0.00831094301536387
