"","Estimate","Std. Error","z value","Pr(>|z|)"
"(Intercept)",-6.06376961280361,1.94859947945457,-3.11186042936894,0.00185912372288685
"x1",7.82706734047932,2.4658639036027,3.17416842391169,0.00150266468684922
"x2",5.34488365461162,2.08457890468629,2.5640111979431,0.0103470206271502
