"","Estimate","Std. Error","z value","Pr(>|z|)"
"(Intercept)",-1.22120880953801,1.55305244257245,-0.786328121357715,0.431675281618475
"x1",-4.63492817976406,2.76848457271313,-1.67417518791582,0.0940961743466344
"x2",8.01344017357814,3.1828994456741,2.51765420502657,0.0118139242555861
