"","Estimate","Std. Error","z value","Pr(>|z|)"
"(Intercept)",-8.62300283964145,4.10569725093866,-2.10025296864498,0.0357065940942321
"x1",13.0405167340139,6.42590048239606,2.02936798815027,0.0424208231258072
"x2",0.871570816663867,1.60886125283729,0.541731498056043,0.58800348770402
