"","Estimate","Std. Error","z value","Pr(>|z|)"
"(Intercept)",1.59789460577525,1.44546466759366,1.10545393574742,0.268962943949088
"x1",10.3324845847997,3.72529386945067,2.77360255241375,0.00554393635753968
"x2",-11.1993105239365,3.65971474122139,-3.06015941564857,0.0022121920778482
