"","Estimate","Std. Error","z value","Pr(>|z|)"
"(Intercept)",-16.2457919229836,7.2118983642849,-2.25263739204046,0.0242820214575873
"x1",27.8416184602025,11.8032920468745,2.35880111664058,0.0183340787148013
"x2",-0.977430138134951,1.94084573679431,-0.503610420758824,0.614535168269013
