"","Estimate","Std. Error","z value","Pr(>|z|)"
"(Intercept)",16.2714058320568,7.84186513661325,2.07494078877823,0.0379920227976519
"x1",1.49855079298928,2.73760940508365,0.547393938012678,0.584108119070103
"x2",-29.1552454352901,12.7158663629499,-2.29282414607937,0.0218581312874906
