"","Estimate","Std. Error","z value","Pr(>|z|)"
"(Intercept)",18.1432526748116,8.75234730318341,2.07295849288482,0.0381761425963415
"x1",0.226912960136911,2.47777117013405,0.0915794658005628,0.92703216679632
"x2",-32.7851393929422,15.340651614178,-2.13714125172113,0.032586504610713
