"","Estimate","Std. Error","z value","Pr(>|z|)"
"(Intercept)",8.44986970589636,3.28728477085464,2.57047085814216,0.0101560371123959
"x1",-7.85016999414018,3.56934176437349,-2.19933268158704,0.0278542754926117
"x2",-9.49390447301008,3.7180478816658,-2.55346482217881,0.0106657051966373
