"","Estimate","Std. Error","z value","Pr(>|z|)"
"(Intercept)",-7.69811907341013,4.50473115777725,-1.70889644770912,0.0874701326494892
"x1",-0.0841040137990703,3.18003307394705,-0.026447528010984,0.978900385521306
"x2",19.633770235089,9.44961639368526,2.07773198584117,0.037734051284884
