"","Estimate","Std. Error","z value","Pr(>|z|)"
"(Intercept)",2.90762146746717,1.23663096138604,2.35124427436965,0.0187107459788958
"x1",-5.92238718192663,1.89162586056904,-3.1308449019327,0.00174304189069361
"x2",0.976256301284618,1.23331475252422,0.791571088634529,0.428610810229679
