"","Estimate","Std. Error","z value","Pr(>|z|)"
"(Intercept)",-1.00590506836259,1.43614323783015,-0.700421129219951,0.483664344704064
"x1",10.2658733169492,3.40062154538082,3.01882264167081,0.00253759039391969
"x2",-9.81035754471038,3.36518027039435,-2.91525468368467,0.00355398386961943
