"","Estimate","Std. Error","z value","Pr(>|z|)"
"(Intercept)",0.933526003586126,1.41531685517129,0.659587992734774,0.509518261723026
"x1",-5.64016744133306,2.4994105519541,-2.25659903569001,0.024033140685806
"x2",4.07812642610629,2.43871586092921,1.67224336850478,0.0944763417993539
