"","Estimate","Std. Error","z value","Pr(>|z|)"
"(Intercept)",9.8664359801611,4.66477421136133,2.11509400736499,0.0344219358801367
"x1",1.1943570261708,2.30881895836022,0.517302156518613,0.604945248891224
"x2",-26.7159067291708,11.5476359330204,-2.3135390554509,0.020693020048475
