"","Estimate","Std. Error","z value","Pr(>|z|)"
"(Intercept)",7.13468561920886,3.24218869090735,2.20057692484646,0.0277659886465948
"x1",-13.6518336372298,5.49521948749361,-2.48431089391417,0.0129802429564304
"x2",-0.35975881651821,2.27094917066607,-0.158417819810865,0.874127572902895
