"","Estimate","Std. Error","z value","Pr(>|z|)"
"(Intercept)",-10.204413919267,5.32111805866444,-1.91771988645337,0.0551465387647187
"x1",-1.01789136496905,2.16929851192421,-0.469226046749166,0.638908069495822
"x2",26.9673109135306,13.9926292062895,1.92725116316304,0.0539483366068144
