"","Estimate","Std. Error","z value","Pr(>|z|)"
"(Intercept)",-1.15390652721016,1.58086117706503,-0.729922743344525,0.465437409436454
"x1",14.2595295849874,4.54642468187702,3.13642710102047,0.00171019947362783
"x2",-9.2566559275875,3.51212134035121,-2.63563101343812,0.00839809988065422
