"","Estimate","Std. Error","z value","Pr(>|z|)"
"(Intercept)",-6.65830164813632,3.91499620276701,-1.70071726849452,0.0889960908708228
"x1",-1.29356623137171,1.79286969270012,-0.721505994907837,0.470598253579165
"x2",11.0176352029916,6.34332973581043,1.73688514736874,0.0824074455685375
