"","Estimate","Std. Error","z value","Pr(>|z|)"
"(Intercept)",8.62569978452401,2.60535092006785,3.31076313677521,0.000930419282871038
"x1",-7.41963769820142,2.53475185121891,-2.92716531388801,0.00342067005959329
"x2",-7.62615998548359,2.610202050604,-2.92167419902184,0.00348155520734114
