"","Estimate","Std. Error","z value","Pr(>|z|)"
"(Intercept)",-4.55145372097402,2.20185125726129,-2.06710317327938,0.0387244331623934
"x1",3.52977710151736,3.15359955744828,1.11928513345349,0.26301851605419
"x2",1.16452460206016,2.12952292868646,0.546847646659743,0.584483405859271
