"","Estimate","Std. Error","z value","Pr(>|z|)"
"(Intercept)",-5.26316325958963,1.76186098707517,-2.98727498832181,0.0028147641289635
"x1",8.84595271475369,2.67075721724261,3.3121515717129,0.00092581371033582
"x2",0.518449238456244,1.37028332178881,0.378351856300379,0.705169227646997
