"","Estimate","Std. Error","z value","Pr(>|z|)"
"(Intercept)",0.38682846497396,1.43024399816585,0.270463267435507,0.786803872536329
"x1",6.66797965613499,2.87098806127066,2.3225382738735,0.0202039700210766
"x2",-5.71388334592123,2.50066640044176,-2.28494426322193,0.0223160961584234
