"","Estimate","Std. Error","z value","Pr(>|z|)"
"(Intercept)",0.219232034522575,1.32576800282088,0.165362291182249,0.868658832301829
"x1",-10.7485584646097,3.73002663091686,-2.88163048904763,0.00395623383396939
"x2",5.42070740121422,2.23470314359772,2.42569462380012,0.0152791208154621
