"","Estimate","Std. Error","z value","Pr(>|z|)"
"(Intercept)",21.9579051913429,10.800110481252,2.03311857128311,0.042040545166265
"x1",0.561779409371834,2.50554881341081,0.224214114833821,0.822590701000313
"x2",-36.9617779791043,17.5541682402511,-2.10558412527642,0.03524049279533
