"","Estimate","Std. Error","z value","Pr(>|z|)"
"(Intercept)",-9.07675603956831,4.35182752044376,-2.08573432585001,0.0370026952777461
"x1",20.2958040771509,9.7953289693283,2.07198799965803,0.03826656033949
"x2",0.275993777279415,1.72511487607954,0.159985738402901,0.872892308613717
