"","Estimate","Std. Error","z value","Pr(>|z|)"
"(Intercept)",17.2349881104193,8.70540822291839,1.97980240203388,0.047725736376043
"x1",0.596709547083853,1.93333618170693,0.308642414459456,0.75759355291117
"x2",-31.0736536254675,14.8955538103754,-2.08610260625712,0.0369693296798305
