"","Estimate","Std. Error","z value","Pr(>|z|)"
"(Intercept)",7.54932208268657,3.98049472402221,1.89657884411366,0.0578835449572094
"x1",0.206585125843064,1.53880642071295,0.13425023645752,0.893204702471689
"x2",-17.3228636218854,9.84972516569101,-1.75871542915991,0.0786258553927385
