"","Estimate","Std. Error","z value","Pr(>|z|)"
"(Intercept)",8.95797726394539,3.72221463589878,2.40662566246193,0.0161006637960602
"x1",-1.65670086563854,2.30248007052967,-0.719528862309515,0.471815125417529
"x2",-12.3774979906003,5.54252637943394,-2.23318702397667,0.0255366136685522
