"","Estimate","Std. Error","z value","Pr(>|z|)"
"(Intercept)",7.65049119829687,3.65308648910924,2.09425405642732,0.0362373546718719
"x1",2.65382675060644,2.24756346206373,1.18075720459065,0.237699189308781
"x2",-14.5161676335547,5.8092315579082,-2.49881029682724,0.0124610996762621
