"","Estimate","Std. Error","z value","Pr(>|z|)"
"(Intercept)",-7.40746375272371,3.15340980608649,-2.34903301766435,0.0188222376644345
"x1",9.50351423994378,4.41803403237001,2.15107311766128,0.0314704289488699
"x2",7.64309720943767,3.4034392362473,2.24569815380783,0.0247233485197186
