"","Estimate","Std. Error","z value","Pr(>|z|)"
"(Intercept)",-5.45839824200387,3.94516426601337,-1.38356678555229,0.166491144433783
"x1",-1.18251948912995,2.95624413249563,-0.400007386443988,0.689151076373861
"x2",18.7987045274103,8.73197123159711,2.15285919167784,0.0313297465066195
