"","Estimate","Std. Error","z value","Pr(>|z|)"
"(Intercept)",2.15803552397099,1.08277823051137,1.99305403743832,0.0462555302137888
"x1",0.721496761952442,1.26663552020504,0.569616713287536,0.568937690172178
"x2",-3.19237522155046,1.3894884286444,-2.29751839291312,0.0215892150496239
