"","Estimate","Std. Error","z value","Pr(>|z|)"
"(Intercept)",-19.1915600192947,8.89398810399545,-2.15781264769999,0.0309424011423364
"x1",0.0218590395266906,2.4527501181687,0.0089120531948078,0.992889304478401
"x2",32.2305167914771,14.9498830969478,2.15590426911481,0.0310911410581042
