"","Estimate","Std. Error","z value","Pr(>|z|)"
"(Intercept)",0.375657578995065,1.27313829838114,0.295064235733645,0.767944809781827
"x1",10.2831633616497,3.50851907855614,2.93091276729825,0.00337967670258807
"x2",-8.83480057025782,3.0267158701175,-2.91893952038347,0.00351224358865154
