"","Estimate","Std. Error","z value","Pr(>|z|)"
"(Intercept)",11.4074140163754,3.5180652460885,3.24252485909935,0.00118475611997436
"x1",-9.63267096436855,3.34853216950403,-2.87668461187138,0.00401877040935583
"x2",-9.0111421482539,3.08048700859675,-2.92523296579612,0.00344198440397677
