"","Estimate","Std. Error","z value","Pr(>|z|)"
"(Intercept)",-10.3329745353131,6.6295796598468,-1.55861684533283,0.119087093603197
"x1",17.8057097561625,10.767088439802,1.65371630926159,0.0981851673010388
"x2",-2.05608797963463,1.99747331166084,-1.02934440607122,0.303317863322445
