"","Estimate","Std. Error","z value","Pr(>|z|)"
"(Intercept)",5.70777940132534,2.39525695103455,2.38295077230026,0.0171744908146825
"x1",-9.45906341420953,3.90619628631882,-2.42155353209956,0.0154543246425118
"x2",-5.44444082654247,2.70289940306423,-2.01429650706579,0.0439784124809823
