"","Estimate","Std. Error","z value","Pr(>|z|)"
"(Intercept)",13.2255051211617,5.9643373496461,2.21743076319224,0.0265936694586319
"x1",-1.0898577739428,2.52176330630306,-0.43218083601214,0.66560998661003
"x2",-31.4689254411611,14.485934238617,-2.17237804084947,0.029827159945068
