"","Estimate","Std. Error","z value","Pr(>|z|)"
"(Intercept)",1.39520972759017,2.13221139847619,0.654348686339111,0.512887185771727
"x1",-2.61299848497953,2.52908762309119,-1.03317831344482,0.301520459729323
"x2",-2.71266093007776,2.30152253136362,-1.17863757278559,0.238542523602595
