"","Estimate","Std. Error","z value","Pr(>|z|)"
"(Intercept)",22.5845218434167,11.3325920118209,1.99288228322867,0.0462743387730876
"x1",-39.0564259312804,18.4402072935788,-2.11800362704602,0.0341747605101007
"x2",0.57285954875224,2.11891060643831,0.270355694577963,0.786886621903421
