"","Estimate","Std. Error","z value","Pr(>|z|)"
"(Intercept)",-1.02593986910786,1.112902665786,-0.921859476707492,0.356601878894444
"x1",-0.722400478272118,2.38984845678738,-0.302278780991505,0.762439552527884
"x2",3.26468302209809,2.27251468635173,1.436594905945,0.150833131899039
