"","Estimate","Std. Error","z value","Pr(>|z|)"
"(Intercept)",-6.61443728012399,2.57332690985472,-2.5703835975109,0.0101585959676299
"x1",13.3895608065439,4.44939822802833,3.00929701508808,0.00261852988637749
"x2",-1.09118872565614,1.64507720648375,-0.663305479740061,0.507134927753868
