"","Estimate","Std. Error","z value","Pr(>|z|)"
"(Intercept)",-11.2346490436907,5.14055572729921,-2.18549309445834,0.0288527117251417
"x1",20.4095249046376,8.959966751212,2.27785721435594,0.0227350861676898
"x2",0.702977577561138,1.87508017506049,0.374905343734681,0.70773086473272
