"","Estimate","Std. Error","z value","Pr(>|z|)"
"(Intercept)",-16.1963953116487,7.12032866175713,-2.27466962285584,0.0229257560822792
"x1",1.2646891476549,2.55554226803654,0.494880935241419,0.620684168936303
"x2",36.33275746737,16.58730559546,2.19039537544388,0.0284955751275289
