"","Estimate","Std. Error","z value","Pr(>|z|)"
"(Intercept)",1.36264804469761,2.27072312903669,0.600094316771981,0.548443379940978
"x1",4.25384472200943,3.03093074322654,1.40347803443409,0.160474337583102
"x2",-10.7619305488751,4.6470661587015,-2.31585481707071,0.020566197028181
