"","Estimate","Std. Error","z value","Pr(>|z|)"
"(Intercept)",8.63242137812568,2.88070873365508,2.99663109889376,0.00272980833174757
"x1",-9.72519683183987,3.37844812554316,-2.87859883308889,0.00399446096427075
"x2",-9.38935450037315,3.18937859805046,-2.94394478790084,0.0032405780450298
