"","Estimate","Std. Error","z value","Pr(>|z|)"
"(Intercept)",0.103962062549278,2.45536641944794,0.0423407527796411,0.966227058379266
"x1",-5.81177376883175,3.59158936883263,-1.61816209260045,0.105627669857847
"x2",2.75570798298824,2.36482621246432,1.16528985024933,0.24390168615756
