"","Estimate","Std. Error","z value","Pr(>|z|)"
"(Intercept)",-0.580751679239124,1.49999833630766,-0.387168215578613,0.698631679035437
"x1",-5.80741823640785,2.4457071609614,-2.37453540191008,0.0175710511411982
"x2",4.42684638066128,2.23113172428865,1.98412596283291,0.0472417994797797
