"","Estimate","Std. Error","z value","Pr(>|z|)"
"(Intercept)",-2.45525910666608,1.09760237897331,-2.2369294689054,0.0252909501724136
"x1",-0.263623453851044,1.32666416028111,-0.198711521531708,0.842488410876807
"x2",5.25639483814708,1.67726335891044,3.13391144582189,0.00172492903355348
