"","Estimate","Std. Error","z value","Pr(>|z|)"
"(Intercept)",-11.5253119791204,6.25899791671739,-1.84139891600491,0.0655631215530903
"x1",19.0250977049355,9.42012397738258,2.01962285747132,0.0434225223603876
"x2",-0.468822830366558,1.83783840015144,-0.255094697296523,0.798649959661938
