"","Estimate","Std. Error","z value","Pr(>|z|)"
"(Intercept)",0.630487653819923,1.42621382678321,0.442070916702561,0.658437889189932
"x1",10.5845037185198,3.67502383767739,2.88011838454065,0.0039752587265062
"x2",-13.4325642534604,4.51500907838221,-2.97509130552478,0.00292901353297022
