"","Estimate","Std. Error","z value","Pr(>|z|)"
"(Intercept)",14.0958157406425,6.39154931945594,2.20538323904264,0.0274272131875103
"x1",-28.835074811875,12.2463347918783,-2.35458815244853,0.0185432448784663
"x2",0.621904133778096,2.00052955846508,0.31086975503389,0.755899638024893
