"","Estimate","Std. Error","z value","Pr(>|z|)"
"(Intercept)",-17.3480285045948,7.86511265635335,-2.20569358158923,0.0274054616270645
"x1",28.3432329169895,12.6166964497263,2.24648607739186,0.0246728903350616
"x2",0.540660577233295,1.76039888535421,0.307123903412668,0.758749064085087
