"","Estimate","Std. Error","z value","Pr(>|z|)"
"(Intercept)",4.13744568673119,3.12119910512661,1.32559492277675,0.184973908882251
"x1",-11.0447130533271,6.58802556018029,-1.67648303007264,0.0936436174596714
"x2",-0.17257900233734,1.4680551421456,-0.117556212558277,0.906419301605819
