"","Estimate","Std. Error","z value","Pr(>|z|)"
"(Intercept)",1.65486571732439,2.19073350599463,0.755393439136291,0.450012948662959
"x1",-7.71373795146307,4.43499973556948,-1.7392871277077,0.0819842703845892
"x2",0.719768825782898,1.73069677683704,0.415883842517072,0.677495003252355
