"","Estimate","Std. Error","z value","Pr(>|z|)"
"(Intercept)",23.9906211920947,10.5856747332654,2.2663289583898,0.0234312496640071
"x1",-0.73624984254229,2.38725185638808,-0.308408951729224,0.757771171243452
"x2",-31.7531825519236,14.0237736546786,-2.26423952167326,0.0235593870286612
