"","Estimate","Std. Error","z value","Pr(>|z|)"
"(Intercept)",-0.820253099095458,0.984447366424036,-0.833211735915342,0.404725324913145
"x1",4.17466825023459,1.5247910459769,2.7378625164735,0.00618399221350094
"x2",-2.52029997153881,1.33152615886013,-1.89279043056603,0.0583857446726121
