"","Estimate","Std. Error","z value","Pr(>|z|)"
"(Intercept)",10.3988501562809,3.86284271892127,2.69202007768643,0.007102066960453
"x1",-0.67255905679345,1.98790188647778,-0.338326082070935,0.735117470738947
"x2",-16.3577759123002,5.89118618182953,-2.77665234257122,0.00549218901204963
