"","Estimate","Std. Error","z value","Pr(>|z|)"
"(Intercept)",12.854307727573,5.47311481844532,2.34862745511054,0.0188427490897566
"x1",-21.8839829771982,8.92932223395506,-2.45080000517633,0.014253912586589
"x2",1.25148194459081,1.83024637918493,0.683777855715875,0.494115451868064
