"","Estimate","Std. Error","z value","Pr(>|z|)"
"(Intercept)",8.63875323014283,3.03866291059969,2.84294556003842,0.00446987046754436
"x1",-12.0717615417011,4.31000452818101,-2.80086980483888,0.00509650762065667
"x2",-11.3839530189216,4.0700438913815,-2.79700989048979,0.00515779543446912
