"","Estimate","Std. Error","z value","Pr(>|z|)"
"(Intercept)",-1.27517591289212,1.42970234849075,-0.891917058287169,0.372437390698107
"x1",-11.1525546709692,3.86176307603943,-2.88794378406226,0.00387769168547739
"x2",11.2320730337567,3.84214028534715,2.9233896212985,0.00346242960749381
