"","Estimate","Std. Error","z value","Pr(>|z|)"
"(Intercept)",-2.46539858496008,1.54718228342082,-1.59347648391441,0.111053339700099
"x1",14.6858427128902,4.85349344136186,3.02582931043776,0.00247952233283716
"x2",-4.80727014942051,2.35702107192275,-2.03955331867227,0.0413948355455382
