"","Estimate","Std. Error","z value","Pr(>|z|)"
"(Intercept)",-9.05338524927262,4.67830952652245,-1.93518303950323,0.0529678382634057
"x1",-0.382003095164693,2.54135248404247,-0.150314880585573,0.880516193364983
"x2",20.5990685422108,9.69026576379889,2.12574856503577,0.0335242008137193
