"","Estimate","Std. Error","z value","Pr(>|z|)"
"(Intercept)",2.18430528813703,1.79940923290944,1.21390134505715,0.224785399235604
"x1",-1.49944832757987,1.63127013232815,-0.919190695559327,0.357995836994208
"x2",-4.37428189191527,2.60217570366352,-1.68100942828605,0.0927610832484145
