"","Estimate","Std. Error","z value","Pr(>|z|)"
"(Intercept)",10.09181687355,3.36496248795636,2.99908748156032,0.00270789543010663
"x1",-9.31153286768255,3.46213496880216,-2.68953491172072,0.00715516623220525
"x2",-13.2685303301808,4.24442484056784,-3.12610797188853,0.00177136502648163
