"","Estimate","Std. Error","z value","Pr(>|z|)"
"(Intercept)",1.10652562133171,1.38449542897835,0.799226633885127,0.424159011022529
"x1",-6.88874151563047,3.03828385358009,-2.26731334121836,0.0233710910508594
"x2",5.72900506982068,2.82695545115165,2.026563618994,0.0427070603465092
