"","Estimate","Std. Error","z value","Pr(>|z|)"
"(Intercept)",10.2742314484596,3.71119207777469,2.76844507994862,0.00563244776667559
"x1",-7.26913125966411,4.38997803334577,-1.65584684124809,0.0977528391401052
"x2",-10.9053704762364,4.75482556696987,-2.29353744372712,0.0218170822064151
