"","Estimate","Std. Error","z value","Pr(>|z|)"
"(Intercept)",-16.2457919229836,7.2118983642849,-2.25263739204046,0.0242820214575871
"x1",27.8416184602026,11.8032920468745,2.35880111664059,0.0183340787148012
"x2",-0.977430138134949,1.94084573679431,-0.503610420758822,0.614535168269014
