"","Estimate","Std. Error","z value","Pr(>|z|)"
"(Intercept)",13.5410161601585,6.02842182406746,2.24619586275437,0.0246914651302273
"x1",-0.399809633309147,2.60498540374039,-0.153478646266147,0.878020828602915
"x2",-32.030383760416,13.6225222447036,-2.35128144296988,0.0187088768837076
