"","Estimate","Std. Error","z value","Pr(>|z|)"
"(Intercept)",8.2639088664289,2.56711454641454,3.21914301719454,0.00128574341101025
"x1",-8.42203738866076,2.82397687468234,-2.98233227905173,0.00286061339668804
"x2",-8.05076428389371,2.62753278379138,-3.06400145929936,0.00218397844765923
