"","Estimate","Std. Error","z value","Pr(>|z|)"
"(Intercept)",-2.13418063860949,1.86527890630109,-1.14416167544705,0.252556593672551
"x1",-4.88536463816831,2.95423573683361,-1.65368138272016,0.0981922673079007
"x2",8.19975252841823,3.40016301981445,2.41157629226428,0.0158837283395982
