"","Estimate","Std. Error","z value","Pr(>|z|)"
"(Intercept)",-9.06532728179218,4.42696313209243,-2.04775305583071,0.0405842022809977
"x1",13.6290199429213,6.96387129240463,1.95710393984251,0.0503352493239372
"x2",0.914227537656453,1.84797779963377,0.494717814162938,0.620799324987303
