"","Estimate","Std. Error","z value","Pr(>|z|)"
"(Intercept)",17.027283486464,7.32749339521412,2.32375282625095,0.0201387453904136
"x1",-27.5864227781456,11.833502549659,-2.3312136590481,0.0197420962582693
"x2",-0.598328279222717,1.91659186424756,-0.312183459809068,0.754901101565618
