"","Estimate","Std. Error","z value","Pr(>|z|)"
"(Intercept)",4.09608661871014,2.4042049930692,1.70371770731625,0.088433838390675
"x1",-10.4801358223747,4.86333019768413,-2.15492993409437,0.0311673175232481
"x2",0.0314536388103777,1.89053447297528,0.0166374320383995,0.986725862237371
