"","Estimate","Std. Error","z value","Pr(>|z|)"
"(Intercept)",-8.9564657738326,3.95422592101543,-2.26503643260034,0.0235104438950725
"x1",15.941679131712,6.88823851098034,2.31433320816343,0.020649451552201
"x2",0.230197830119336,2.14039559463941,0.107549198239738,0.914353297074134
