"","Estimate","Std. Error","z value","Pr(>|z|)"
"(Intercept)",0.236399364321869,1.14475682003284,0.206506185580171,0.836395533479205
"x1",7.23346168821944,2.34880875444471,3.07962990794009,0.0020725796131969
"x2",-6.93515907779271,2.29643920340868,-3.01996197743821,0.00252806420400848
