"","Estimate","Std. Error","z value","Pr(>|z|)"
"(Intercept)",5.79864391572897,1.94226865986881,2.98550042820578,0.0028311474165159
"x1",-6.94195067066506,2.32045598686624,-2.99163212315011,0.00277490431627717
"x2",-6.26619937162043,2.24705550956839,-2.78862686966911,0.00529320106096488
