"","Estimate","Std. Error","z value","Pr(>|z|)"
"(Intercept)",-5.08629960945646,2.23103026275546,-2.27979857304784,0.022619637685959
"x1",5.7628584082918,2.52608517683022,2.28133970348662,0.0225283530271273
"x2",6.03443709565851,3.74496302131346,1.61134757841803,0.107103986077608
