"","Estimate","Std. Error","z value","Pr(>|z|)"
"(Intercept)",-27.1298849408796,13.2835364299309,-2.04236914499288,0.0411149279990078
"x1",44.5520596241075,22.1624555892802,2.01024924537952,0.0444048157199445
"x2",-0.0885451426373069,1.84483232047902,-0.0479963092875105,0.961719183980838
