"","Estimate","Std. Error","z value","Pr(>|z|)"
"(Intercept)",-0.599966092171178,0.986790154377942,-0.607997647229657,0.543189034340035
"x1",-0.60310568952012,1.37981865018231,-0.437090547689318,0.66204568205567
"x2",4.32463202636468,1.65743646975178,2.60922943671702,0.00907463759586282
