"","Estimate","Std. Error","z value","Pr(>|z|)"
"(Intercept)",13.2255051211617,5.96433734964612,2.21743076319223,0.026593669458632
"x1",-1.08985777394281,2.52176330630307,-0.432180836012145,0.665609986610026
"x2",-31.4689254411611,14.4859342386171,-2.17237804084947,0.0298271599450683
