"","Estimate","Std. Error","z value","Pr(>|z|)"
"(Intercept)",-0.248743862472912,1.37601496278291,-0.180771190140144,0.856547177458647
"x1",-9.58696400529598,3.21948292116954,-2.97779619896643,0.00290328964288256
"x2",10.8253577959138,3.57453528424791,3.02846578228463,0.00245798911499569
