"","Estimate","Std. Error","z value","Pr(>|z|)"
"(Intercept)",-15.3892142040142,7.94331016699046,-1.93738049761248,0.0526988487962352
"x1",21.7551980177137,10.3006196577775,2.11202808573632,0.0346840403998026
"x2",-0.635654525193136,2.31414741599036,-0.27468195016483,0.783560599626699
