"","Estimate","Std. Error","z value","Pr(>|z|)"
"(Intercept)",-15.1005691684262,6.70236958239714,-2.25301947061913,0.0242579213334253
"x1",24.1556761277817,10.9199679012811,2.2120647556984,0.0269621909167958
"x2",0.667060649934162,1.93083732747005,0.345477394933215,0.729735501573325
