"","Estimate","Std. Error","z value","Pr(>|z|)"
"(Intercept)",-12.4057854518349,6.25272114466301,-1.9840618452054,0.0472489459150176
"x1",-1.12467438583893,1.93880046937003,-0.580087741676878,0.56185544983539
"x2",21.2004177334856,10.273955551156,2.06351075084222,0.0390641274323404
