"","Estimate","Std. Error","z value","Pr(>|z|)"
"(Intercept)",0.335559476081254,1.02499054163624,0.327378119553752,0.743381913550104
"x1",-4.75061726804665,1.73721783301428,-2.73461230812015,0.0062453786125305
"x2",4.1076253377443,1.58695502160461,2.5883690979414,0.00964315908907314
