"","Estimate","Std. Error","z value","Pr(>|z|)"
"(Intercept)",-3.53522469131816,1.46786288337816,-2.40841616158462,0.0160219057443385
"x1",0.797421306100334,1.33898566353919,0.595541332378868,0.55148167932318
"x2",5.29917676451885,2.51463642842807,2.10733317334125,0.0350887097723224
