"","Estimate","Std. Error","z value","Pr(>|z|)"
"(Intercept)",-0.422540331232945,0.863314608810243,-0.489439570373145,0.624530527140229
"x1",0.741606076322791,1.15410749139125,0.64257972663257,0.520496841425221
"x2",0.349158540163749,1.04436183762138,0.334327172428079,0.738132688311665
