"","Estimate","Std. Error","z value","Pr(>|z|)"
"(Intercept)",0.222886046012969,1.01887298809678,0.218757439461922,0.826839002223725
"x1",3.84620678089956,1.59012550473395,2.41880704978887,0.0155714974773643
"x2",-4.73552974880992,1.69168649279277,-2.79929512293506,0.00512143051959269
