"","Estimate","Std. Error","z value","Pr(>|z|)"
"(Intercept)",18.1422627438381,8.29050420780291,2.18831838077627,0.0286464189202147
"x1",-0.941557404704147,3.18281594365756,-0.295825275910283,0.767363519082699
"x2",-33.3151102862029,14.8587870507763,-2.24211506446364,0.0249539366246102
