"","Estimate","Std. Error","z value","Pr(>|z|)"
"(Intercept)",13.6272765338334,4.52878116454353,3.00903842308021,0.00262075969341068
"x1",-7.3646130158449,3.06386805784178,-2.40369783450552,0.0162301824547719
"x2",-12.2248015856281,4.50626488216157,-2.7128457614689,0.00667081478781915
