"","Estimate","Std. Error","z value","Pr(>|z|)"
"(Intercept)",0.661264179586189,0.716882829763818,0.922415982265954,0.35631163638637
"x1",3.85285656911503,2.39375507065461,1.60954502670209,0.107497217687473
"x2",-2.25547821919416,2.01166634593433,-1.12119896212042,0.262203181425971
