"","Estimate","Std. Error","z value","Pr(>|z|)"
"(Intercept)",15.6004591863301,5.00087381052625,3.11954665872452,0.00181129571504934
"x1",-11.7983693173929,4.15589507466224,-2.83894783324186,0.00452625559730985
"x2",-12.5931263235266,4.50902114797913,-2.79287364379976,0.00522420943072403
