"","Estimate","Std. Error","z value","Pr(>|z|)"
"(Intercept)",9.47270822035969,3.56091686179815,2.66018797630009,0.0078097051389033
"x1",-0.0851389631913156,1.87704388722431,-0.0453580034919778,0.963821954871071
"x2",-14.7602629846363,5.1082615354823,-2.88948850447664,0.00385869115102402
