"","Estimate","Std. Error","z value","Pr(>|z|)"
"(Intercept)",-2.4105481209809,1.14197324262848,-2.11086217347137,0.0347841602224511
"x1",6.73829827173679,2.12434113967602,3.17194736094243,0.00151420450487799
"x2",-0.118285542650772,1.28927693737742,-0.0917456437958022,0.926900131787122
