"","Estimate","Std. Error","z value","Pr(>|z|)"
"(Intercept)",-4.49634754058294,2.04320758048835,-2.20063178285011,0.0277621016880691
"x1",6.20429273217834,2.64557581273059,2.34515779223679,0.0190190286470704
"x2",5.5558727928186,2.6273847015787,2.11460194218239,0.034463887997153
