"","Estimate","Std. Error","z value","Pr(>|z|)"
"(Intercept)",-8.63272942291794,4.10069414233503,-2.10518734713588,0.0352750032187077
"x1",18.9140376182294,8.29523284417884,2.28010930778179,0.0226012063311185
"x2",-0.301362042037375,1.91702868432845,-0.15720267750868,0.87508511819283
