"","Estimate","Std. Error","z value","Pr(>|z|)"
"(Intercept)",10.5065993970588,5.23566827064931,2.00673512032034,0.0447778743681843
"x1",-3.39552136748764,3.84291204354426,-0.883580297704654,0.376922818596963
"x2",-15.0859567142383,6.92141703833821,-2.17960522110952,0.0292867374562676
