"","Estimate","Std. Error","z value","Pr(>|z|)"
"(Intercept)",11.3807941247514,4.97384217896662,2.28812932040315,0.0221299912189054
"x1",-28.8298807199653,12.2347692267785,-2.35638941655432,0.018453561133807
"x2",0.21810082128929,1.95248294110916,0.111704341532117,0.911057836833393
