"","Estimate","Std. Error","z value","Pr(>|z|)"
"(Intercept)",2.33827342264926,2.09869735694704,1.11415465165055,0.265212846211812
"x1",-2.73211935020266,2.36710368400438,-1.15420349715344,0.248416749164082
"x2",-3.62329481691399,2.16826981652371,-1.67105347743255,0.094711115382605
