"","Estimate","Std. Error","z value","Pr(>|z|)"
"(Intercept)",18.3768876764896,7.95564473508242,2.30991808815344,0.0208926894495239
"x1",-0.409242539401562,2.4681657117113,-0.165808372371324,0.868307757131162
"x2",-31.0038688209652,13.2492478331453,-2.34004746619681,0.0192812891975157
