"","Estimate","Std. Error","z value","Pr(>|z|)"
"(Intercept)",-8.30515448968489,4.05770664845938,-2.04676069740975,0.0406815863634084
"x1",13.3903586430731,6.67717902568692,2.00539158701013,0.0449212004041288
"x2",0.130966608103226,2.41745140934805,0.0541754872907851,0.956795350304833
