"","Estimate","Std. Error","z value","Pr(>|z|)"
"(Intercept)",6.58503866155975,3.0688741415685,2.14575064267515,0.0318928784048576
"x1",-4.43975172539452,3.4887601727156,-1.27258725323578,0.203164544151522
"x2",-8.5873820651347,3.40108414236822,-2.52489550557111,0.0115732695845468
