"","Estimate","Std. Error","z value","Pr(>|z|)"
"(Intercept)",4.43748711104996,1.49257716960442,2.9730369735094,0.00294868929047877
"x1",-4.16505459438846,1.7340758350009,-2.40188722449171,0.0163107360241451
"x2",-1.76667167295276,1.31584633957517,-1.34261244631585,0.179397498069162
