"","Estimate","Std. Error","z value","Pr(>|z|)"
"(Intercept)",13.4921364102667,6.32470788617909,2.13324261816898,0.0329048286964246
"x1",-0.961240645558194,2.58397080723552,-0.37200135654264,0.709891839344554
"x2",-21.9565465418985,10.3871842792796,-2.11381120730644,0.0345313953655392
