"","Estimate","Std. Error","z value","Pr(>|z|)"
"(Intercept)",-6.61199889552559,2.77626951479834,-2.38161275779663,0.0172370127757734
"x1",1.74371796246309,3.39722410702863,0.513277283902304,0.607757371755862
"x2",12.1532408630437,5.40159350228756,2.24993621935765,0.0244529943513757
