"","Estimate","Std. Error","z value","Pr(>|z|)"
"(Intercept)",-1.73297746954404,2.62789072429825,-0.659455681897433,0.509603196030349
"x1",-6.26350152261774,3.81659811475312,-1.6411215785089,0.100772180278731
"x2",5.57469240263531,3.0767976668982,1.81184887866069,0.0700095502323405
