"","Estimate","Std. Error","z value","Pr(>|z|)"
"(Intercept)",0.971978494512023,1.43031436993766,0.679555847959766,0.49678573414307
"x1",12.0038950266858,3.99756207389512,3.00280391018157,0.00267504732178769
"x2",-10.553829518863,3.6901416942383,-2.86000657788874,0.00423632220993899
