"","Estimate","Std. Error","z value","Pr(>|z|)"
"(Intercept)",3.49680641281081,1.47990453854604,2.36285944243831,0.0181345460843745
"x1",-8.06114455584533,2.42851637141038,-3.31937006920969,0.000902207789960613
"x2",2.68143271391606,1.61067925649704,1.6647837880198,0.0959558994826196
