"","Estimate","Std. Error","z value","Pr(>|z|)"
"(Intercept)",9.80622778676137,4.61560897870638,2.12457940696479,0.0336217236954843
"x1",-0.965896119285012,3.57522237409717,-0.270163927783352,0.787034142600565
"x2",-15.1040968244969,7.05515123140701,-2.14086081631516,0.0322852638265225
