"","Estimate","Std. Error","z value","Pr(>|z|)"
"(Intercept)",-15.0280139376392,7.93248745536358,-1.89448946779966,0.0581600710367933
"x1",26.9113610890677,13.1292467044698,2.04972621010358,0.0403911558337666
"x2",-0.475198121300875,1.9169988353491,-0.247886494523789,0.804222229660062
