"","Estimate","Std. Error","z value","Pr(>|z|)"
"(Intercept)",9.87648192577681,5.46424869007853,1.80747299143057,0.0706885621547154
"x1",-16.5495093763594,8.63756442231369,-1.91599258392869,0.0553660396581817
"x2",-1.05480348473781,2.16486622238015,-0.487237259204917,0.626090203954929
