"","Estimate","Std. Error","z value","Pr(>|z|)"
"(Intercept)",-7.37864600679369,2.60577740722605,-2.83164862291462,0.00463087067621864
"x1",4.22550957334439,2.47188576757103,1.70942752645748,0.0873717856896082
"x2",13.0643379323833,4.1113329378445,3.17764047083785,0.00148478744903306
