"","Estimate","Std. Error","z value","Pr(>|z|)"
"(Intercept)",-0.326734956899639,1.03839469058662,-0.31465391711032,0.753024436957417
"x1",1.49467227947214,3.18426250154766,0.469393549917974,0.638788357949025
"x2",-0.793479530642121,2.25316137343903,-0.352162761174546,0.724716202571623
