"","Estimate","Std. Error","z value","Pr(>|z|)"
"(Intercept)",-3.53481956115529,1.93854251016771,-1.82344186037452,0.0682364951496771
"x1",11.6509432825833,3.75984311323157,3.09878442576008,0.00194316352954231
"x2",-7.44625431067809,2.81542981518477,-2.64480196612162,0.00817387388196174
