"","Estimate","Std. Error","z value","Pr(>|z|)"
"(Intercept)",0.81465163117102,1.00494251186937,0.810645008594198,0.417569561775726
"x1",-4.70862722464138,1.652339701902,-2.84967263040481,0.00437642487929442
"x2",3.69916577475828,1.55275965215544,2.38231703768406,0.0172040787546085
