"","Estimate","Std. Error","z value","Pr(>|z|)"
"(Intercept)",2.00906961723456,1.09039866790763,1.84250923663523,0.0654006966972254
"x1",-0.508817321070276,1.35941484004516,-0.374291427518455,0.7081875092021
"x2",-0.556426463830295,1.24710909870022,-0.446173044852471,0.65547225228356
