"","Estimate","Std. Error","z value","Pr(>|z|)"
"(Intercept)",-0.350289728824191,1.45023908247143,-0.241539297249694,0.809137163093053
"x1",-13.06493004571,4.43067509590975,-2.94874477656263,0.00319067355057765
"x2",12.5867225217258,4.32228899592513,2.91205019691927,0.00359064927952651
