"","Estimate","Std. Error","z value","Pr(>|z|)"
"(Intercept)",7.06470018500022,3.56253173920443,1.98305606859741,0.047361167007969
"x1",-11.8167455868855,5.16921254908113,-2.28598562637669,0.0222550994629064
"x2",0.754749480125401,2.1034003482892,0.358823502496458,0.719727129491758
