"","Estimate","Std. Error","z value","Pr(>|z|)"
"(Intercept)",6.57679166465654,3.06361206504552,2.14674427604424,0.0318136457904637
"x1",-15.5661709054489,6.73924975602616,-2.30977801223791,0.0209004472137142
"x2",0.121941925392666,1.89016333289292,0.0645139619791648,0.948560990219244
