"","Estimate","Std. Error","z value","Pr(>|z|)"
"(Intercept)",-14.1844687247882,6.56498569442631,-2.16062446820422,0.0307243597577931
"x1",1.51723004825955,2.52617647541126,0.600603347797603,0.548104207637195
"x2",33.3858423880346,15.7128929993957,2.12474191667433,0.0336081537841718
