"","Estimate","Std. Error","z value","Pr(>|z|)"
"(Intercept)",13.1473126977618,6.72096227906912,1.95616522632571,0.0504456934386784
"x1",-30.940534331775,14.4721414986968,-2.13793752186304,0.032521814397296
"x2",0.107637791853982,1.88797640045081,0.057012254935115,0.954535432994161
