"","Estimate","Std. Error","z value","Pr(>|z|)"
"(Intercept)",-0.277997278004298,1.58377918238053,-0.175527801537616,0.860664927410256
"x1",-7.59262626901885,2.83527126141536,-2.67791881938965,0.00740811709694059
"x2",6.5241811739355,2.88110556684425,2.26447140605181,0.0235451364900632
