"","Estimate","Std. Error","z value","Pr(>|z|)"
"(Intercept)",-0.438974346960625,1.2546714576792,-0.349871947970036,0.726434800378353
"x1",-0.0739864217122953,1.00265365018135,-0.0737906072539741,0.941177000975645
"x2",-0.753406620096097,2.57328344903709,-0.292780268873224,0.769690110872938
