"","Estimate","Std. Error","z value","Pr(>|z|)"
"(Intercept)",3.45172360846344,2.7865676585398,1.23870080738402,0.215456319594786
"x1",1.09291645558406,2.74909725160755,0.397554671790883,0.69095847884333
"x2",-9.15070969457381,3.74811761733306,-2.44141476570976,0.0146298413742802
