"","Estimate","Std. Error","z value","Pr(>|z|)"
"(Intercept)",-0.136616438521042,0.932539918075153,-0.146499292816366,0.883527248146788
"x1",-2.37493089427924,1.30467709035398,-1.82032083788249,0.068710159861525
"x2",2.68387406492037,1.28049260306422,2.09596998725167,0.0360848534149313
