"","Estimate","Std. Error","z value","Pr(>|z|)"
"(Intercept)",1.68461377859053,1.10157865786543,1.52927234615716,0.12619694214886
"x1",5.36396490979117,2.7477022679127,1.9521638033461,0.0509187601295635
"x2",-5.9367121994105,2.86215905923672,-2.074207644139,0.0380600306135994
