"","Estimate","Std. Error","z value","Pr(>|z|)"
"(Intercept)",-0.855163703602732,1.00839569179982,-0.848043789314896,0.396413584275615
"x1",-4.02716873887885,3.20936647101805,-1.25481735266007,0.209545071771438
"x2",2.22150681393888,2.06765895613443,1.07440678616172,0.28264040230449
