"","Estimate","Std. Error","z value","Pr(>|z|)"
"(Intercept)",1.39982002177587,0.947240836484117,1.47778681815661,0.139464847736454
"x1",-2.10595704956329,1.29260590318319,-1.62923366230738,0.103263563376364
"x2",1.06491595316012,1.14036481301691,0.933837962206861,0.350387483999035
