"","Estimate","Std. Error","z value","Pr(>|z|)"
"(Intercept)",-15.7814882088729,7.41990012698656,-2.12691383155884,0.0334272434067021
"x1",0.531615331210108,2.80112352304758,0.189786464908095,0.849476462571715
"x2",27.3592002781018,13.177240166116,2.07624661410159,0.0378711480546999
