"","Estimate","Std. Error","z value","Pr(>|z|)"
"(Intercept)",-6.67024819066463,3.13333135534152,-2.12880395790046,0.0332704833417319
"x1",0.890151385322217,1.83348822027139,0.485496102718597,0.627324476564551
"x2",13.9699570726403,6.53826362740445,2.13664634354704,0.0326267672257187
