"","Estimate","Std. Error","z value","Pr(>|z|)"
"(Intercept)",10.6020918745898,5.11674131634735,2.07203984315515,0.0382617256480341
"x1",-27.4729164135324,12.1786255964782,-2.2558306104325,0.0240812415134982
"x2",0.853329096197559,1.86226726946711,0.45822053052661,0.646794011361171
