"","Estimate","Std. Error","z value","Pr(>|z|)"
"(Intercept)",1.12618012984476,1.65505525573254,0.680448659308544,0.496220419537601
"x1",0.0839771324458514,1.11090924990558,0.0755931525936875,0.939742784316665
"x2",-2.65848847888628,2.44615058578436,-1.08680491476523,0.277123035261249
