"","Estimate","Std. Error","z value","Pr(>|z|)"
"(Intercept)",-11.6211111109699,5.38738204038001,-2.1570980160431,0.0309980281712895
"x1",29.2481178706065,12.7804573491779,2.28850322578542,0.0221082324734635
"x2",-0.237751736205918,1.93201689375328,-0.123058828820096,0.902060513255933
