"","Estimate","Std. Error","z value","Pr(>|z|)"
"(Intercept)",4.27862583881597,1.82652231686382,2.34249852811131,0.0191551095343196
"x1",-6.22648054555218,2.65324699467062,-2.34673988439782,0.0189384708789323
"x2",-2.66227066032182,2.37891019222041,-1.11911356260025,0.263091694533342
