"","Estimate","Std. Error","z value","Pr(>|z|)"
"(Intercept)",0.796329195350674,0.861500560392153,0.924351337610491,0.355303421948662
"x1",-0.801324616109424,1.16241972164768,-0.689359102556847,0.49059731333956
"x2",0.234442033657971,1.05186505527875,0.222882234257552,0.823627163626574
