"","Estimate","Std. Error","z value","Pr(>|z|)"
"(Intercept)",-0.83483566547164,1.01648985293864,-0.82129267012175,0.411479581831865
"x1",-0.918712943953948,1.37667321537857,-0.66734278962587,0.504553200205965
"x2",5.29291801734588,1.87614469998266,2.82116726785241,0.00478492463909603
