"","Estimate","Std. Error","z value","Pr(>|z|)"
"(Intercept)",10.5637379648596,3.9893255916114,2.64800095210896,0.0080969297172342
"x1",-8.90861106504191,3.71898297493256,-2.39544282001007,0.0166003032372407
"x2",-9.82781275938575,3.88785832320165,-2.5278217317581,0.0114772612012431
