"","Estimate","Std. Error","z value","Pr(>|z|)"
"(Intercept)",-3.06759689586386,2.41065275885193,-1.27251711578933,0.203189446720098
"x1",5.64028542129478,2.95992977191132,1.9055470419667,0.056708998594941
"x2",2.56817591471344,2.05970928433697,1.24686329971084,0.212447625595907
