"","Estimate","Std. Error","z value","Pr(>|z|)"
"(Intercept)",-7.84129201710078,2.75589350785998,-2.84528121088022,0.00443722305356128
"x1",12.6857231168869,4.19904215378571,3.02109925365953,0.00251858786663716
"x2",0.220554876902806,1.5330544785931,0.143866300893111,0.885606046798028
