"","Estimate","Std. Error","z value","Pr(>|z|)"
"(Intercept)",-3.59913888483094,1.64294906959902,-2.19065761162599,0.0284765786977542
"x1",12.4498302843215,4.00136285556182,3.11139747474199,0.00186204120340798
"x2",-1.87324540477116,1.59523522023133,-1.17427535514137,0.240284751348569
