"","Estimate","Std. Error","z value","Pr(>|z|)"
"(Intercept)",-11.6221994365808,5.53765788432153,-2.09875721457732,0.0358383082255032
"x1",18.7688524401982,8.34911485946496,2.24800505875433,0.0245758673462939
"x2",0.325462218753721,2.23957691278194,0.145323081737542,0.88445579157747
