"","Estimate","Std. Error","z value","Pr(>|z|)"
"(Intercept)",-14.2660922831322,6.38910422984462,-2.23287831437979,0.0255569700048916
"x1",0.315665845962646,2.8224496595548,0.111841089846909,0.91094940689942
"x2",22.9628993026083,11.1971741054765,2.05077630179718,0.0402887364023165
