"","Estimate","Std. Error","z value","Pr(>|z|)"
"(Intercept)",1.58718220282011,1.20601568688121,1.31605435989361,0.18815579802606
"x1",-7.30024950245101,2.31779536265086,-3.14965230325672,0.00163464879919803
"x2",5.15703833842398,1.98345416741824,2.6000289914118,0.00932158849821082
