"","Estimate","Std. Error","z value","Pr(>|z|)"
"(Intercept)",-4.10254774219169,1.66702022353887,-2.46100658184129,0.013854782435985
"x1",0.0256153406706229,1.74224876272592,0.0147024588099263,0.988269557724463
"x2",11.2499106854992,3.65389021826161,3.07888579390639,0.00207776315558367
