"","Estimate","Std. Error","z value","Pr(>|z|)"
"(Intercept)",0.89940155204816,0.854760984988082,1.05222578924879,0.292695970080986
"x1",-0.51632863696645,1.13722340430016,-0.454025686610095,0.649810338927618
"x2",-1.27428850814238,1.05443934124387,-1.20849863837512,0.226855519223517
