"","Estimate","Std. Error","z value","Pr(>|z|)"
"(Intercept)",-11.6523995202451,3.62827940557566,-3.21154966796068,0.00132021147015776
"x1",11.4927861048202,3.70266458976608,3.10392308733161,0.00190972969164157
"x2",7.95710150642278,2.94826760203316,2.6989074875481,0.00695675121996711
