"","Estimate","Std. Error","z value","Pr(>|z|)"
"(Intercept)",1.2664381543017,1.68502044384396,0.751586224919996,0.452299929801328
"x1",9.02880988098032,4.46737427920823,2.02105516947654,0.0432740543895132
"x2",-10.120458943325,3.96187862692943,-2.5544596128046,0.0106352766969315
