"","Estimate","Std. Error","z value","Pr(>|z|)"
"(Intercept)",-5.5106008006259,2.89055429120775,-1.90641664036119,0.0565961714642525
"x1",12.9150084006609,7.28643783421089,1.77247218661814,0.0763162082735859
"x2",-0.658855384380759,2.28019150407997,-0.288947390252907,0.772621637505153
