"","Estimate","Std. Error","z value","Pr(>|z|)"
"(Intercept)",-4.77243078195685,2.18692493344524,-2.18225633123971,0.0290906199560507
"x1",4.53869573110856,2.51802386237487,1.80248320872857,0.0714694141771675
"x2",5.31819836257272,2.86401307606342,1.85690435809133,0.0633247624392409
