"","Estimate","Std. Error","z value","Pr(>|z|)"
"(Intercept)",-2.20476526124601,2.20735905100221,-0.99882493527502,0.317879504496195
"x1",13.183118171923,6.47276783806078,2.03670493083413,0.0416796201131651
"x2",0.65561809424013,2.46286749810914,0.266201123179984,0.790084318053033
