"","Estimate","Std. Error","z value","Pr(>|z|)"
"(Intercept)",8.78055240929149,2.76755214336332,3.17267822047998,0.00151039824929904
"x1",-9.17965795463676,3.10025218302667,-2.96093911485451,0.00306702563527203
"x2",-9.85893814691261,3.18421533522176,-3.09619077512105,0.00196024198943824
