"","Estimate","Std. Error","z value","Pr(>|z|)"
"(Intercept)",-4.29809545034044,2.09076761609323,-2.05574996343773,0.0398066232643503
"x1",7.36690879038464,3.56832139982281,2.06453061956539,0.038967433825262
"x2",4.21346462471239,2.61815731896338,1.60932446426888,0.107545412401578
