"","Estimate","Std. Error","z value","Pr(>|z|)"
"(Intercept)",0.211365912608731,1.11770525177517,0.189107022869432,0.850008937346091
"x1",-6.5764651127225,3.05256798018289,-2.15440414608833,0.0312084917198322
"x2",5.36565936852516,2.8737654191701,1.86711807885652,0.0618851002843168
