"","Estimate","Std. Error","z value","Pr(>|z|)"
"(Intercept)",-1.45619437719682,1.51747790312208,-0.959614880849876,0.337249076873004
"x1",-10.708038420924,3.80301765912163,-2.81566886633844,0.00486758084339678
"x2",12.8296512712092,4.25645115641356,3.01416621494121,0.00257686586911248
