"","Estimate","Std. Error","z value","Pr(>|z|)"
"(Intercept)",11.3439990896491,3.79760677094124,2.98714421315336,0.0028159685242824
"x1",-13.7273906643544,4.6591802457035,-2.94631028216029,0.0032158962826437
"x2",-10.8246103979407,3.84134081460226,-2.8179250215947,0.00483350955538479
