"","Estimate","Std. Error","z value","Pr(>|z|)"
"(Intercept)",-111.242621252061,52.8250598940189,-2.10586834118584,0.0352157903715389
"x1",187.903070199842,89.4132545268202,2.10151247926535,0.0355960036936771
"x2",0.471149562174259,2.3185877070716,0.20320540850677,0.838974485650269
