"","Estimate","Std. Error","z value","Pr(>|z|)"
"(Intercept)",-5.80970530184528,3.18783503324303,-1.82246108762253,0.0683850528571959
"x1",0.975435928624206,3.1277247633732,0.311867572251535,0.755141167833631
"x2",13.815201857081,6.30464858136857,2.19127230943649,0.0284320926431645
