"","Estimate","Std. Error","z value","Pr(>|z|)"
"(Intercept)",-2.57245164142913,1.10285837775793,-2.33253125995999,0.0196727603966792
"x1",0.723860873068449,1.28566761081421,0.563023340542919,0.573418990452438
"x2",3.69828519392691,1.38936947876343,2.66184427573468,0.00777138226040873
