"","Estimate","Std. Error","z value","Pr(>|z|)"
"(Intercept)",-1.23627193090072,3.41842503611135,-0.361649566054855,0.717613919843419
"x1",1.85399136911523,3.55051955028299,0.522174668484072,0.601548721599918
"x2",-0.907282196226935,2.54770430674651,-0.356117542300488,0.721752540433477
