"","Estimate","Std. Error","z value","Pr(>|z|)"
"(Intercept)",11.6691854945304,5.96268214082068,1.95703631670098,0.0503431987295423
"x1",-28.9138901686594,13.5812638220303,-2.12895431143587,0.0332580406319793
"x2",-0.719348844748262,1.77298070199829,-0.405728524815582,0.684942080911688
