"","Estimate","Std. Error","z value","Pr(>|z|)"
"(Intercept)",-8.56216764214591,4.38861031606343,-1.95099747425881,0.0510573462408912
"x1",0.247199800134013,2.96605901654999,0.0833428460980344,0.933578932518439
"x2",14.1900344069964,6.48402857296078,2.18845957375491,0.0286361428995514
