"","Estimate","Std. Error","z value","Pr(>|z|)"
"(Intercept)",20.8456288150618,9.28837537277595,2.24427071241759,0.0248149887454616
"x1",0.312940234735042,2.24046350652909,0.139676559704312,0.888915547473445
"x2",-29.0669466125934,12.9490086700968,-2.24472369685858,0.0247858758095233
