"","Estimate","Std. Error","z value","Pr(>|z|)"
"(Intercept)",2.83884342244358,1.17845916825599,2.40894508601839,0.0159987050291817
"x1",-0.391235213595595,1.29022002302404,-0.303231392021502,0.761713527158013
"x2",-3.98441963708917,1.49695781068317,-2.66167797693028,0.00777522239994799
