"","Estimate","Std. Error","z value","Pr(>|z|)"
"(Intercept)",12.8481640962176,7.49352388999547,1.71456904452805,0.0864242682253111
"x1",0.107290511755017,2.53134907162649,0.0423847161016316,0.966192012184497
"x2",-23.75213314185,12.1679767667347,-1.9520199288007,0.050935838606812
