"","Estimate","Std. Error","z value","Pr(>|z|)"
"(Intercept)",-1.88300175519459,0.999612666310576,-1.88373138782292,0.0596013184940492
"x1",4.02918012948168,1.45354265765761,2.77197240015971,0.00557177605283141
"x2",-0.275122402971374,1.12899475894464,-0.243687936362568,0.807472517150407
