"","Estimate","Std. Error","z value","Pr(>|z|)"
"(Intercept)",16.95449050676,6.88780103714458,2.46152442780035,0.0138347976240267
"x1",-1.13129972587719,3.66562086926383,-0.308624313922674,0.757607323333257
"x2",-25.7854686645824,10.3315805413557,-2.49579128395381,0.0125676524308775
