"","Estimate","Std. Error","z value","Pr(>|z|)"
"(Intercept)",-1.4346040913004,1.36175650874567,-1.05349530704416,0.292114044014352
"x1",-10.1462610520233,3.40599151468879,-2.97894489997002,0.00289242785929132
"x2",10.6426566823385,3.60158653299364,2.95499124756343,0.00312677921254575
