"","Estimate","Std. Error","z value","Pr(>|z|)"
"(Intercept)",5.9660333690166,1.98262688100044,3.00915589624514,0.00261974652170017
"x1",-9.78781630757713,3.07407977497179,-3.18398253268068,0.00145263777765989
"x2",-0.780781423750702,1.41484326574814,-0.55185011842131,0.581051046225435
