"","Estimate","Std. Error","z value","Pr(>|z|)"
"(Intercept)",9.73748545961354,4.8546112214702,2.00582189085465,0.0448752542086064
"x1",-25.7619831107529,10.9198797645622,-2.35918193846394,0.0183152737715926
"x2",1.43619289899941,2.02134987980531,0.710511778959184,0.477386829186425
