"","Estimate","Std. Error","z value","Pr(>|z|)"
"(Intercept)",2.38823797785906,2.07294209954106,1.1521006681218,0.249279708629249
"x1",8.10069122089006,3.31109467199971,2.44652962942848,0.0144238941276612
"x2",-9.54238031976312,3.95962971415888,-2.40991734293775,0.0159561350394838
