"","Estimate","Std. Error","z value","Pr(>|z|)"
"(Intercept)",2.5084440857663,1.89740406827588,1.32204000597809,0.186154829552215
"x1",3.78228798392098,2.99596318425555,1.26246143604092,0.206782794490137
"x2",-6.81238137273397,3.36465628957567,-2.02468864170168,0.042899345668216
