"","Estimate","Std. Error","z value","Pr(>|z|)"
"(Intercept)",1.95567922282501,1.5986040321648,1.22336687727271,0.221191157946785
"x1",8.33412741824733,3.3228815413652,2.50810247506545,0.0121381459874262
"x2",-14.7889971433975,5.06740010556785,-2.9184585458622,0.0035176664358735
