"","Estimate","Std. Error","z value","Pr(>|z|)"
"(Intercept)",5.03502705448959,1.91873025388801,2.62414534001686,0.00868667083681881
"x1",1.31717026477682,1.57900825268248,0.834175668517983,0.404182000048273
"x2",-8.20220474826039,2.74436215246215,-2.98874721796525,0.00280123780808449
