"","Estimate","Std. Error","z value","Pr(>|z|)"
"(Intercept)",6.30657704515987,2.71204930742844,2.32539173527776,0.0200510230092834
"x1",-5.57099522420884,2.7098311515622,-2.05584588582104,0.0397973735242634
"x2",-5.49780188046537,3.00298412032797,-1.83077953800999,0.067133455668803
