"","Estimate","Std. Error","z value","Pr(>|z|)"
"(Intercept)",-2.28911654961258,1.44165886289129,-1.58783510339033,0.112323631399725
"x1",-5.80881873844135,2.34339131292398,-2.47880868483436,0.0131821991077776
"x2",11.0434744974007,3.53496533208668,3.12406868524558,0.00178368814406297
