"","Estimate","Std. Error","z value","Pr(>|z|)"
"(Intercept)",-0.107371477785631,1.51036116801609,-0.0710899353474949,0.943326178333998
"x1",-2.76209864677804,2.24048325977354,-1.23281378458379,0.217645247240099
"x2",4.8958108605724,2.22912924744115,2.19628846833012,0.0280713025945234
