"","Estimate","Std. Error","z value","Pr(>|z|)"
"(Intercept)",10.5778596986311,4.67140354442291,2.26438576715553,0.0235503985880942
"x1",-15.9682027049449,7.11468908249183,-2.24439923091512,0.024806725959937
"x2",-0.664210329730425,2.21544834794371,-0.299808537782846,0.764323202529019
