"","Estimate","Std. Error","z value","Pr(>|z|)"
"(Intercept)",-0.717615108309576,1.14534521160537,-0.626549184506329,0.530954786804697
"x1",5.01730320136438,2.26379034793045,2.21632855973221,0.0266690084435968
"x2",-4.3164576346675,2.29801955431503,-1.8783380787872,0.0603349304999931
