"","Estimate","Std. Error","z value","Pr(>|z|)"
"(Intercept)",5.23644737432007,2.47374505732377,2.11680963598777,0.0342760072227398
"x1",-11.8333397385592,5.69878568698031,-2.07646688058372,0.0378507911921984
"x2",-0.732113764406691,1.50725612706502,-0.48572618233922,0.627161317598005
