"","Estimate","Std. Error","z value","Pr(>|z|)"
"(Intercept)",-1.56382620985597,2.78647291079237,-0.561220675714833,0.574647109794236
"x1",-6.75097447750247,3.3647742811835,-2.00636771246597,0.0448170304956165
"x2",10.4617429051361,4.36194369706183,2.39841310014685,0.0164662830930631
