"","Estimate","Std. Error","z value","Pr(>|z|)"
"(Intercept)",-2.50049512274693,1.90989082929814,-1.30923458262053,0.190454901166541
"x1",3.54413347572403,2.78631595581337,1.27197831542742,0.203380823976836
"x2",-1.67770204499763,2.15711840797641,-0.777751484941192,0.43671553391983
