"","Estimate","Std. Error","z value","Pr(>|z|)"
"(Intercept)",-0.136733975120053,1.2526885273352,-0.109152412699845,0.913081603869643
"x1",-10.4994464462598,3.61959802575119,-2.9007216744961,0.00372304400404668
"x2",12.499313955718,4.04346200806653,3.09124060787078,0.00199322048341927
