"","Estimate","Std. Error","z value","Pr(>|z|)"
"(Intercept)",1.10163161397793,1.90127473570419,0.579417373665309,0.562307583996972
"x1",7.60537775199079,3.39372894746817,2.24100918774454,0.0250254798759145
"x2",-7.75633634196564,3.4758696625289,-2.23148077892036,0.0256492993280795
