"","Estimate","Std. Error","z value","Pr(>|z|)"
"(Intercept)",-20.9602005776504,9.98808518770977,-2.09852040543684,0.0358591992732583
"x1",34.2577959787273,16.200083869995,2.11466781614495,0.0344582692339445
"x2",0.596761597434871,1.84244282722368,0.323896941938824,0.74601605927639
