"","Estimate","Std. Error","z value","Pr(>|z|)"
"(Intercept)",1.50160726788305,1.05850443523734,1.41861216438489,0.156012117477132
"x1",1.36590118715772,1.43787413253368,0.949944891734622,0.342140254857753
"x2",-1.23849527229559,1.30849212070481,-0.946505716540721,0.343890707937891
