"","Estimate","Std. Error","z value","Pr(>|z|)"
"(Intercept)",5.90818424068888,3.37520501742377,1.75046677466677,0.0800378024845775
"x1",-15.8304710613083,7.33056103595327,-2.15951698426172,0.0308100811203985
"x2",0.219901041874065,1.90957320185834,0.115157167926353,0.908320547793039
