"","Estimate","Std. Error","z value","Pr(>|z|)"
"(Intercept)",-1.34933992882243,1.89955160718241,-0.710346549006847,0.477489260452879
"x1",-5.8535885949214,3.49831092158691,-1.67326138988986,0.0942758497347767
"x2",6.76514531704323,3.21372411937929,2.105079672598,0.0352843733606151
