"","Estimate","Std. Error","z value","Pr(>|z|)"
"(Intercept)",-0.310752435279288,0.89452486031678,-0.347393850148828,0.728295452876621
"x1",2.87392246481723,1.39922528451849,2.05393834475069,0.0399816594742169
"x2",-0.0372531921419541,1.16941939425669,-0.0318561435913529,0.974586773216985
