"","Estimate","Std. Error","z value","Pr(>|z|)"
"(Intercept)",-11.7413828397883,5.33797574764275,-2.19959463940488,0.0278356678581469
"x1",31.6773794282846,13.86481814357,2.28473097160495,0.0223286073992897
"x2",-0.0485234946664693,2.04774309016725,-0.023696085167845,0.981095028713919
