"","Estimate","Std. Error","z value","Pr(>|z|)"
"(Intercept)",2.3811174764639,1.56187198956352,1.52452793338673,0.127376884455405
"x1",9.19483599084447,3.29721882464618,2.78866416815121,0.00529259155749418
"x2",-10.3479906154544,3.43552159809454,-3.01205808782974,0.00259482938727263
