"","Estimate","Std. Error","z value","Pr(>|z|)"
"(Intercept)",9.3205710105037,4.19195661812736,2.22344166688142,0.026186032711469
"x1",1.26784177290294,1.7320710806045,0.731980221308504,0.464180640019165
"x2",-14.3354887876421,6.27874059851563,-2.28317901698809,0.0224198255885758
