"","Estimate","Std. Error","z value","Pr(>|z|)"
"(Intercept)",10.648874885335,3.50327923724297,3.03968772232826,0.00236823562547714
"x1",-11.3185065988303,3.97351456528412,-2.84848750718521,0.00439275779558056
"x2",-12.8129028456172,4.25692256929736,-3.00989802775107,0.00261335412656347
