"","Estimate","Std. Error","z value","Pr(>|z|)"
"(Intercept)",-21.2059051675995,8.15259203111698,-2.60112429110403,0.00929187822758812
"x1",59.003127086235,23.1604061761891,2.54758602406961,0.0108471105819331
"x2",0.218303846341411,1.99033016144395,0.109682227888782,0.912661395457989
