"","Estimate","Std. Error","z value","Pr(>|z|)"
"(Intercept)",-69.4402052946788,38.0431034791714,-1.82530337811943,0.0679552606942329
"x1",112.897398864397,63.2768076375589,1.78418291123437,0.0743939481833575
"x2",1.1484040917069,2.09125082308151,0.549146988506476,0.582904580871779
