"","Estimate","Std. Error","z value","Pr(>|z|)"
"(Intercept)",-18.538397609656,7.88150103176026,-2.352140478692,0.0186657240937842
"x1",-0.886562118222342,2.47068814646479,-0.358832060408307,0.719720727006884
"x2",31.6173560320929,13.4335528061701,2.35361087928809,0.0185920620812494
