"","Estimate","Std. Error","z value","Pr(>|z|)"
"(Intercept)",-16.7794956941999,7.28277265716668,-2.30399828253431,0.0212227399968828
"x1",27.0409402421304,11.5554864001878,2.34009537164016,0.0192788161018727
"x2",0.728827061172987,1.90195929124708,0.383198034010027,0.701572935612001
