"","Estimate","Std. Error","z value","Pr(>|z|)"
"(Intercept)",5.25505915348919,2.17614739867126,2.4148452244999,0.0157418973137853
"x1",-6.12434074115275,2.74806974805995,-2.22859727103955,0.0258407127963061
"x2",-3.58767668513742,2.43819004709193,-1.47145079581327,0.141169244902501
