"","Estimate","Std. Error","z value","Pr(>|z|)"
"(Intercept)",3.76632792192138,2.51436260880854,1.49792552145297,0.134152602027539
"x1",1.80558932213129,1.90298864909538,0.9488177047139,0.34271333562585
"x2",-8.99153093827813,3.9252911248913,-2.29066600468446,0.0219827382386034
