"","Estimate","Std. Error","z value","Pr(>|z|)"
"(Intercept)",-6.94471347107834,2.87940582064256,-2.41185643971803,0.0158715295487842
"x1",1.85609942343222,2.95843386890249,0.627392568393217,0.530401937960924
"x2",13.6312720998264,5.83244022780823,2.33714732897467,0.0194315247860691
