"","Estimate","Std. Error","z value","Pr(>|z|)"
"(Intercept)",10.7227915253287,5.16078792021006,2.07774310650074,0.0377330264652892
"x1",-16.9783994867128,8.31035059718617,-2.04304250322021,0.0410482308213729
"x2",-0.527414694923808,2.23155397791337,-0.236344135138049,0.813165641928464
