"","Estimate","Std. Error","z value","Pr(>|z|)"
"(Intercept)",-17.5798753062167,7.2642752045216,-2.42004533298439,0.0155185723306468
"x1",2.21829594500626,2.37007120429173,0.93596173017476,0.349292892080241
"x2",27.1032019881483,11.2944877715112,2.39968403494247,0.0164092289941799
