"","Estimate","Std. Error","z value","Pr(>|z|)"
"(Intercept)",-4.74919788519112,2.97536380098909,-1.59617384724932,0.110449984853007
"x1",4.48803431873537,4.59695646721668,0.976305594960907,0.328913048173589
"x2",8.44021101310376,4.13389851048257,2.04170735969967,0.0411805682943745
