"","Estimate","Std. Error","z value","Pr(>|z|)"
"(Intercept)",0.164174752754504,1.41266966687672,0.116215953809979,0.90748139311546
"x1",-14.3866717579229,4.98104104800036,-2.88828612719391,0.00387347344443
"x2",13.0955503952011,4.45787673315455,2.9376205712028,0.00330741535602729
