"","Estimate","Std. Error","z value","Pr(>|z|)"
"(Intercept)",8.57159016468167,2.59580526686236,3.30209290893475,0.000959662772466639
"x1",-8.14029144955446,2.69061253907375,-3.02544172798539,0.00248270239949232
"x2",-6.64918008501519,2.4202182197286,-2.74734733868785,0.00600794709140389
