"","Estimate","Std. Error","z value","Pr(>|z|)"
"(Intercept)",0.552630843660248,1.27796702276634,0.432429658837364,0.66542916592863
"x1",-11.3105139506027,3.7550805749866,-3.0120562594434,0.00259484501666891
"x2",8.65602254476915,3.03132258428403,2.85552668978436,0.00429655114719168
