"","Estimate","Std. Error","z value","Pr(>|z|)"
"(Intercept)",1.74274879134027,1.52750624451952,1.14091107489282,0.253906930229334
"x1",-10.1878095797936,4.68583209154452,-2.1741729922797,0.0296921458536449
"x2",0.86416250284809,2.08808745604639,0.413853596191946,0.678981329702735
