"","Estimate","Std. Error","z value","Pr(>|z|)"
"(Intercept)",-5.63361831419319,2.23246278918805,-2.52349931272187,0.0116193287705367
"x1",4.36379536355346,2.57400193727706,1.6953349181119,0.0900119043681804
"x2",7.41389446273183,2.98142772479953,2.48669266776552,0.0128936731477975
