"","Estimate","Std. Error","z value","Pr(>|z|)"
"(Intercept)",-2.98982581692063,1.59094070128602,-1.87928174475883,0.060206032981435
"x1",2.36118771226951,2.22283476751834,1.06224166850946,0.288125987833157
"x2",1.11242439387482,2.35873588214104,0.471618888022795,0.637198842378877
