"","Estimate","Std. Error","z value","Pr(>|z|)"
"(Intercept)",-0.593794418388166,1.30162278322606,-0.456195470792583,0.648249422066766
"x1",-8.03520072628043,3.63324895656327,-2.21157449498892,0.0269960793234257
"x2",6.30145551462595,2.89608516204074,2.17585297463615,0.0295662560541353
