"","Estimate","Std. Error","z value","Pr(>|z|)"
"(Intercept)",7.05460450965424,3.43718400941657,2.05243725396351,0.0401271871374438
"x1",-12.8898357688834,5.9219431544412,-2.17662267818572,0.0295087316866035
"x2",-0.358922654840855,2.02983836290668,-0.176823268985264,0.859647211041208
