"","Estimate","Std. Error","z value","Pr(>|z|)"
"(Intercept)",1.83553358021471,1.76738176894618,1.03856088846564,0.299009003619207
"x1",9.41681542949009,3.58238077412601,2.62864726650603,0.0085725228712972
"x2",-17.0310602842807,5.63638854807121,-3.02162637281433,0.00251420668380895
