"","Estimate","Std. Error","z value","Pr(>|z|)"
"(Intercept)",7.66391632924673,4.7047712859273,1.62896682186671,0.103320042762936
"x1",-0.384838034969749,2.92119861276875,-0.131739770547472,0.89519012730165
"x2",-12.8772870555739,6.12707461805057,-2.10170233893299,0.0355793585748586
