"","Estimate","Std. Error","z value","Pr(>|z|)"
"(Intercept)",9.47753545643205,3.44986900781701,2.74721603485728,0.00601035304005155
"x1",-1.03823796659192,1.87623896248705,-0.553361265462519,0.58001605696707
"x2",-14.3458962671666,4.99773231862911,-2.87048112074592,0.00409847670201531
