"","Estimate","Std. Error","z value","Pr(>|z|)"
"(Intercept)",4.11687640335833,2.65585183116153,1.55011524176701,0.121113858375825
"x1",-10.1329162621829,6.23386988487544,-1.62546162324743,0.104064234634269
"x2",-0.893222167426156,1.69474185540605,-0.52705499930675,0.598155395552886
