"","Estimate","Std. Error","z value","Pr(>|z|)"
"(Intercept)",-3.07901557366379,2.21937199079459,-1.38733641157714,0.165339205070707
"x1",11.7687141283831,4.16284070555655,2.8270873090758,0.00469735187351835
"x2",-11.8919535936021,4.16407664306116,-2.85584407131852,0.00429225875666977
