"","Estimate","Std. Error","z value","Pr(>|z|)"
"(Intercept)",1.16460141707312,0.974284474366,1.19534021911923,0.231954132007602
"x1",0.825050325527684,1.31170350992308,0.628991475044591,0.529354637328599
"x2",-0.572279236101651,1.20499719178791,-0.474921634674129,0.634842830364195
