"","Estimate","Std. Error","z value","Pr(>|z|)"
"(Intercept)",-7.68712591325245,3.77612286582277,-2.03571922482388,0.0417785574914955
"x1",13.4673025874893,5.76345395735335,2.3366721912139,0.019456235572862
"x2",-0.268037832519794,2.18188751476124,-0.122846769462873,0.902228438041213
