"","Estimate","Std. Error","z value","Pr(>|z|)"
"(Intercept)",-9.17237583386697,4.46197359496927,-2.05567685210162,0.0398136745733417
"x1",13.5271635087761,6.02825413362601,2.24396039200149,0.0248349498722515
"x2",-0.444172472369235,1.9729993970362,-0.225125498282697,0.821881645309347
