"","Estimate","Std. Error","z value","Pr(>|z|)"
"(Intercept)",-9.94414081232573,3.80745057090597,-2.61175834778061,0.00900779001632652
"x1",13.3925192275138,5.98719288764551,2.23686115995179,0.0252954157527246
"x2",6.27765757129633,3.68854407028287,1.70193373094629,0.0887677917204185
