"","Estimate","Std. Error","z value","Pr(>|z|)"
"(Intercept)",-3.36389482282892,2.14943920509492,-1.56501045242653,0.117580458491486
"x1",12.1447779366234,5.26184804226228,2.30808222492906,0.0209945636237798
"x2",-0.143384228581205,2.0236826652014,-0.0708531189433968,0.943514655212872
