"","Estimate","Std. Error","z value","Pr(>|z|)"
"(Intercept)",6.48413421733419,2.6652900907631,2.43280618488988,0.0149823182148907
"x1",-7.40076054198227,3.45893944663344,-2.13960396131981,0.032386786218846
"x2",-8.93673056964994,3.31034129203611,-2.69964024288057,0.00694144925965488
