"","Estimate","Std. Error","z value","Pr(>|z|)"
"(Intercept)",0.40788500068368,2.37122578258908,0.172014408614569,0.863426201404641
"x1",-7.9397933625075,4.04634835434226,-1.96221201617183,0.0497378055363745
"x2",5.54636443863864,2.98833312837766,1.85600607441303,0.0634526922376018
