"","Estimate","Std. Error","z value","Pr(>|z|)"
"(Intercept)",6.67178486993265,2.68357195997815,2.4861583625978,0.0129130488523501
"x1",4.78117311807602,2.59837561947208,1.84006233827249,0.0657590857354278
"x2",-15.4132913241819,5.21483285232681,-2.95566353911125,0.00311997242087087
