"","Estimate","Std. Error","z value","Pr(>|z|)"
"(Intercept)",11.155886006452,5.16946650296481,2.15803429619939,0.0309251654117208
"x1",-29.1689990845803,12.6760534497254,-2.30111045210307,0.0213853886900495
"x2",0.591869235971955,1.83993629290881,0.321679200662024,0.747695736471766
