"","Estimate","Std. Error","z value","Pr(>|z|)"
"(Intercept)",6.96299860725644,2.30097024254997,3.02611414893394,0.0024771876441444
"x1",-8.60212558854791,2.97549096969528,-2.89099368008798,0.0038402584298231
"x2",-7.92598482885464,2.65311561544615,-2.98742534351327,0.00281337998954795
