"","Estimate","Std. Error","z value","Pr(>|z|)"
"(Intercept)",4.41402542143374,2.05278124364772,2.15026585764695,0.0315341914294239
"x1",-5.6247803332888,2.77543309744354,-2.02663156913052,0.0427001055338168
"x2",-5.07693001243253,2.6128427607647,-1.94306756176429,0.0520079957328205
