"","Estimate","Std. Error","z value","Pr(>|z|)"
"(Intercept)",-7.78320291749559,3.61926013535822,-2.15049557821443,0.0315160353822006
"x1",6.54835303895692,4.60075233281027,1.42332222324974,0.154642767562637
"x2",9.3564118341122,4.21258869552201,2.2210599017317,0.0263469044601355
