"","Estimate","Std. Error","z value","Pr(>|z|)"
"(Intercept)",3.18686805244586,2.40659515253287,1.32422275059092,0.185429077206591
"x1",2.04946724078308,1.78820742695234,1.1461015147868,0.251753150911861
"x2",-8.05944705803692,3.67996128252048,-2.19009017739362,0.0285176974654407
