"","Estimate","Std. Error","z value","Pr(>|z|)"
"(Intercept)",2.42565423474115,1.13667240910353,2.13399587718876,0.0328431183049105
"x1",0.584740651922471,1.32922552548917,0.439910790689398,0.660001720195599
"x2",-4.65963974067532,1.56076663170594,-2.98548139485932,0.0028313236092459
