"","Estimate","Std. Error","z value","Pr(>|z|)"
"(Intercept)",-0.733904207760695,1.04566408954657,-0.701854653992125,0.482769810627054
"x1",-2.03506192443306,2.19593517280395,-0.926740438259171,0.354061316334534
"x2",2.22514962968282,2.03346832437098,1.09426323637037,0.273839544200947
