"","Estimate","Std. Error","z value","Pr(>|z|)"
"(Intercept)",-5.79107533484613,2.48449729549601,-2.33088413714291,0.0197594699486802
"x1",1.76955083436858,1.51697771209368,1.16649758283285,0.243413325310752
"x2",11.0995344689313,5.99534483291542,1.85135880892005,0.0641179508140787
