"","Estimate","Std. Error","z value","Pr(>|z|)"
"(Intercept)",3.92232233546229,2.60513320356032,1.50561296831265,0.132166557419763
"x1",-8.57516105431186,4.48790252278146,-1.91072800952844,0.0560395433607678
"x2",-0.436641040613419,2.40325984023549,-0.181686987525507,0.855828378455968
