"","Estimate","Std. Error","z value","Pr(>|z|)"
"(Intercept)",3.86540523564749,5.4202961421717,0.713135432873003,0.475761955546549
"x1",3.89093650584323,4.19537780529946,0.927434115928328,0.353701184333489
"x2",-11.906100154775,6.30900873619712,-1.88715860963471,0.0591389955219344
