"","Estimate","Std. Error","z value","Pr(>|z|)"
"(Intercept)",17.0339678961131,6.99363336817275,2.43563924492136,0.0148655018849978
"x1",-1.42144909563881,2.45196049528272,-0.579719411619198,0.562103850741184
"x2",-27.1080070113398,11.0818726886459,-2.4461575920389,0.0144387873242523
