"","Estimate","Std. Error","z value","Pr(>|z|)"
"(Intercept)",6.42790128616163,2.26526884712438,2.83758870136826,0.00454557147157268
"x1",-8.38607290096118,3.40939957621313,-2.45969201130591,0.0139056291237414
"x2",-6.26435040819536,2.91240065968454,-2.15092328981751,0.031482254930467
