"","Estimate","Std. Error","z value","Pr(>|z|)"
"(Intercept)",1.64015993535093,0.981947085676473,1.67031397035106,0.0948572605600455
"x1",0.63636303628573,1.21240238008834,0.52487775241695,0.59966817609226
"x2",-3.35767706322071,1.32732901739727,-2.52964940810584,0.0114176550790272
