"","Estimate","Std. Error","z value","Pr(>|z|)"
"(Intercept)",-4.34618211538193,2.04576814332051,-2.12447443253642,0.0336304917777602
"x1",6.79966697440114,2.69911519550545,2.51922073786399,0.0117614897112435
"x2",3.68797826586666,2.1660134945335,1.70265710494151,0.088632256679068
