"","Estimate","Std. Error","z value","Pr(>|z|)"
"(Intercept)",11.155886006452,5.16946650296482,2.15803429619939,0.0309251654117209
"x1",-29.1689990845803,12.6760534497254,-2.30111045210307,0.0213853886900494
"x2",0.591869235971955,1.83993629290882,0.321679200662024,0.747695736471766
