"","Estimate","Std. Error","z value","Pr(>|z|)"
"(Intercept)",-0.863098082301058,1.22879355955685,-0.702394698921051,0.482433050311209
"x1",-5.99470019929523,2.35333026961511,-2.5473263471326,0.0108551864507963
"x2",9.69344661310776,3.08879258571321,3.13826401226922,0.00169951723852828
