"","Estimate","Std. Error","z value","Pr(>|z|)"
"(Intercept)",8.33909892621923,2.81393609791437,2.96349975125589,0.00304162307702052
"x1",-9.65696087712975,3.40999310454821,-2.83195906298151,0.00462637712622187
"x2",-10.2037572519523,3.44342518372416,-2.96325800838706,0.00304401303577773
