"","Estimate","Std. Error","z value","Pr(>|z|)"
"(Intercept)",-16.7146297545248,6.47211495054196,-2.58256070577442,0.00980701072101609
"x1",13.7881972945083,7.35712769586149,1.87412776622926,0.0609128171168388
"x2",20.1821140827834,7.92316268743182,2.547229544434,0.010858198350634
