"","Estimate","Std. Error","z value","Pr(>|z|)"
"(Intercept)",10.7543502702414,4.73488576727598,2.27130089274117,0.0231287692328598
"x1",-1.7882446590963,2.23307798813626,-0.80079812196294,0.423248526429481
"x2",-16.5404172039721,7.06236341909216,-2.34205126845459,0.0191780802953737
