"","Estimate","Std. Error","z value","Pr(>|z|)"
"(Intercept)",0.179616436056156,1.7121497280851,0.104906967603261,0.916449630131824
"x1",4.53993030941224,2.92367247799273,1.55281767830888,0.12046669805481
"x2",-6.40151704275624,3.36039198938466,-1.90499116263173,0.0567812198758849
