"","Estimate","Std. Error","z value","Pr(>|z|)"
"(Intercept)",-8.22990945926221,4.70813342381389,-1.74801959044641,0.0804606352089871
"x1",-0.431821327470832,2.99949085064857,-0.143964875697974,0.885528205781354
"x2",19.6660488860375,10.0816860710928,1.95067062665499,0.0510962396938685
