"","Estimate","Std. Error","z value","Pr(>|z|)"
"(Intercept)",12.9980757469735,4.7812985188621,2.71852420335112,0.00655738580852465
"x1",-19.4449143185609,7.11594304669482,-2.73258430976237,0.00628395862976292
"x2",-1.3911335379506,1.8603922927301,-0.747763546100877,0.454602793885172
