"","Estimate","Std. Error","z value","Pr(>|z|)"
"(Intercept)",3.52449304644506,1.95946592491109,1.79870086110581,0.0720660126461366
"x1",8.59917694416979,3.28071122243684,2.62113193180792,0.00876383392240253
"x2",-13.1614949063023,4.23726407316143,-3.10613043677555,0.00189553081952261
