"","Estimate","Std. Error","z value","Pr(>|z|)"
"(Intercept)",-22.4758804864801,10.3186042324333,-2.17818999354916,0.0293918947416833
"x1",35.8331263746806,16.9063414807717,2.11950802102484,0.0340475566140653
"x2",0.601016691235443,1.91759586582434,0.313421979024281,0.753960087974479
