"","Estimate","Std. Error","z value","Pr(>|z|)"
"(Intercept)",-0.545548019401911,1.02859241281053,-0.530383087224269,0.595846349808221
"x1",-3.9113400022603,1.72246839409426,-2.27077606513473,0.0231605375872276
"x2",1.65873604267185,1.34880020065143,1.22978632555862,0.218777130213198
