"","Estimate","Std. Error","z value","Pr(>|z|)"
"(Intercept)",1.73284061253856,2.01915210835442,0.858202116308514,0.390780867645255
"x1",-8.55709859663783,3.67554413346664,-2.32811749387623,0.0199058656270335
"x2",3.85884430508065,2.80046459803732,1.37793004338819,0.168224888072415
