"","Estimate","Std. Error","z value","Pr(>|z|)"
"(Intercept)",5.39578853876595,2.76373028168002,1.95235713648799,0.0508958182737922
"x1",-12.0380307422519,5.40623254765976,-2.22669495552183,0.0259676678046268
"x2",-1.03046624322204,2.03091949040118,-0.507389016695335,0.611881890639917
