"","Estimate","Std. Error","z value","Pr(>|z|)"
"(Intercept)",19.7801238886607,10.439410353767,1.89475489691075,0.0581248811106869
"x1",1.18553782603268,2.30805995836494,0.513651225452793,0.607495858394902
"x2",-34.2199451568636,16.8666614809323,-2.02885112715098,0.0424734559448708
