"","Estimate","Std. Error","z value","Pr(>|z|)"
"(Intercept)",2.30638685565543,2.70695468767308,0.852022705129953,0.394201490277122
"x1",-8.10649872938506,3.87599494024209,-2.09146267071204,0.0364866093315346
"x2",3.94734093907549,2.78000624077659,1.41990362509863,0.155635740430353
