"","Estimate","Std. Error","z value","Pr(>|z|)"
"(Intercept)",-7.80950713935516,3.34848627615967,-2.33225000650496,0.019687542864428
"x1",2.17873270144759,2.69628044179782,0.80805122036744,0.419061096801617
"x2",14.9963883679623,6.66735609099024,2.24922565456303,0.0244981430599293
