"","Estimate","Std. Error","z value","Pr(>|z|)"
"(Intercept)",-5.80569063335329,2.62605725767675,-2.21080123686623,0.027049604159462
"x1",14.3096060940597,5.7960418813895,2.46885829793714,0.0135544880989647
"x2",0.481315841962929,2.01492065913483,0.238875828574608,0.811201869042025
