"","Estimate","Std. Error","z value","Pr(>|z|)"
"(Intercept)",-10.6203089011966,4.51376516076874,-2.35287138850349,0.0186290761713629
"x1",26.0191703951281,10.7160432170711,2.42805762052905,0.0151799313492063
"x2",0.554526866763765,1.95831268726922,0.28316564069093,0.777049865632154
