"","Estimate","Std. Error","z value","Pr(>|z|)"
"(Intercept)",-0.252358261091329,1.0966441446931,-0.230118641778689,0.817999579529168
"x1",-6.88959742636226,2.42720395790561,-2.83849134471055,0.00453273486720072
"x2",8.54427398445201,2.72506125967075,3.13544290211089,0.00171594828351582
