"","Estimate","Std. Error","z value","Pr(>|z|)"
"(Intercept)",-2.27950116540323,1.09543911373997,-2.08090174689921,0.037442900232934
"x1",4.79204926028305,1.62878874824073,2.94209378930139,0.00326001175198772
"x2",-0.610259222163986,1.17354507052132,-0.520013451117726,0.603054199899089
