"","Estimate","Std. Error","z value","Pr(>|z|)"
"(Intercept)",-5.42056903891814,2.74311189403674,-1.9760655956842,0.0481473483922421
"x1",0.709925532800956,2.9198677849008,0.243136191464599,0.80789989551349
"x2",11.7934027700577,5.47649221638147,2.15345924071268,0.0312826041082706
