"","Estimate","Std. Error","z value","Pr(>|z|)"
"(Intercept)",5.78206863373584,3.5324327173544,1.63685173827353,0.101661452131631
"x1",-15.7818188011728,8.84908433047926,-1.78344088628637,0.0745145626361174
"x2",-0.743883950109671,1.30063638523717,-0.571938443790362,0.567363678150127
