"","Estimate","Std. Error","z value","Pr(>|z|)"
"(Intercept)",-5.82170538647637,1.88522426955018,-3.08807046488184,0.00201460695454987
"x1",6.00196530843336,2.13002329195988,2.81779327535467,0.00483549317092599
"x2",6.19434749650733,2.14667401794203,2.88555572235682,0.0039072328776749
