"","Estimate","Std. Error","z value","Pr(>|z|)"
"(Intercept)",-4.80519554902551,2.85168653161369,-1.68503637961441,0.0919815528286715
"x1",0.0757551166562211,2.40635430591525,0.0314812812352701,0.974885720155948
"x2",14.2827055879995,6.19451860681844,2.30570065158546,0.0211273646854816
