"","Estimate","Std. Error","z value","Pr(>|z|)"
"(Intercept)",8.93306437419779,3.96690401120748,2.25189829372218,0.0243286999950801
"x1",-16.1878285015111,6.87268587201714,-2.35538606055335,0.0185034706146236
"x2",-0.259236527319058,1.90056423839498,-0.136399771226876,0.891505254522749
