"","Estimate","Std. Error","z value","Pr(>|z|)"
"(Intercept)",24.3688844736557,11.2907738901572,2.15830063649573,0.0309044652802295
"x1",0.508891397910283,2.83944143335911,0.179222361106514,0.857763106362094
"x2",-39.8748565500232,18.1145538176879,-2.20126076255257,0.0277175689124111
