"","Estimate","Std. Error","z value","Pr(>|z|)"
"(Intercept)",1.8464088205969,1.00581369492206,1.83573640915674,0.0663966503756125
"x1",-0.128279947390448,1.18972082004026,-0.107823571067796,0.914135644883395
"x2",-2.37576655252728,1.22276003513035,-1.94295404189753,0.0520217114308709
