"","Estimate","Std. Error","z value","Pr(>|z|)"
"(Intercept)",-46.0308255499632,15.8614192084122,-2.90206222691286,0.00370714893979983
"x1",51.087505393617,18.6923017447332,2.73307728985338,0.00627456064374832
"x2",50.1430177893135,17.6070291445867,2.84789769912603,0.00440090687819817
