"","Estimate","Std. Error","z value","Pr(>|z|)"
"(Intercept)",-7.79288877790969,3.78781623274496,-2.05735661369779,0.039651935294979
"x1",20.6372266569043,9.47760385739758,2.17747301611433,0.0294452929965088
"x2",-0.25439154116221,2.06729997748614,-0.123054972153366,0.902063567219924
