"","Estimate","Std. Error","z value","Pr(>|z|)"
"(Intercept)",18.0150830045607,8.8602585142629,2.0332457541234,0.0420277006170659
"x1",1.45840473142509,3.15383683251818,0.462422379112311,0.643778453883066
"x2",-31.590561011997,14.9371967405962,-2.1148922090676,0.0344391353644245
