"","Estimate","Std. Error","z value","Pr(>|z|)"
"(Intercept)",10.6020918745898,5.11674131634733,2.07203984315516,0.0382617256480335
"x1",-27.4729164135323,12.1786255964782,-2.25583061043251,0.024081241513498
"x2",0.853329096197558,1.8622672694671,0.45822053052661,0.646794011361171
