"","Estimate","Std. Error","z value","Pr(>|z|)"
"(Intercept)",-0.0498399910115297,1.28097329342769,-0.0389079079690767,0.968963811697016
"x1",7.87425690940892,2.74867451557788,2.86474694067349,0.00417342612149484
"x2",-8.83503415138644,3.00761404441347,-2.93755582362611,0.00330810608532541
