"","Estimate","Std. Error","z value","Pr(>|z|)"
"(Intercept)",9.62327572519368,5.23419824804797,1.83853863937663,0.0659830736002777
"x1",-0.145110559610084,2.91161441391829,-0.0498385222014346,0.96025106853437
"x2",-24.9877635950373,12.4178648776888,-2.01224315461291,0.0441943114489011
