"","Estimate","Std. Error","z value","Pr(>|z|)"
"(Intercept)",3.12652231816441,1.7829807762787,1.75353675135514,0.079509916871447
"x1",-3.67045165228935,2.03958690130387,-1.79960542497252,0.0719229638763073
"x2",-3.98378408827901,1.97098818225929,-2.02121155476057,0.0432578700941733
