"","Estimate","Std. Error","z value","Pr(>|z|)"
"(Intercept)",0.371622424058979,1.79102291525709,0.207491719337179,0.835625858973854
"x1",-8.61666756026829,3.70225744681444,-2.32740906975078,0.0199435034981201
"x2",6.67811092980716,3.06626309974322,2.17793147964583,0.029411138443883
