"","Estimate","Std. Error","z value","Pr(>|z|)"
"(Intercept)",-1.96423622197747,3.54921394429848,-0.553428520456721,0.57997001391044
"x1",-2.35695678240987,2.82074271722999,-0.835580206593401,0.403391107755253
"x2",10.2317394327899,5.39938235748928,1.89498330648834,0.0580946133056664
