"","Estimate","Std. Error","z value","Pr(>|z|)"
"(Intercept)",-8.31117269928785,3.40388348305052,-2.44167367674979,0.0146193545032467
"x1",8.15365945121363,5.01977034275558,1.62430926008016,0.10430982192075
"x2",9.31285316066703,4.08740985507839,2.27842410985439,0.0227013212864438
