"","Estimate","Std. Error","z value","Pr(>|z|)"
"(Intercept)",-9.54662156289656,4.36917065854221,-2.18499626335993,0.0288891205672038
"x1",-2.75410478342177,2.40046572819449,-1.14732101819811,0.251248970422651
"x2",25.3150661392172,10.5126207841622,2.40806423621364,0.0160373589641427
