"","Estimate","Std. Error","z value","Pr(>|z|)"
"(Intercept)",-3.73718808117461,2.22580270462397,-1.67902935575145,0.0931463227114917
"x1",-0.0391573391423914,1.51834165150867,-0.0257895442066569,0.979425201591071
"x2",10.1735317333851,4.80964574441322,2.11523514911726,0.0344099105800093
