"","Estimate","Std. Error","z value","Pr(>|z|)"
"(Intercept)",2.19233494433843,1.50702178490534,1.45474668402099,0.145739403239503
"x1",-10.7047532773023,3.48089712887919,-3.07528573266086,0.00210300974212538
"x2",8.53093603131444,3.08207347621589,2.76792104313768,0.00564151214193749
