"","Estimate","Std. Error","z value","Pr(>|z|)"
"(Intercept)",-12.2281385128419,5.54499513213771,-2.2052568526111,0.0274360757374627
"x1",27.1630130997861,11.3871498576234,2.38540929375766,0.0170601289095044
"x2",-1.23208775107857,1.90698219954622,-0.646092947994875,0.518219162128192
