"","Estimate","Std. Error","z value","Pr(>|z|)"
"(Intercept)",-3.49510648413821,1.47949547117676,-2.36236375996357,0.018158814541708
"x1",7.41743343783109,2.34097001347605,3.16852988083223,0.00153211998845923
"x2",-2.27555241627089,1.46580309535271,-1.55242707801987,0.120560068539925
