"","Estimate","Std. Error","z value","Pr(>|z|)"
"(Intercept)",7.98796357486057,3.69443629059638,2.16216032610786,0.0306058204212128
"x1",-0.669399257005256,2.80056558639169,-0.239022881755725,0.811087839843045
"x2",-14.6159059860116,6.67068149203867,-2.19106638556427,0.0284469888059336
