"","Estimate","Std. Error","z value","Pr(>|z|)"
"(Intercept)",4.01262318030216,1.45233281962275,2.76288129420944,0.00572935991055859
"x1",-6.82299680036905,2.11543890823632,-3.22533388877559,0.0012582582992447
"x2",0.143574248521614,1.27248353928409,0.112829945605733,0.910165376771278
