"","Estimate","Std. Error","z value","Pr(>|z|)"
"(Intercept)",-21.4325593198721,9.8875146969511,-2.16763868138482,0.0301861882561704
"x1",0.264669163682528,4.27324440876068,0.0619363505489935,0.950613519502354
"x2",37.403806137704,17.2730471442803,2.16544341165014,0.0303537445772316
