"","Estimate","Std. Error","z value","Pr(>|z|)"
"(Intercept)",10.0327665717732,4.02889906616276,2.49020052550701,0.0127671039878842
"x1",-20.8782965567375,8.0750534460658,-2.58553044833523,0.00972292846906527
"x2",-0.801414242047839,1.74599868492747,-0.459000484345226,0.646233818264598
