"","Estimate","Std. Error","z value","Pr(>|z|)"
"(Intercept)",-6.45750498704529,2.41437000236955,-2.67461283096943,0.00748155960125749
"x1",13.679085029809,4.46443130316647,3.06401512329395,0.00218387869888541
"x2",-1.59826356705413,1.65579827372769,-0.965252586872169,0.334418313402536
