"","Estimate","Std. Error","z value","Pr(>|z|)"
"(Intercept)",-8.01262149300363,3.68271917859851,-2.17573513059796,0.0295750717240472
"x1",14.2959921752903,6.33073070253337,2.25818990682537,0.0239338222502567
"x2",-0.244962766263254,1.84392296474428,-0.132848698642476,0.894313039711332
