"","Estimate","Std. Error","z value","Pr(>|z|)"
"(Intercept)",-7.20377841433974,2.69396949384696,-2.67403860021178,0.00749438248090419
"x1",6.30134768466593,3.45253803373814,1.82513490744758,0.0679806736184193
"x2",5.06159483032491,2.60202520765661,1.94525203500369,0.0517446518974031
