"","Estimate","Std. Error","z value","Pr(>|z|)"
"(Intercept)",-4.90906981637444,1.604271675298,-3.05999905873958,0.00221337687099475
"x1",5.07728101765108,1.87181249793031,2.71249445297812,0.00667788990391924
"x2",5.18317887996337,1.8137086877687,2.85777915434697,0.00426617196858836
