"","Estimate","Std. Error","z value","Pr(>|z|)"
"(Intercept)",0.636439808939525,1.60518061226995,0.396491088961951,0.691742780363783
"x1",14.103446852881,4.70972048660194,2.9945400991422,0.00274858924572245
"x2",-10.4402878522686,3.79135206856641,-2.75371098844331,0.00589237763097416
