"","Estimate","Std. Error","z value","Pr(>|z|)"
"(Intercept)",15.7602287442316,5.08235648084981,3.10096877375992,0.00192888630530578
"x1",-16.0504443910347,5.30080468109855,-3.02792601437794,0.00246238365469104
"x2",-15.346064426394,5.04490367520021,-3.04189443731747,0.00235094325513679
