"","Estimate","Std. Error","z value","Pr(>|z|)"
"(Intercept)",4.91744584098878,2.64908910935026,1.85627800274143,0.063413942826657
"x1",-9.69172711877048,4.61666590145583,-2.09929142061466,0.0357912192575664
"x2",-0.713128295425631,2.19028806897654,-0.325586531528182,0.744737203701258
