"","Estimate","Std. Error","z value","Pr(>|z|)"
"(Intercept)",-6.65766334586329,2.61482324017991,-2.54612367044941,0.0108926590419753
"x1",11.3541139203061,4.73535834530442,2.39773066626833,0.0164969903804963
"x2",3.43899870935267,2.29201186106046,1.50042797237599,0.133503578210919
