"","Estimate","Std. Error","z value","Pr(>|z|)"
"(Intercept)",122.927363910867,57.3895886916055,2.14198022173397,0.0321950736185436
"x1",0.131644826963372,2.13459865555191,0.0616719337946622,0.950824090997908
"x2",-201.923135898564,93.938429180181,-2.1495264255618,0.0315926936351995
