"","Estimate","Std. Error","z value","Pr(>|z|)"
"(Intercept)",6.5010399651826,2.18801023751985,2.97121094485904,0.00296627959854959
"x1",-10.4265999954192,3.3504566092394,-3.11199374039534,0.00185828439302966
"x2",-0.608808319126984,1.45997085277344,-0.417000324335558,0.676678170481752
