"","Estimate","Std. Error","z value","Pr(>|z|)"
"(Intercept)",-0.232521226454094,0.972282586809318,-0.23914984142331,0.810989394947011
"x1",3.38875065744687,1.45984569989775,2.32130742152011,0.0202702579788185
"x2",-2.90359907157601,1.34707742489745,-2.15548046304544,0.0311242558428956
