"","Estimate","Std. Error","z value","Pr(>|z|)"
"(Intercept)",-7.46972447215988,3.49853577024766,-2.13510021411932,0.0327528251621187
"x1",13.9820752150183,5.76871765767245,2.42377527290176,0.0153601072726536
"x2",0.0402634562851574,2.13427582069049,0.0188651606764355,0.984948672344757
