"","Estimate","Std. Error","z value","Pr(>|z|)"
"(Intercept)",-17.6305432855083,7.46495927335044,-2.36177353953537,0.0181877486360558
"x1",2.17141551605391,2.27806239868369,0.95318526714132,0.340496209731765
"x2",26.96247574661,11.7113714778754,2.30224750342403,0.0213212184565554
