"","Estimate","Std. Error","z value","Pr(>|z|)"
"(Intercept)",-15.7021066839167,7.78799243832076,-2.01619439262095,0.0437796525588454
"x1",26.7985662928111,13.0193608649313,2.05836266240958,0.0395553331051924
"x2",-0.630811351043372,2.05831484272034,-0.306469806246778,0.759246965645812
