"","Estimate","Std. Error","z value","Pr(>|z|)"
"(Intercept)",2.23091368606546,1.7359695249592,1.28511108863959,0.198753467227626
"x1",-8.44630266503645,3.37644288285123,-2.50153873709363,0.0123654914024588
"x2",3.39027974469739,2.37361299343943,1.42832035132432,0.153199672713476
