"","Estimate","Std. Error","z value","Pr(>|z|)"
"(Intercept)",-8.13355007693173,2.87050387367583,-2.83349210970278,0.00460424446132562
"x1",6.94781715536936,3.67036114628447,1.89295191357468,0.0583642645507977
"x2",10.6917272060701,4.83829891786824,2.20981121414071,0.027118267119506
