"","Estimate","Std. Error","z value","Pr(>|z|)"
"(Intercept)",8.71036950514982,4.38821768339762,1.98494471641747,0.047150622574143
"x1",-0.597741061165356,2.99188247520587,-0.199787614025255,0.841646688615864
"x2",-20.6372679079234,9.02330904875999,-2.28710640369338,0.0221896132071041
