"","Estimate","Std. Error","z value","Pr(>|z|)"
"(Intercept)",-13.475989942928,6.33855681029157,-2.12603441859948,0.0335003937815453
"x1",22.7776756368898,10.8798465430238,2.09356589238797,0.0362986685652239
"x2",0.587992403297676,2.40310874837461,0.24467989794277,0.806704294121661
