"","Estimate","Std. Error","z value","Pr(>|z|)"
"(Intercept)",-2.43760013078658,1.45576698704507,-1.67444388592329,0.0940433939133548
"x1",-3.21603506722682,5.00801839352891,-0.642177167596351,0.520758156109686
"x2",8.77856515446871,4.2268779247697,2.07684378652762,0.037815979418633
