"","Estimate","Std. Error","z value","Pr(>|z|)"
"(Intercept)",-9.18118094739974,4.63780124209011,-1.97964088328677,0.0477438956424534
"x1",0.925234584702104,1.97398343174687,0.468714463263414,0.639273747391106
"x2",21.1951762035438,10.4604327066618,2.02622365612518,0.0427418705127479
