"","Estimate","Std. Error","z value","Pr(>|z|)"
"(Intercept)",0.760073405701494,1.05148076341105,0.722860020030972,0.469765888226094
"x1",3.97902674508921,1.70517954294561,2.33349430067385,0.0196222171069448
"x2",-6.05441087556622,1.95387363370937,-3.09867064640824,0.00194390986025922
