"","Estimate","Std. Error","z value","Pr(>|z|)"
"(Intercept)",-7.25190155393726,3.53919121321674,-2.04902790413125,0.0404593864180158
"x1",13.0705168248381,5.70185463702151,2.29232726137435,0.0218867658661004
"x2",0.0539230828276648,1.63218742777633,0.0330373104889852,0.973644834402812
