"","Estimate","Std. Error","z value","Pr(>|z|)"
"(Intercept)",-7.52751327047916,4.19255705199187,-1.7954468304499,0.0725825368434733
"x1",22.8060139645064,10.467831975265,2.17867596828034,0.0293557482394411
"x2",-0.632804848188881,1.96169471722527,-0.322580696492854,0.747012814791338
