"","Estimate","Std. Error","z value","Pr(>|z|)"
"(Intercept)",5.64804433418959,2.85549662872133,1.97795517507536,0.0479337636683771
"x1",-15.0051615056513,6.80647912866661,-2.2045408825915,0.0274863280976976
"x2",-0.98027266299608,1.78027630601825,-0.550629506039176,0.58188767788649
