"","Estimate","Std. Error","z value","Pr(>|z|)"
"(Intercept)",-2.63533507514943,1.86583216757761,-1.41241807325621,0.157826897970125
"x1",3.99251500937939,2.54219537783847,1.57049888619264,0.116299093317343
"x2",-1.9959349120916,2.26664707030378,-0.880567132943242,0.378552154460198
