"","Estimate","Std. Error","z value","Pr(>|z|)"
"(Intercept)",-7.80420488457164,4.17044167858186,-1.87131375668234,0.0613016048725884
"x1",-1.42839023011204,2.21001574214912,-0.646325816993052,0.518068371633824
"x2",11.8332462549557,6.75701409991722,1.75125374610373,0.0799022112367823
