"","Estimate","Std. Error","z value","Pr(>|z|)"
"(Intercept)",-3.57917122222089,1.43490022001816,-2.49436941488209,0.0126181145856705
"x1",1.88160971220023,1.7288270952021,1.08837356692415,0.276430225449346
"x2",1.14224247123934,1.41469228082068,0.80741408341941,0.419427955679264
