"","Estimate","Std. Error","z value","Pr(>|z|)"
"(Intercept)",1.91552796281148,1.03732176376162,1.84660924867251,0.0648037928032465
"x1",-5.09250014683125,1.69967793016437,-2.99615595193306,0.00273406567701757
"x2",0.544902563194611,1.18618522376161,0.459373925993299,0.645965668952415
