"","Estimate","Std. Error","z value","Pr(>|z|)"
"(Intercept)",0.713863337585064,1.67296254057655,0.42670610983259,0.669593399819837
"x1",9.27436914291419,3.54825279052492,2.61378478097164,0.00895454232233434
"x2",-14.4452348141726,4.80408238448762,-3.00686658930252,0.00263955577153744
