"","Estimate","Std. Error","z value","Pr(>|z|)"
"(Intercept)",0.562327495509527,0.957425438869022,0.587332937564086,0.556980124010648
"x1",-1.30246663229785,1.2738993576385,-1.02242506402727,0.306579762814322
"x2",1.95222113774204,1.21716363941041,1.60391016830546,0.108733855148652
