"","Estimate","Std. Error","z value","Pr(>|z|)"
"(Intercept)",6.97741791139758,2.80310101485923,2.48917819030078,0.0128038774715079
"x1",-5.08895212593507,2.68402654104711,-1.89601408484945,0.05795818208691
"x2",-7.65537059746635,3.35253177196328,-2.28345952199083,0.0224033145893618
