"","Estimate","Std. Error","z value","Pr(>|z|)"
"(Intercept)",-0.847890210807647,1.3081757364167,-0.6481470242906,0.516889861895811
"x1",-6.1362172059151,2.89670792847858,-2.11834170286474,0.0341461392119648
"x2",5.9015960635473,2.89424285033034,2.03908115826345,0.0414419283422932
