"","Estimate","Std. Error","z value","Pr(>|z|)"
"(Intercept)",7.24014031535371,3.21075203518413,2.25496713418372,0.0241353917926813
"x1",-0.0846573891328333,1.92068843277604,-0.0440765861282743,0.964843356205346
"x2",-19.3126415730439,7.94353757913075,-2.43123940444142,0.015047268350839
