"","Estimate","Std. Error","z value","Pr(>|z|)"
"(Intercept)",1.10804543646801,1.37897984462266,0.803525476306879,0.421671077729025
"x1",-5.00812446505663,2.34654676884052,-2.13425299318933,0.032822076893837
"x2",9.56206968530502,3.52297164431113,2.71420569074003,0.0066434902211526
