"","Estimate","Std. Error","z value","Pr(>|z|)"
"(Intercept)",-4.39187010815754,2.19476320392671,-2.00106786021377,0.045385077355085
"x1",-1.59836345596446,2.15377272550573,-0.742122619084214,0.458013046522649
"x2",11.052357253735,4.67818016066021,2.36253347972286,0.0181505019161197
