"","Estimate","Std. Error","z value","Pr(>|z|)"
"(Intercept)",4.51583541407481,2.57444101230839,1.75410327620039,0.0794128124128594
"x1",-11.5147332922372,5.78469323066675,-1.99055210589102,0.0465301501288479
"x2",-0.770322334632904,1.93951557834561,-0.397172543099644,0.691240228001177
