"","Estimate","Std. Error","z value","Pr(>|z|)"
"(Intercept)",0.164386435397156,0.846445937075206,0.19420783796916,0.846013145902225
"x1",-1.36079373782718,1.18726095626271,-1.14616229115352,0.251728007384903
"x2",-0.300385326989687,1.06669692169263,-0.281603256633605,0.77824774279817
