"","Estimate","Std. Error","z value","Pr(>|z|)"
"(Intercept)",0.236178695050467,1.07670641038985,0.219352919952388,0.82637514134633
"x1",-5.9829912846785,1.9859494889382,-3.01266035113378,0.00258968580659102
"x2",4.60897251819147,1.85943833989324,2.478690698857,0.0131865599901436
