"","Estimate","Std. Error","z value","Pr(>|z|)"
"(Intercept)",-6.77051721684179,3.57993260613542,-1.89124152930651,0.0585921099448496
"x1",-0.981203715287393,2.06065308109944,-0.476161525822621,0.633959307145488
"x2",18.1506363332947,8.37098986648301,2.16827837839929,0.0301375124912422
