"","Estimate","Std. Error","z value","Pr(>|z|)"
"(Intercept)",5.21268480695916,2.41678317076858,2.15686904394549,0.0310158695397677
"x1",-11.897022765528,6.09687950645645,-1.9513298160033,0.0510178244311216
"x2",-0.506855623282469,1.95048166154784,-0.259861773260788,0.794970399021115
