"","Estimate","Std. Error","z value","Pr(>|z|)"
"(Intercept)",-10.4946890390746,4.98007960235696,-2.10733359244051,0.0350886734697198
"x1",12.8700711160482,6.68477678228927,1.92528060924134,0.0541942621731962
"x2",1.96485528700696,2.38517610994851,0.823777866469315,0.410065786094319
