"","Estimate","Std. Error","z value","Pr(>|z|)"
"(Intercept)",-30.3521804842453,12.5248141457147,-2.42336374265722,0.0153775207874632
"x1",0.62960071631825,2.37012476815552,0.265640326103262,0.790516225292744
"x2",51.6154289666961,21.5982362770541,2.3897983291132,0.0168576266214965
