"","Estimate","Std. Error","z value","Pr(>|z|)"
"(Intercept)",-0.272237081435299,0.870742596335128,-0.312649320914262,0.754547102536373
"x1",0.915630697856542,1.19314528296568,0.767409225790719,0.442838244965261
"x2",-1.47028659745205,1.133867640532,-1.29670037744636,0.194734299437123
