"","Estimate","Std. Error","z value","Pr(>|z|)"
"(Intercept)",-4.39249678660832,1.49472157824955,-2.93867222533331,0.0032962146542366
"x1",7.0741379472556,2.1692516900272,3.26109597137937,0.0011098247006158
"x2",0.736904277532485,1.32116791980737,0.557767310638249,0.577003287481481
