"","Estimate","Std. Error","z value","Pr(>|z|)"
"(Intercept)",-0.605380286016314,1.36012613516784,-0.445091282612263,0.656253788342781
"x1",12.752421420563,4.30619093138862,2.96141569748064,0.00306228313720289
"x2",-10.6709061431645,3.72656739566188,-2.86346790764782,0.00419031259796124
