"","Estimate","Std. Error","z value","Pr(>|z|)"
"(Intercept)",-0.241272904259255,1.85713489854062,-0.129916735961859,0.896632303126472
"x1",6.39257800824972,2.88333153424929,2.21708046137473,0.0266175937079625
"x2",-4.67824411182245,2.97254158512362,-1.57381956748232,0.115529168973821
