"","Estimate","Std. Error","z value","Pr(>|z|)"
"(Intercept)",-15.9869464063372,6.82549466878243,-2.34223996679043,0.0191683860229414
"x1",26.5008785545994,10.9057065647654,2.43000106386684,0.0150987785132025
"x2",0.385185156330974,1.92151444003721,0.200459152585663,0.841121501093829
