"","Estimate","Std. Error","z value","Pr(>|z|)"
"(Intercept)",-11.8101525964814,5.55802556103676,-2.12488274240293,0.0335963983209104
"x1",30.8726847536624,13.2974917267781,2.32169234529335,0.0202495074207076
"x2",-1.39344731955856,1.99524269039962,-0.698384876317711,0.484936531854803
