"","Estimate","Std. Error","z value","Pr(>|z|)"
"(Intercept)",-7.23299884133561,3.44976888990465,-2.09666185537882,0.0360235194440413
"x1",7.11177941005714,4.8648027144681,1.46188444372193,0.14377287857152
"x2",2.01904228233432,2.6151869621392,0.772045101005996,0.440087715741829
