"","Estimate","Std. Error","z value","Pr(>|z|)"
"(Intercept)",-9.43023424618987,4.44123002206972,-2.12333839934621,0.0337255051288864
"x1",-0.946644636229962,2.36517266938199,-0.40024335156778,0.688977287272399
"x2",25.2422256303057,10.9738794263982,2.30020985738045,0.0214363336364147
