"","Estimate","Std. Error","z value","Pr(>|z|)"
"(Intercept)",0.549363131906269,0.954168353820931,0.575750735922403,0.564783676464567
"x1",0.507652368527827,1.35247489997219,0.375350676406835,0.707399682190965
"x2",0.968067541320266,1.21083627976287,0.799503250356733,0.423998662700991
