"","Estimate","Std. Error","z value","Pr(>|z|)"
"(Intercept)",-0.643043776536315,2.09355009888611,-0.307154711453263,0.758725615337529
"x1",-5.92041451158559,3.48445933593822,-1.69909129101415,0.0893019840690576
"x2",3.84434159474494,2.49549704626135,1.54051137848645,0.123435751398128
