"","Estimate","Std. Error","z value","Pr(>|z|)"
"(Intercept)",20.5356511162671,9.13390705341128,2.24828772574356,0.0245578488815965
"x1",-34.3816921461852,15.2946168046775,-2.24796035005405,0.0245787183287262
"x2",-0.28550279419775,2.05068236966464,-0.139223313381507,0.889273686492789
