"","Estimate","Std. Error","z value","Pr(>|z|)"
"(Intercept)",1.99520414671529,0.991150049498677,2.01301926759168,0.0441126024101837
"x1",-0.388262382199021,1.19324389142098,-0.325383926111414,0.744890519318814
"x2",-1.90627161733136,1.1673524199034,-1.63298724946243,0.102471678360765
