"","Estimate","Std. Error","z value","Pr(>|z|)"
"(Intercept)",-11.7610672814879,5.67249227816927,-2.07335095487933,0.038139629787828
"x1",17.9243314395634,9.14346269553708,1.96034391306832,0.0499556066330856
"x2",-0.050990054138024,1.54847784385264,-0.0329291467362296,0.973731089660108
