"","Estimate","Std. Error","z value","Pr(>|z|)"
"(Intercept)",0.167000682157349,1.78155541750823,0.0937386962629119,0.92531673042375
"x1",14.9900491975391,5.04450017659233,2.97156282541063,0.00296288247026314
"x2",-15.2310117955458,5.12555451978087,-2.97158321831624,0.00296268570176706
