"","Estimate","Std. Error","z value","Pr(>|z|)"
"(Intercept)",-8.63119682809217,4.34425097465814,-1.98680897545782,0.0469435696141844
"x1",0.532538001947621,2.83690424833802,0.18771800361595,0.851097716316083
"x2",21.7454244319186,10.2008010403915,2.13173694358066,0.0330284779500656
