"","Estimate","Std. Error","z value","Pr(>|z|)"
"(Intercept)",0.220700361148117,1.25335016730985,0.176088348575259,0.860224534390521
"x1",0.530088647134303,2.71565776692759,0.195197146558725,0.845238612812729
"x2",-1.20629897302891,2.190235743653,-0.550762161801348,0.58179672576645
