"","Estimate","Std. Error","z value","Pr(>|z|)"
"(Intercept)",-6.20856536006564,3.33296003372562,-1.86277822033336,0.0624934754983098
"x1",-0.109238484808963,2.72099195409889,-0.0401465666388345,0.967976276896222
"x2",12.6583682345881,4.99346947995469,2.53498460046721,0.0112452269370812
