"","Estimate","Std. Error","z value","Pr(>|z|)"
"(Intercept)",2.65705938501514,1.63678183166552,1.62334364520128,0.104515964408008
"x1",9.50094473715476,3.49798396944489,2.7161201481042,0.00660519426597462
"x2",-12.5744638383453,4.13304870953016,-3.04241849590366,0.00234685362619798
