"","Estimate","Std. Error","z value","Pr(>|z|)"
"(Intercept)",8.11164532170644,2.94816147838287,2.75142504275439,0.00593365976536274
"x1",-9.32402804903463,3.49406493419777,-2.66853313393713,0.0076183263816998
"x2",-5.41121318991695,2.70318712112789,-2.00179008978822,0.0453073122507477
