"","Estimate","Std. Error","z value","Pr(>|z|)"
"(Intercept)",-0.382932038786511,1.81452527948638,-0.211037037133428,0.832858370671308
"x1",-6.94066457523106,3.42978872598822,-2.02364201696746,0.0430069985372612
"x2",6.95813168854191,3.57556066178473,1.94602535006881,0.0516516945917409
