"","Estimate","Std. Error","z value","Pr(>|z|)"
"(Intercept)",6.14954137233809,2.40448378734336,2.55753081168933,0.01054182185553
"x1",-7.88756494362848,2.9208195413435,-2.70046294609506,0.00692430497194968
"x2",-5.46346631943477,2.51789237141759,-2.16985697302018,0.0300176827405864
