"","Estimate","Std. Error","z value","Pr(>|z|)"
"(Intercept)",15.3914603051877,6.68476549769425,2.30246824821255,0.0213087800375075
"x1",0.845712999571431,2.36350515742153,0.357821516452311,0.720476887466454
"x2",-25.9995026780186,10.9535438079837,-2.37361562009442,0.0176148771754381
