"","Estimate","Std. Error","z value","Pr(>|z|)"
"(Intercept)",-1.3788371419618,1.20623013376987,-1.14309624951291,0.25299863129466
"x1",-6.05048201244936,2.19255580796284,-2.75955667375738,0.00578798468364843
"x2",7.47151971845302,2.36200681427686,3.1632083672631,0.00156040603663097
