"","Estimate","Std. Error","z value","Pr(>|z|)"
"(Intercept)",1.21903175923781,1.76751932048737,0.68968511127883,0.490392230824093
"x1",4.06050425689429,2.39090061391191,1.69831578664018,0.0894481767466215
"x2",-6.28716800018477,2.68907124628168,-2.3380444117568,0.0193849443923926
