"","Estimate","Std. Error","z value","Pr(>|z|)"
"(Intercept)",-5.01763500152955,2.72584437499941,-1.84076356212766,0.0656562147169637
"x1",8.1251490155126,3.48575293085536,2.33095953060528,0.0197554937314769
"x2",-1.60732638247714,2.42372837660648,-0.663162752885537,0.507226323743082
