"","Estimate","Std. Error","z value","Pr(>|z|)"
"(Intercept)",-8.38822596272226,3.85908646482142,-2.17362996118057,0.0297329364457418
"x1",14.6855705169127,6.34846547960544,2.31324728221179,0.0207090473178615
"x2",-0.330289714013281,1.99942137105617,-0.165192649630833,0.868792350530782
