"","Estimate","Std. Error","z value","Pr(>|z|)"
"(Intercept)",-9.30821375780248,3.77791589408504,-2.46384885708441,0.0137454060116219
"x1",4.39291400371054,3.51370923776576,1.25022126375597,0.211218731265611
"x2",11.902595645755,5.19262892007226,2.29220994393518,0.021893531421739
