"","Estimate","Std. Error","z value","Pr(>|z|)"
"(Intercept)",16.2984157298584,7.07989519497727,2.30207019751098,0.0213312137820147
"x1",-27.6228760428073,11.4994443701079,-2.40210528037436,0.0163010162048156
"x2",1.21309030860373,1.86995063102028,0.648728521748111,0.516513865534453
