"","Estimate","Std. Error","z value","Pr(>|z|)"
"(Intercept)",8.67443795566839,2.80602564790189,3.09136089406539,0.001992413125068
"x1",-9.58345281375919,3.22615727313165,-2.97054731137037,0.00297269612818435
"x2",-8.92415007657329,2.97022147362173,-3.0045402862473,0.00265982531618648
