"","Estimate","Std. Error","z value","Pr(>|z|)"
"(Intercept)",3.97463159518611,1.88713593617647,2.10617132501812,0.035189473023656
"x1",-4.42996143109602,2.25250381587104,-1.96668320820711,0.049219743941099
"x2",-4.3898135171026,2.1952074222399,-1.99972607263846,0.04552985120603
