"","Estimate","Std. Error","z value","Pr(>|z|)"
"(Intercept)",6.73436670012344,2.02465147944028,3.32618565146094,0.000880432659718132
"x1",-5.5821044255743,1.99857221090008,-2.79304615321372,0.00522142415194899
"x2",-5.97708071884026,2.08756571945581,-2.86318206087345,0.00419409496344181
