"","Estimate","Std. Error","z value","Pr(>|z|)"
"(Intercept)",-1.45173635455386,0.918061909426769,-1.58130550853625,0.113808200707387
"x1",0.883968620797962,1.19717611701954,0.738378095111578,0.460284721844324
"x2",1.73385116335834,1.11791482296442,1.55096893586277,0.120909128540538
