"","Estimate","Std. Error","z value","Pr(>|z|)"
"(Intercept)",-3.57240632703826,1.8656923087381,-1.91478858025337,0.055519471424028
"x1",-0.756991394418912,3.01039183406336,-0.251459423272864,0.801458930005257
"x2",2.58840754808742,2.6532903909097,0.975546271510809,0.329289360996084
