"","Estimate","Std. Error","z value","Pr(>|z|)"
"(Intercept)",4.78325215423474,1.64771040455229,2.90296895681401,0.00369643275568004
"x1",-9.29789594097478,2.82095607843362,-3.29600875818583,0.000980689578919656
"x2",-1.28974962265595,1.4576479895854,-0.884815560321115,0.37625611569922
