"","Estimate","Std. Error","z value","Pr(>|z|)"
"(Intercept)",-17.3480285045949,7.86511265635337,-2.20569358158923,0.0274054616270645
"x1",28.3432329169896,12.6166964497264,2.24648607739186,0.0246728903350617
"x2",0.540660577233296,1.76039888535421,0.307123903412669,0.758749064085087
