"","Estimate","Std. Error","z value","Pr(>|z|)"
"(Intercept)",-1.40458167004105,0.967864495327006,-1.45121726938284,0.14671936957845
"x1",-0.475410193816981,1.29374953973781,-0.367466947206277,0.713270742226809
"x2",4.30684468889454,1.49276941277042,2.88513728379623,0.00391243011161727
