"","Estimate","Std. Error","z value","Pr(>|z|)"
"(Intercept)",0.524142697805851,2.2825979054238,0.229625505464808,0.818382785906096
"x1",-7.55350395158283,3.46507809670854,-2.17989428831572,0.0292652984202717
"x2",4.18642654432413,2.36313294548233,1.77155777559085,0.0764679940782662
