"","Estimate","Std. Error","z value","Pr(>|z|)"
"(Intercept)",3.87955690633829,3.9295895469686,0.987267718413769,0.323511411715571
"x1",-12.4635711112112,8.70730828121597,-1.43139196508047,0.152317909903132
"x2",0.821810387480089,1.46222286679571,0.562028132743534,0.574096851671887
