"","Estimate","Std. Error","z value","Pr(>|z|)"
"(Intercept)",6.69130026101813,2.86567531001434,2.33498199800753,0.0195443611838663
"x1",-13.7834141991025,6.3403604503221,-2.17391650003152,0.0297114066513087
"x2",-1.82706175277362,1.9848504391109,-0.920503488208432,0.357309711024322
