"","Estimate","Std. Error","z value","Pr(>|z|)"
"(Intercept)",1.97780450630977,2.38430953771866,0.829508281127859,0.406816852808543
"x1",-8.83774906725488,3.71478840902204,-2.37907199392321,0.0173562857827316
"x2",4.34438533635864,2.64670834386684,1.64142956908183,0.100708276079517
