"","Estimate","Std. Error","z value","Pr(>|z|)"
"(Intercept)",12.1992443464912,6.00954444357145,2.02997822231617,0.0423587529879919
"x1",-1.6457836364145,3.69805919552485,-0.445039830191502,0.656290970332044
"x2",-18.5911442699158,8.44479588707134,-2.20149125195295,0.0277012653217548
