"","Estimate","Std. Error","z value","Pr(>|z|)"
"(Intercept)",-7.90351956069574,3.6408651465186,-2.17078063664431,0.0299477583248022
"x1",13.4467314973041,5.91389626788262,2.27375166695618,0.0229809217674767
"x2",-0.684975520989741,1.93515427749952,-0.353964295743294,0.723365641058919
