"","Estimate","Std. Error","z value","Pr(>|z|)"
"(Intercept)",106.73014702308,55.2721106640714,1.93099459638436,0.0534837206631482
"x1",-177.371700432087,92.1992160860905,-1.92378751101817,0.0543812235040726
"x2",-0.28237323031678,2.41787871285119,-0.116785523118239,0.907030016120799
