"","Estimate","Std. Error","z value","Pr(>|z|)"
"(Intercept)",5.90734382012554,3.72481968411526,1.58594088334471,0.112752720491264
"x1",-17.5450450745573,9.10037918340178,-1.9279465966163,0.0538617690332602
"x2",1.37864135350996,1.64471105372969,0.838227085775122,0.401903177621584
