"","Estimate","Std. Error","z value","Pr(>|z|)"
"(Intercept)",-7.49419946714055,2.3231739168275,-3.22584521669155,0.001256012624867
"x1",6.02394094991203,2.17090178457987,2.77485651018423,0.00552260678728783
"x2",7.27689193167152,2.46497474599785,2.95211622086041,0.00315604118246957
