"","Estimate","Std. Error","z value","Pr(>|z|)"
"(Intercept)",11.5560537637105,5.41232548800335,2.1351365118977,0.0327498609834851
"x1",-18.0159691549136,8.73244243278723,-2.06310769221564,0.0391023975060064
"x2",0.350303040799655,2.04415405372245,0.171368219612287,0.863934242180086
