"","Estimate","Std. Error","z value","Pr(>|z|)"
"(Intercept)",12.8473192731303,6.10553815371813,2.10420751613951,0.0353603491902872
"x1",-23.0811184732158,10.9846420514048,-2.10121716895309,0.0356219069401481
"x2",-0.232672655122579,1.78071056769768,-0.130662814801738,0.896042049576752
