"","Estimate","Std. Error","z value","Pr(>|z|)"
"(Intercept)",8.85111864711785,3.03619277372942,2.91520312007259,0.00355457114884169
"x1",-12.0913768341398,4.10569407159521,-2.94502625458448,0.00322927259437843
"x2",-0.897598552616589,1.53452176500027,-0.5849369967173,0.55859008086825
