"","Estimate","Std. Error","z value","Pr(>|z|)"
"(Intercept)",4.72860442598742,1.65707889861392,2.85357832384609,0.00432298699844304
"x1",-9.12512897451796,2.78236814741146,-3.27962673918885,0.0010394451028192
"x2",-0.217634351879297,1.35838408299537,-0.160215622815156,0.872711223138525
