"","Estimate","Std. Error","z value","Pr(>|z|)"
"(Intercept)",2.18023350116803,3.5358618655046,0.616605960328398,0.537494662197851
"x1",4.90434951804113,3.60075839323229,1.36203237830646,0.173187667092512
"x2",-9.57248204611538,4.18280045084053,-2.28853423887143,0.0221064285591937
