"","Estimate","Std. Error","z value","Pr(>|z|)"
"(Intercept)",-5.8062660850872,2.58477745816314,-2.24633113645822,0.0246828056131393
"x1",3.11701570522679,3.74518024909604,0.832273882139352,0.405254369329313
"x2",10.878522791676,5.81451231383619,1.87092609053204,0.061355326104884
