"","Estimate","Std. Error","z value","Pr(>|z|)"
"(Intercept)",-1.57822456908834,2.22207357758598,-0.710248564677545,0.477550009712713
"x1",-6.20522862014277,3.2653423347349,-1.90033019023304,0.0573898018198315
"x2",7.07837072641505,2.99371855748603,2.36440753881657,0.0180589345548535
