"","Estimate","Std. Error","z value","Pr(>|z|)"
"(Intercept)",-2.82791180930242,2.20770203832763,-1.28093001691687,0.200218248391682
"x1",6.73796077271026,3.07993854053105,2.18769325557661,0.028691953677375
"x2",-3.66997854283578,2.49423385438919,-1.47138510544133,0.141186999164928
