"","Estimate","Std. Error","z value","Pr(>|z|)"
"(Intercept)",-3.60351882952344,1.76544046028396,-2.04114435495821,0.0412364807387312
"x1",-3.38347371021126,2.06663448711917,-1.6371901907665,0.101590736010187
"x2",12.1893967398098,3.87628761277698,3.14460585938753,0.00166310728704064
