"","Estimate","Std. Error","z value","Pr(>|z|)"
"(Intercept)",-2.76278672522748,1.25649434196926,-2.19880554408025,0.027891752126725
"x1",7.72998608065134,2.57227024182289,3.0051220727,0.00265474279714667
"x2",1.66740397306726,1.48817277970964,1.12043708620486,0.262527548504813
