"","Estimate","Std. Error","z value","Pr(>|z|)"
"(Intercept)",-0.294441635826071,2.41085149920592,-0.122131801118009,0.90279463674461
"x1",8.51798969915142,4.13483884259879,2.06005361355215,0.03939341569178
"x2",-7.20664152003892,3.3797125444699,-2.13232380719209,0.0329802362216264
