"","Estimate","Std. Error","z value","Pr(>|z|)"
"(Intercept)",-4.92987645885873,2.46211093521832,-2.00229664242224,0.045252836912227
"x1",12.2633193218457,5.83211469052262,2.1027225925056,0.035490025960274
"x2",0.0119785957640355,1.36175951390585,0.00879641055686697,0.992981570336959
