"","Estimate","Std. Error","z value","Pr(>|z|)"
"(Intercept)",-0.57426969573221,0.981868372884378,-0.58487442063666,0.55863215926257
"x1",-3.25322058585128,1.58971857964453,-2.04641288559306,0.0407157653658803
"x2",1.31508788296589,1.2797264778503,1.02763200240647,0.304122964515902
