"","Estimate","Std. Error","z value","Pr(>|z|)"
"(Intercept)",9.26943584156115,3.70087864813734,2.50465814279711,0.0122569797389258
"x1",-21.2632988947521,8.50937361932794,-2.49880894246496,0.0124611472970728
"x2",-0.483117720349469,1.84037010314788,-0.262511176161314,0.792927370080247
