"","Estimate","Std. Error","z value","Pr(>|z|)"
"(Intercept)",-6.93485574163532,3.49491868846619,-1.98426812175101,0.0472259579450393
"x1",11.4886584389344,5.3192776074671,2.15981554014154,0.0307869521353189
"x2",-0.855959928917509,2.25375374367271,-0.379793014796123,0.704099067916007
