"","Estimate","Std. Error","z value","Pr(>|z|)"
"(Intercept)",-6.41677117544876,2.99119152481505,-2.14522243802009,0.0319350664231801
"x1",14.5557477734359,6.82295974810833,2.13334803528212,0.0328961864793119
"x2",1.30115067024573,2.03478196593244,0.639454591219298,0.52252724488732
