"","Estimate","Std. Error","z value","Pr(>|z|)"
"(Intercept)",1.19211835809955,1.1233033977285,1.061261241184,0.288571194724962
"x1",3.70209029773317,1.70660359598195,2.16927370037741,0.0300619106735358
"x2",-6.94544580405449,2.15745488932772,-3.21927741729921,0.00128514088675099
