"","Estimate","Std. Error","z value","Pr(>|z|)"
"(Intercept)",-5.71546094867229,2.90512998575979,-1.96736840578151,0.0491407539880927
"x1",-1.01584408572271,2.66605031803529,-0.381029599798146,0.703181284860097
"x2",13.7016970673088,6.07471532870627,2.25552907846742,0.0241001391887744
