"","Estimate","Std. Error","z value","Pr(>|z|)"
"(Intercept)",2.91204092371158,2.15048934299022,1.35412943719239,0.175695086129117
"x1",-5.89485329870686,3.60710267910734,-1.63423495894652,0.102209524687145
"x2",-2.01310812186234,2.34053224612939,-0.860106980021951,0.389730073924147
