"","Estimate","Std. Error","z value","Pr(>|z|)"
"(Intercept)",5.50107393481001,3.11653440925381,1.76512536440345,0.0775426986625237
"x1",-9.97984021696997,4.19022809591565,-2.38169378576255,0.0172332208771543
"x2",1.73865097482804,2.0779377105353,0.836719486832039,0.402750262945986
