"","Estimate","Std. Error","z value","Pr(>|z|)"
"(Intercept)",12.9890717856266,5.97975131017973,2.17217591700083,0.0298423964720913
"x1",-31.0770433637965,13.4542998900985,-2.30982240753138,0.020897988216565
"x2",-0.0940471160413104,1.85567430052869,-0.0506808312291203,0.959579851480085
