"","Estimate","Std. Error","z value","Pr(>|z|)"
"(Intercept)",-7.70023637738613,2.4647897821048,-3.1240945711851,0.00178353122645739
"x1",10.2138679333564,3.13334918732985,3.25972859158424,0.00111518873783575
"x2",6.0391684945146,2.46805719948125,2.44693214394867,0.0144077961470493
