"","Estimate","Std. Error","z value","Pr(>|z|)"
"(Intercept)",-3.63079199203673,2.63522178070488,-1.37779370928907,0.16826698881829
"x1",5.46926690211784,3.4653594747873,1.57826826968753,0.11450399219103
"x2",3.55040318225454,2.44607868069113,1.45146728528429,0.146649785487082
