"","Estimate","Std. Error","z value","Pr(>|z|)"
"(Intercept)",-9.48616647016502,4.12983663616671,-2.29698346590533,0.0216197129574552
"x1",17.3013660071274,7.50803256230923,2.30438078997969,0.02120127739266
"x2",0.258252565688188,2.14652566451601,0.120311892821658,0.904236083436608
