"","Estimate","Std. Error","z value","Pr(>|z|)"
"(Intercept)",-3.00297740084082,1.19864883919208,-2.50530205565869,0.0122346859191809
"x1",6.42763509583167,1.96218183602177,3.27575914618769,0.00105378386963941
"x2",0.455468904098508,1.27168269225946,0.358162383486759,0.720221796044608
