"","Estimate","Std. Error","z value","Pr(>|z|)"
"(Intercept)",-5.95897419284123,2.41852460196619,-2.46388818538243,0.0137438979442968
"x1",0.255188077906337,3.18300925273315,0.0801719560466924,0.936100494180308
"x2",13.446173330343,5.51050466048361,2.44009835011426,0.0146832637982253
