"","Estimate","Std. Error","z value","Pr(>|z|)"
"(Intercept)",8.85140877283793,3.89105395171386,2.27481008556543,0.0229173249591764
"x1",-15.5751250608855,6.62966593135415,-2.34930767585512,0.0188083578527937
"x2",-0.75982280379265,1.948103497387,-0.390032051588534,0.696512846356968
