"","Estimate","Std. Error","z value","Pr(>|z|)"
"(Intercept)",-8.53585216812396,3.3555442002554,-2.54380561205967,0.0109652087949368
"x1",8.86692229332771,3.59115693420701,2.46909908304681,0.0135453706901075
"x2",11.0044718032583,4.46680640893767,2.46361064165202,0.0137545436499434
