"","Estimate","Std. Error","z value","Pr(>|z|)"
"(Intercept)",5.76034348242129,2.2057385466417,2.61152596312541,0.0090139143213331
"x1",-5.65872782040236,2.58660385465615,-2.18770563192971,0.0286910515667631
"x2",-6.51812597820199,2.87731332285901,-2.26535147438351,0.0234911196193308
