"","Estimate","Std. Error","z value","Pr(>|z|)"
"(Intercept)",8.9955778982161,4.57246137425579,1.96733819313678,0.0491442346750699
"x1",-0.394843341530489,3.89894557228733,-0.101269262217183,0.919336715922832
"x2",-14.5771381732285,6.2117142214988,-2.34671745245086,0.0189396109915808
