"","Estimate","Std. Error","z value","Pr(>|z|)"
"(Intercept)",-0.975950351698388,1.903588988933,-0.512689639082975,0.608168438393817
"x1",5.54110742552248,2.7734402456335,1.99791844596125,0.0457255024836574
"x2",-6.54179512471289,2.72253275236803,-2.40283431632655,0.0162685564426531
