"","Estimate","Std. Error","z value","Pr(>|z|)"
"(Intercept)",-3.14989728829908,1.9983322340938,-1.57626306304741,0.114965190352643
"x1",-3.67457231784331,2.47507191164006,-1.48463254766947,0.137641188694365
"x2",19.5174090158671,6.90075700663093,2.82829970641088,0.00467959737829144
