"","Estimate","Std. Error","z value","Pr(>|z|)"
"(Intercept)",5.10482389368716,2.48211098486306,2.05664610680928,0.0397202797244687
"x1",-3.00913374577649,3.79381557002984,-0.793168168096484,0.42767985080127
"x2",-7.41802451782318,3.55960582789217,-2.08394549185682,0.0371651256866114
