"","Estimate","Std. Error","z value","Pr(>|z|)"
"(Intercept)",1.02689262688391,1.72911389652896,0.593883739495302,0.552589875417412
"x1",7.64244576528056,3.82706089576941,1.99694908793556,0.0458307139153782
"x2",-7.97519938261421,3.5680524653624,-2.23516875383282,0.0254062719914614
