"","Estimate","Std. Error","z value","Pr(>|z|)"
"(Intercept)",2.26647851938976,1.08979773334847,2.07972401669974,0.0375508539189381
"x1",-4.79842985929424,1.65983645599883,-2.8909052105418,0.00384133963106482
"x2",-0.748590463778633,1.19425656785036,-0.626825494563605,0.530773629857747
