"","Estimate","Std. Error","z value","Pr(>|z|)"
"(Intercept)",1.65056381279615,2.18384502716151,0.755806292235624,0.449765343621032
"x1",-7.42860139656183,3.43850102470476,-2.16041854959158,0.0307402827332749
"x2",4.15568398027657,2.36719126140018,1.75553367741756,0.0791680653852602
