"","Estimate","Std. Error","z value","Pr(>|z|)"
"(Intercept)",1.51269596133775,0.984445439094522,1.53659705379823,0.124392014496099
"x1",-1.24529884458178,1.2787577145459,-0.973834863646552,0.330138539497462
"x2",-3.47513080888139,1.40757296354054,-2.46888147108211,0.0135536104043298
