"","Estimate","Std. Error","z value","Pr(>|z|)"
"(Intercept)",-16.7938487639981,8.37565297807288,-2.00507934222725,0.0449545655382474
"x1",25.9679242812494,13.6359042806355,1.90437859835425,0.0568608944345572
"x2",0.456159160702137,1.8369555604291,0.248323460038185,0.803884148874465
