"","Estimate","Std. Error","z value","Pr(>|z|)"
"(Intercept)",3.62388221611467,1.57719630956785,2.29767353254055,0.021580377049849
"x1",-8.70226850772622,2.71018696758083,-3.21094766221758,0.00132298027781465
"x2",3.69087879682742,1.77131660095234,2.0836923195114,0.0371881633059801
