"","Estimate","Std. Error","z value","Pr(>|z|)"
"(Intercept)",0.946786803160257,1.07743508441364,0.878741389487535,0.379541511584053
"x1",0.810851346223167,1.62395037803403,0.49930795742958,0.617562450116249
"x2",1.3268091739266,1.4483530566062,0.916081315860651,0.359624246730587
