"","Estimate","Std. Error","z value","Pr(>|z|)"
"(Intercept)",0.912673943969778,1.20819366567463,0.755403682289759,0.450006804486705
"x1",-1.37646912135875,1.40741772237497,-0.978010365704366,0.328069197373364
"x2",-1.1439391979213,1.35096238657013,-0.846758732362325,0.397129614584519
