"","Estimate","Std. Error","z value","Pr(>|z|)"
"(Intercept)",-3.63216205241562,1.44770964509573,-2.50890229592651,0.0121106976813032
"x1",-1.34924428626504,1.49978813565151,-0.899623256240077,0.368320776597966
"x2",6.32556188834177,2.00712479216758,3.15155386103847,0.00162404206802433
