"","Estimate","Std. Error","z value","Pr(>|z|)"
"(Intercept)",-11.0449788448337,4.97974962522275,-2.21797874915039,0.026556281407444
"x1",0.555933396058059,3.03198165293781,0.183356451223705,0.85451834341967
"x2",18.7235486218503,8.48283982761303,2.20722647160001,0.027298241259104
