"","Estimate","Std. Error","z value","Pr(>|z|)"
"(Intercept)",-18.2207300091195,9.0826908678674,-2.00609381891225,0.0448462392144546
"x1",29.9977109068714,14.4578396918506,2.07484047037678,0.0380013224054653
"x2",-0.484587749659446,2.27018554931018,-0.213457331629431,0.83097026656744
