"","Estimate","Std. Error","z value","Pr(>|z|)"
"(Intercept)",-0.157053907808982,1.48533056051793,-0.105736670330285,0.915791284708765
"x1",9.05959098833888,3.29930624703601,2.74590786971586,0.00603437068134015
"x2",-11.4236530759085,3.73330004382108,-3.05993435882969,0.00221385506934601
