"","Estimate","Std. Error","z value","Pr(>|z|)"
"(Intercept)",-6.09173245966489,2.8805799915288,-2.11475899908332,0.0344504930163412
"x1",4.57380575481559,2.7832403409325,1.6433384093891,0.100312935551926
"x2",6.0125787945753,2.91067832580819,2.06569676259427,0.0388571211782888
