"","Estimate","Std. Error","z value","Pr(>|z|)"
"(Intercept)",-5.10266748344771,2.16215780106526,-2.35998847120858,0.0182755030064041
"x1",5.2195312074035,2.77859381008173,1.87847939071381,0.0603156138261137
"x2",5.83587667013027,2.48969637777678,2.34401139119683,0.0190775887263473
