"","Estimate","Std. Error","z value","Pr(>|z|)"
"(Intercept)",-7.90486501396874,3.1757618466532,-2.48912399470361,0.0128058295051828
"x1",8.07456374441145,3.30461262430435,2.44342216846406,0.0145487073425121
"x2",7.17465891049934,3.46543710021365,2.07034746354421,0.0384198178368629
