"","Estimate","Std. Error","z value","Pr(>|z|)"
"(Intercept)",3.66089777720828,2.75941294486726,1.32669442752954,0.184609785064476
"x1",1.39008483706591,2.94424990378719,0.472135478472068,0.636830090134713
"x2",-10.6519171864742,4.53262093158003,-2.3500569201054,0.0187705404142045
