"","Estimate","Std. Error","z value","Pr(>|z|)"
"(Intercept)",16.1562766964002,7.79933340110224,2.07149455799863,0.0383126024927183
"x1",-1.57855825299918,1.87726840505373,-0.840880424317374,0.400414926061503
"x2",-26.1737066452612,12.8857048692016,-2.03122040361328,0.0422326415068165
