"","Estimate","Std. Error","z value","Pr(>|z|)"
"(Intercept)",-7.39267095760027,3.27788095147749,-2.25532014952162,0.0241132407680983
"x1",-2.41874179752942,2.41117694290814,-1.00313741164602,0.315794566123782
"x2",20.1963622386852,7.59409001751645,2.65948417678754,0.00782604060091141
