"","Estimate","Std. Error","z value","Pr(>|z|)"
"(Intercept)",17.8161085564895,8.48967714964617,2.09856137547374,0.0358555841978853
"x1",1.6688034786098,2.54380972102404,0.6560252776839,0.511807860215963
"x2",-31.1767762709369,13.8772313899918,-2.24661356395782,0.0246647345573661
