"","Estimate","Std. Error","z value","Pr(>|z|)"
"(Intercept)",1.69568538482028,1.67601231675812,1.0117380211741,0.311663331125837
"x1",3.32588932389856,2.70913714103198,1.22765631666459,0.219576011322671
"x2",-8.00166014770499,3.20772562182685,-2.49449644111017,0.0126135991376101
