"","Estimate","Std. Error","z value","Pr(>|z|)"
"(Intercept)",-1.02743118001924,1.40913715878156,-0.729120776935323,0.465927786375514
"x1",-9.9128825677167,3.49728297379,-2.83445252843642,0.00459042775124288
"x2",10.5616670891746,3.42321107621292,3.08530991926413,0.00203340150223327
