"","Estimate","Std. Error","z value","Pr(>|z|)"
"(Intercept)",-5.28571455910646,3.20565912838948,-1.64886981036003,0.0991743092013643
"x1",-1.54352914684253,1.68329308221046,-0.916969934205157,0.359158395252865
"x2",8.36047266627443,5.21110980190699,1.60435549894092,0.108635714210128
