"","Estimate","Std. Error","z value","Pr(>|z|)"
"(Intercept)",10.9717508282737,4.93448437596342,2.22348476402493,0.0261831296349842
"x1",-0.251559192140936,2.47425721040999,-0.101670590705989,0.919018146367973
"x2",-18.2209135149542,7.68492735969387,-2.37099359071626,0.0177403387171882
