"","Estimate","Std. Error","z value","Pr(>|z|)"
"(Intercept)",-2.86186056106176,1.15819959508949,-2.47095627834392,0.0134752292530689
"x1",2.74055149195999,1.51478684644973,1.80919942524134,0.0704200269056007
"x2",0.494737678138116,1.15968091548877,0.426615348696672,0.669659516438588
