"","Estimate","Std. Error","z value","Pr(>|z|)"
"(Intercept)",-6.96346473829304,3.56826406315274,-1.95149927669323,0.0509976821676669
"x1",15.1190221920672,6.72208065352046,2.24915810615113,0.0245024387883782
"x2",-0.143239250648503,2.2494092425717,-0.0636786085597929,0.949226138067097
