"","Estimate","Std. Error","z value","Pr(>|z|)"
"(Intercept)",-0.487845586428075,0.997767236284957,-0.488937267818593,0.624886110113614
"x1",-1.17593507386622,1.4443708350773,-0.814150386665272,0.415558803616493
"x2",-0.863546561678702,1.23001926864844,-0.702059377189741,0.482642134649155
