"","Estimate","Std. Error","z value","Pr(>|z|)"
"(Intercept)",-9.13957846160323,4.29470895869898,-2.12810193880331,0.0333286326132209
"x1",15.3735694972549,7.37653368850475,2.08411838763948,0.0371493998801091
"x2",0.391610574198047,2.19054583583602,0.178773056373225,0.858115902331744
