"","Estimate","Std. Error","z value","Pr(>|z|)"
"(Intercept)",1.23265163201246,0.987520645484225,1.24822872073529,0.211947308910049
"x1",-2.10683711380972,1.37207704507252,-1.53550933701276,0.124658765349886
"x2",1.79253515423664,1.25052031039974,1.43343145995256,0.151734573163835
