"","Estimate","Std. Error","z value","Pr(>|z|)"
"(Intercept)",11.4395243707982,3.65210257190054,3.13231190679431,0.00173435516673978
"x1",-11.0006017102395,3.6206163433987,-3.0383229447374,0.0023789885668705
"x2",-9.46295128287653,3.3945614312343,-2.78768008020279,0.00530869402135641
