"","Estimate","Std. Error","z value","Pr(>|z|)"
"(Intercept)",-4.98555250644978,2.47045874494683,-2.01806750128794,0.0435842317581578
"x1",-0.404019801622194,1.73653810602302,-0.232658183670654,0.816026842760156
"x2",12.6659413018631,5.73421280066027,2.20883698289061,0.0271859816652859
