"","Estimate","Std. Error","z value","Pr(>|z|)"
"(Intercept)",2.55732158072308,1.11120636105666,2.3013921359227,0.0213694760281627
"x1",-1.55306888147649,1.41843734013805,-1.09491539564613,0.273553703522975
"x2",-0.888979960166863,1.21104775293062,-0.734058552204579,0.462913053173828
