"","Estimate","Std. Error","z value","Pr(>|z|)"
"(Intercept)",-6.75210019075145,3.3767431054018,-1.99958953938488,0.0455446044233155
"x1",10.0295761313051,9.60776810128039,1.04390281130625,0.296530357390808
"x2",2.34417127988801,2.27615805175224,1.02988071416368,0.303066005071901
