"","Estimate","Std. Error","z value","Pr(>|z|)"
"(Intercept)",6.32072556094732,2.21745134262649,2.85044611326652,0.00436579474180484
"x1",-9.84554019048284,3.15553115921721,-3.12008967546535,0.00180795990278742
"x2",1.14739670369298,1.49608818886678,0.766931195788717,0.443122424747375
