"","Estimate","Std. Error","z value","Pr(>|z|)"
"(Intercept)",-17.8997795995963,9.6662073955821,-1.85178931788462,0.064056082166065
"x1",29.2467925592789,16.0046598810214,1.82739232053036,0.0676408031627339
"x2",0.670643383022707,1.97350588065056,0.339823351730591,0.73398956119824
