"","Estimate","Std. Error","z value","Pr(>|z|)"
"(Intercept)",-0.843632234362544,1.63872112338411,-0.514811350341517,0.606684853055048
"x1",6.47044058243127,2.70722407082006,2.39006466150076,0.0168454067004691
"x2",-4.92126979826217,2.44797610534955,-2.01034225273185,0.044394977815784
