"","Estimate","Std. Error","z value","Pr(>|z|)"
"(Intercept)",2.58547168954326,1.10624597905263,2.33715804486576,0.0194309677943498
"x1",-1.20209575318806,1.27812780592799,-0.940512949966906,0.346954510227814
"x2",-1.61313880209779,1.21960930437545,-1.32266849417312,0.1859456452853
