"","Estimate","Std. Error","z value","Pr(>|z|)"
"(Intercept)",0.569657622762723,1.16386811271502,0.489452040604369,0.624521700500849
"x1",-3.22239359387063,1.81228582393842,-1.77808243672502,0.0753903165651511
"x2",6.56528369143602,2.4160672538065,2.71734310420889,0.00658083481452149
