"","Estimate","Std. Error","z value","Pr(>|z|)"
"(Intercept)",-1.89542317777052,1.65695372339936,-1.14392040707204,0.252656647028105
"x1",-8.96422072754639,4.03928995743061,-2.2192565579641,0.0264692752585091
"x2",9.33193028343433,3.64062769559262,2.56327508982356,0.0103689856803195
