"","Estimate","Std. Error","z value","Pr(>|z|)"
"(Intercept)",-10.5469456712554,4.70083001091379,-2.24363477232081,0.0248559100627273
"x1",12.0242797095842,5.3289943391319,2.2563881558829,0.0240463327482355
"x2",3.60975504462543,3.26169343725081,1.10671193172219,0.268418495004942
