"","Estimate","Std. Error","z value","Pr(>|z|)"
"(Intercept)",2.29409262619442,1.30081734462817,1.7635778271777,0.0778030834896547
"x1",-6.03227940849484,2.04394441104462,-2.95129328170518,0.0031644628736688
"x2",3.78916838599183,1.68899150420527,2.24345023438987,0.0248677955987547
