"","Estimate","Std. Error","z value","Pr(>|z|)"
"(Intercept)",-3.52832067178114,3.17182399748199,-1.11239484743862,0.265968419046402
"x1",-3.50577966274129,2.8203222206912,-1.24304224425892,0.213852266885689
"x2",10.0940478058691,4.39243272648462,2.298054047591,0.02155871319048
