"","Estimate","Std. Error","z value","Pr(>|z|)"
"(Intercept)",-2.28681249306191,1.95147784183339,-1.17183625867536,0.241262802261027
"x1",-4.86176138126717,3.10839143779833,-1.56407630073475,0.117799650817925
"x2",8.52859366062875,3.49788171490059,2.43821671393228,0.0147599223855049
