"","Estimate","Std. Error","z value","Pr(>|z|)"
"(Intercept)",-2.79920208509832,1.69074076219295,-1.65560690774833,0.0978014503767413
"x1",-9.01597948219578,3.34832986567737,-2.69267958770001,0.00708803507734186
"x2",11.5911073548731,3.65687360146292,3.16967678353337,0.00152608592014331
