"","Estimate","Std. Error","z value","Pr(>|z|)"
"(Intercept)",4.72000929903001,2.62426654213759,1.79860133231182,0.0720817664642141
"x1",-10.6520970485618,4.85240530394675,-2.19521997469952,0.0281478220969604
"x2",-1.10191142147034,2.01676777428617,-0.546374964693371,0.584808215557816
