"","Estimate","Std. Error","z value","Pr(>|z|)"
"(Intercept)",-0.912564658684752,1.02803044340784,-0.887682523933504,0.374711549047813
"x1",1.86384511367154,1.42903463006113,1.30426868213251,0.192141989406914
"x2",-2.7233177952569,1.41613742304632,-1.92306039720259,0.0544724651898567
