"","Estimate","Std. Error","z value","Pr(>|z|)"
"(Intercept)",0.129930219318514,0.931830791825721,0.139435421600464,0.889106083353217
"x1",-3.3103573646449,1.43498472652844,-2.30689379715799,0.0210607414167513
"x2",2.37906489913005,1.27011535691803,1.87310930945905,0.0610532920882364
