"","Estimate","Std. Error","z value","Pr(>|z|)"
"(Intercept)",-10.8717510341476,4.51359107509476,-2.40866991565454,0.0160107713996765
"x1",8.80413842935882,3.82505514413413,2.30170235398052,0.021351963364331
"x2",10.4222751823569,4.34313532591187,2.39971228162657,0.0164079629349653
