"","Estimate","Std. Error","z value","Pr(>|z|)"
"(Intercept)",4.37430420621147,1.42897278272427,3.06115291984222,0.00220486454273192
"x1",-2.13379214515886,1.41795505358915,-1.50483764612833,0.132365822446431
"x2",-4.80883699398477,1.7169049059768,-2.8008755623241,0.00509641669694545
