"","Estimate","Std. Error","z value","Pr(>|z|)"
"(Intercept)",0.683347552383904,1.40744429093142,0.48552369481827,0.627304908904532
"x1",-7.58881324418094,3.0629828971438,-2.47758916684042,0.0132273353256232
"x2",4.3822882360866,2.58480636220348,1.6954029130255,0.0899990136997756
