"","Estimate","Std. Error","z value","Pr(>|z|)"
"(Intercept)",13.5199196766755,6.89873291832518,1.95976853093738,0.050022850975378
"x1",-32.8694967607478,16.2301327221592,-2.02521429266384,0.0428453646816854
"x2",-0.657646724965786,1.98514416082458,-0.331284114244184,0.740429889477322
