"","Estimate","Std. Error","z value","Pr(>|z|)"
"(Intercept)",-0.862232353964533,2.12075676473013,-0.4065682440835,0.684325124732594
"x1",13.6596993391796,5.35099443814321,2.55274033585419,0.0106879143665899
"x2",-14.4795186684682,5.48890968645594,-2.63795899287556,0.00834066670994666
