"","Estimate","Std. Error","z value","Pr(>|z|)"
"(Intercept)",-1.79831263730011,1.70431369368339,-1.05515354594938,0.291355106020362
"x1",15.3254309407096,5.21441402619353,2.93905141857271,0.00329218451780054
"x2",-12.9822417415448,4.63113284795179,-2.80325401317012,0.00505898075061461
