"","Estimate","Std. Error","z value","Pr(>|z|)"
"(Intercept)",0.212582691241044,0.892866850635686,0.238090025505699,0.811811270818958
"x1",1.06317343097694,1.16816952033667,0.910119132941019,0.362759685325298
"x2",-2.02647277886166,1.18382698491608,-1.71179809607509,0.0869338830710602
