"","Estimate","Std. Error","z value","Pr(>|z|)"
"(Intercept)",4.08405074949046,1.86693319302353,2.18757198423168,0.028700794420746
"x1",-16.9263537216008,6.38943663353645,-2.64911520254523,0.00807028166083366
"x2",-2.14166601038575,1.85610552793836,-1.15384927104041,0.248561970008417
