"","Estimate","Std. Error","z value","Pr(>|z|)"
"(Intercept)",-1.85813313439993,1.48598276040283,-1.25044057300921,0.211138651132702
"x1",10.8887989134983,3.72995265518934,2.91928609290767,0.00350834080132176
"x2",-10.4665818796383,3.57811911649661,-2.92516306441085,0.00344275769671507
