"","Estimate","Std. Error","z value","Pr(>|z|)"
"(Intercept)",11.9902239082786,5.23168408355256,2.29184784799481,0.021914424536052
"x1",-17.3398690610129,7.17117905518938,-2.41799415794324,0.015606327373765
"x2",0.0053403229516245,2.06740991964744,0.00258309825297501,0.997938988076896
