"","Estimate","Std. Error","z value","Pr(>|z|)"
"(Intercept)",-6.91408920038923,3.71044405391619,-1.86341286916636,0.0624042008091707
"x1",13.705432765526,5.88934195258795,2.32715859867899,0.0199568256348631
"x2",-1.01958533289287,2.09136473795481,-0.487521528114671,0.625888790464036
