"","Estimate","Std. Error","z value","Pr(>|z|)"
"(Intercept)",0.665973488153972,1.03432446560291,0.643872895113022,0.519657859439368
"x1",-4.35652586736228,1.632035827768,-2.66938126800828,0.00759911349403049
"x2",4.21415672743312,1.61574891556109,2.60817549487241,0.00910262731279236
