"","Estimate","Std. Error","z value","Pr(>|z|)"
"(Intercept)",8.32841198549977,3.58697896805139,2.32184578155588,0.0202412411115815
"x1",-11.3720742335918,5.55780546812639,-2.04614470564143,0.0407421356669835
"x2",-9.03144243876373,4.04846273406369,-2.23083254855561,0.025692223058183
