"","Estimate","Std. Error","z value","Pr(>|z|)"
"(Intercept)",-6.19378750359272,3.20983339609483,-1.92962896801069,0.0536528268800112
"x1",11.6898979555593,4.90971950566163,2.38097063224877,0.0172670884747044
"x2",-0.163962760109474,2.07647248609305,-0.0789621635767374,0.937062718149428
