"","Estimate","Std. Error","z value","Pr(>|z|)"
"(Intercept)",-4.86457947390391,1.5785387364937,-3.08169787756319,0.00205823624488709
"x1",6.21194096388599,2.01141434814006,3.08834476080482,0.00201274820666927
"x2",3.51698161730519,1.58144339627513,2.22390610096381,0.0261547625120408
