"","Estimate","Std. Error","z value","Pr(>|z|)"
"(Intercept)",0.859903511805702,1.19415480639065,0.72009383306405,0.471467224256035
"x1",-8.12292211908025,2.48111993803445,-3.27389337152127,0.00106076630779395
"x2",5.17192725297721,2.08809589711843,2.47686289701276,0.0132542805468817
