"","Estimate","Std. Error","z value","Pr(>|z|)"
"(Intercept)",-1.76655543378299,1.52992592357751,-1.15466729895795,0.248226695700149
"x1",-5.16525194577695,2.52511970674117,-2.04554735840347,0.0408009252267285
"x2",15.7181802288288,5.45493662431156,2.88145973296482,0.00395837809216876
