"","Estimate","Std. Error","z value","Pr(>|z|)"
"(Intercept)",-17.5798753062167,7.26427520452161,-2.42004533298439,0.0155185723306469
"x1",2.21829594500627,2.37007120429173,0.935961730174763,0.34929289208024
"x2",27.1032019881483,11.2944877715112,2.39968403494247,0.0164092289941801
