"","Estimate","Std. Error","z value","Pr(>|z|)"
"(Intercept)",5.47484936656025,2.13083840697045,2.56934047586658,0.0101892292333983
"x1",-5.61993687563891,2.67906398364565,-2.09772402225024,0.035929531547418
"x2",-5.9727515291728,2.72625182661369,-2.19082898757435,0.0284641700922855
