"","Estimate","Std. Error","z value","Pr(>|z|)"
"(Intercept)",-7.8538445951084,2.78280103065734,-2.82228032424338,0.0047683477180117
"x1",17.4054150121309,6.25815753667131,2.78123631598268,0.00541523021321181
"x2",2.34198905631867,1.89730001621944,1.23437992742198,0.217061365078943
