"","Estimate","Std. Error","z value","Pr(>|z|)"
"(Intercept)",4.13363342418067,2.6511643779402,1.55917658617315,0.118954590896607
"x1",-12.1124277257056,6.00551698296332,-2.01688343569198,0.0437076790662162
"x2",0.724367811890572,1.61362969831556,0.448905850361287,0.653499575566058
