"","Estimate","Std. Error","z value","Pr(>|z|)"
"(Intercept)",-3.79123163043096,1.53579231740891,-2.4685835366251,0.0135648986513506
"x1",9.20335814619905,3.15450810241494,2.91752560063276,0.00352820684696696
"x2",3.39194657129104,1.83439736637807,1.84907950341658,0.0644463335417517
