"","Estimate","Std. Error","z value","Pr(>|z|)"
"(Intercept)",-4.28766086136288,1.81508605733788,-2.36223557777279,0.0181650949274662
"x1",6.73710883280906,2.65061901185935,2.54171150311155,0.0110311182906398
"x2",2.59240352257015,2.01783625903787,1.28474424570319,0.198881671245713
