"","Estimate","Std. Error","z value","Pr(>|z|)"
"(Intercept)",1.43015306902216,0.99813355064181,1.43282736874496,0.151907177844482
"x1",-2.28704917093496,1.32429000257815,-1.72700025408521,0.0841676178471325
"x2",1.24541603040086,1.17229127332397,1.06237763492818,0.288064282788818
