"","Estimate","Std. Error","z value","Pr(>|z|)"
"(Intercept)",-4.07434277157161,2.34109652464851,-1.74035659302143,0.0817964224481472
"x1",4.69158729460494,4.4087163818544,1.06416173966527,0.287255436035959
"x2",-0.886270573445796,1.93887322758539,-0.457105993747477,0.647594862374182
