"","Estimate","Std. Error","z value","Pr(>|z|)"
"(Intercept)",12.288350174924,5.59739149027954,2.19537086092048,0.0281370055864852
"x1",0.466999237914159,2.37653465697883,0.196504282629664,0.8442154809607
"x2",-21.0231710137691,9.43671767462297,-2.22780544450367,0.0258934916415949
