"","Estimate","Std. Error","z value","Pr(>|z|)"
"(Intercept)",-7.01422853109906,2.62733835604804,-2.66970887664794,0.0075917037718035
"x1",4.66959326915738,2.61098747409208,1.78843955227366,0.0737051198870435
"x2",16.8766651646173,5.83222241159806,2.89369368545618,0.00380739390065889
