"","Estimate","Std. Error","z value","Pr(>|z|)"
"(Intercept)",-1.50373525520642,1.2326626776761,-1.21990815690255,0.22249969330774
"x1",0.557043054251171,2.34188450418818,0.237861027414019,0.811988883661569
"x2",-1.35457668329721,2.04455274506164,-0.662529585783013,0.507631880360783
