"","Estimate","Std. Error","z value","Pr(>|z|)"
"(Intercept)",2.7522103308034,2.35181391187409,1.17025004270438,0.24190035960365
"x1",-7.1661851282225,3.19958131018078,-2.23972589957953,0.025108723080564
"x2",4.29302580823202,2.37209677946895,1.80980213176341,0.0703264772351574
