"","Estimate","Std. Error","z value","Pr(>|z|)"
"(Intercept)",-7.70073881950855,3.17075388816621,-2.42867756095766,0.0151540027250448
"x1",2.68638853080375,3.44612072123172,0.779539879219197,0.435661755487891
"x2",15.0073849602849,6.53717836354188,2.2956976428824,0.0216931753234589
