"","Estimate","Std. Error","z value","Pr(>|z|)"
"(Intercept)",-2.73255960121023,1.77146936179353,-1.54253844867158,0.122942802198995
"x1",-5.66334793967251,2.54379083449517,-2.22634182923945,0.0259912936752748
"x2",13.5643642062132,4.43338657304132,3.05959428142266,0.00221637014554205
