"","Estimate","Std. Error","z value","Pr(>|z|)"
"(Intercept)",-1.16369038868658,1.48830293237057,-0.781890812264311,0.434278745019867
"x1",10.5156165235814,3.61074914885234,2.91230880077165,0.00358767764747338
"x2",-10.4929548680957,3.58108292989466,-2.9301066391122,0.00338845698051904
