"","Estimate","Std. Error","z value","Pr(>|z|)"
"(Intercept)",-5.21260113896343,3.35247759618535,-1.55485040225016,0.119981701981779
"x1",-0.297808938717962,3.27251570393765,-0.0910030587048441,0.927490160648484
"x2",11.9328590782043,5.19556525506618,2.29673933294719,0.02163364422115
