"","Estimate","Std. Error","z value","Pr(>|z|)"
"(Intercept)",0.077595012634451,1.40560971493608,0.0552038107092763,0.955976093060208
"x1",4.61971929168987,2.75442162815543,1.67720121148758,0.0935031422342852
"x2",-6.58688925852835,2.85069690336843,-2.3106242023644,0.020853621229419
