"","Estimate","Std. Error","z value","Pr(>|z|)"
"(Intercept)",10.5033027245854,5.3358519148148,1.96843969665338,0.0490174681889964
"x1",-0.208642623527166,3.4558489607591,-0.060373768036823,0.951857950610681
"x2",-17.1305477957727,8.02690024882749,-2.13414235442567,0.0328311297409525
