"","Estimate","Std. Error","z value","Pr(>|z|)"
"(Intercept)",23.589810441418,11.5318742933474,2.04561807051839,0.0407939621513454
"x1",-55.8118921729854,26.9404998589554,-2.07167248065862,0.0382959954232818
"x2",0.0299870136403063,1.99003581734327,0.0150685798612105,0.987977467754138
