"","Estimate","Std. Error","z value","Pr(>|z|)"
"(Intercept)",-4.83793191028399,2.32859673558391,-2.07761689104612,0.0377446591870074
"x1",5.52652603138726,2.96898304373574,1.86142054365978,0.0626848116757614
"x2",0.253845271442588,2.25791325151181,0.112424722815468,0.910486653616519
