"","Estimate","Std. Error","z value","Pr(>|z|)"
"(Intercept)",-20.9602005776504,9.9880851877098,-2.09852040543684,0.0358591992732585
"x1",34.2577959787274,16.200083869995,2.11466781614495,0.0344582692339445
"x2",0.596761597434868,1.84244282722368,0.323896941938822,0.746016059276391
