"","Estimate","Std. Error","z value","Pr(>|z|)"
"(Intercept)",-11.2672493764697,4.91075493675917,-2.29440269807181,0.0217673783292693
"x1",30.8479271948643,12.9124308462973,2.38901006031023,0.0168938397499896
"x2",0.0531572100246147,2.02961339662727,0.0261908056543917,0.979105149393381
