"","Estimate","Std. Error","z value","Pr(>|z|)"
"(Intercept)",-24.8067455903629,11.0704898467357,-2.24079927210065,0.0250390801306779
"x1",45.4430470348416,20.0369698291124,2.26796004697356,0.0233316419190734
"x2",0.254804964050315,2.46032471661727,0.103565583164425,0.917514101402657
