"","Estimate","Std. Error","z value","Pr(>|z|)"
"(Intercept)",-5.34662574023483,2.21929420761157,-2.40915590276285,0.0159894660097267
"x1",8.13894888643996,3.47577254354172,2.34162298725871,0.019200098907347
"x2",2.3374740033244,2.63871721928862,0.885837249341394,0.375705234236172
