"","Estimate","Std. Error","z value","Pr(>|z|)"
"(Intercept)",-0.498694142552241,1.08377146963026,-0.460146955817517,0.645410742034035
"x1",3.28185914033748,1.94797149484744,1.6847572713555,0.0920354118398646
"x2",2.6692315741399,1.75507608282032,1.52086373933749,0.128294035124605
