"","Estimate","Std. Error","z value","Pr(>|z|)"
"(Intercept)",1.15965299218912,1.09944277881339,1.05476429927595,0.291533136140176
"x1",4.01269248876647,1.69782278346865,2.36343423344134,0.0181064400661984
"x2",-4.73787204191338,1.69743509892748,-2.7911948120473,0.0052513854604721
