"","Estimate","Std. Error","z value","Pr(>|z|)"
"(Intercept)",7.02012740771393,3.69713411149117,1.89880247673312,0.0575904514443627
"x1",-16.0936587119153,7.51808219318958,-2.14066011761538,0.0323014569348891
"x2",0.689403460338492,2.36705756773079,0.291249131299919,0.770860789070101
