"","Estimate","Std. Error","z value","Pr(>|z|)"
"(Intercept)",-5.70697487002925,2.79765506179044,-2.03991369342613,0.0413589226388175
"x1",13.2823947763825,5.69866227467999,2.33079170797648,0.0197643455747522
"x2",-1.12923463074537,2.18466783443464,-0.516890766159697,0.605232413846914
