"","Estimate","Std. Error","z value","Pr(>|z|)"
"(Intercept)",10.719696750479,4.97897907921698,2.1529909204127,0.0313193921198674
"x1",-0.293556179539166,2.29766750430657,-0.127762689331223,0.898336777620104
"x2",-16.1909990681057,7.2127786581701,-2.24476582956913,0.0247831694793615
