"","Estimate","Std. Error","z value","Pr(>|z|)"
"(Intercept)",2.64336816768811,1.70771492660719,1.54789779400701,0.121646905851993
"x1",-3.47110535967022,2.0355421664342,-1.70524856566877,0.0881480758113339
"x2",-3.44264100675922,1.96375725319153,-1.75308888161415,0.0795867517113515
