"","Estimate","Std. Error","z value","Pr(>|z|)"
"(Intercept)",7.94074121785695,2.94599242577552,2.6954384364266,0.00702960665850605
"x1",-8.21036209495755,3.78523121652745,-2.16905167090155,0.0300787612593703
"x2",-5.15806049290298,2.67845274989591,-1.92576124148669,0.0541341930668783
