"","Estimate","Std. Error","z value","Pr(>|z|)"
"(Intercept)",1.54194517335872,1.35181799400234,1.14064554562813,0.254017455714696
"x1",6.39029932725142,2.92567207169861,2.18421585558675,0.0289463903706735
"x2",-7.47340682731824,3.11382568929161,-2.4000723139446,0.0163918332565916
