"","Estimate","Std. Error","z value","Pr(>|z|)"
"(Intercept)",-6.27411950282038,3.19764256898691,-1.96210782395488,0.0497499322445323
"x1",16.4201832217066,7.91762093642836,2.07387842301954,0.0380906034229413
"x2",-1.32890989729271,2.01096990868491,-0.660830324488429,0.508721133232286
