"","Estimate","Std. Error","z value","Pr(>|z|)"
"(Intercept)",0.265011767841283,1.62608922996572,0.16297492348982,0.870538178830925
"x1",12.4461871172207,4.22878218452949,2.94320836924483,0.00324829705463787
"x2",-13.9180503434496,4.7792944482987,-2.91215586191891,0.0035894348064113
