"","Estimate","Std. Error","z value","Pr(>|z|)"
"(Intercept)",7.06611225541945,2.78529076954451,2.53693881180491,0.0111826497613132
"x1",-4.47286123646638,2.80721372652133,-1.59334545646052,0.111082714473587
"x2",-8.8977275159566,4.35216294250285,-2.04443804919668,0.0409102916576294
