"","Estimate","Std. Error","z value","Pr(>|z|)"
"(Intercept)",4.10736406295977,1.62187760930101,2.53247473138861,0.0113260532793656
"x1",0.207140078946992,1.58569799216747,0.130630220868133,0.896067834773977
"x2",-9.86516883078788,3.04252585651559,-3.242427277869,0.00118516190501618
