"","Estimate","Std. Error","z value","Pr(>|z|)"
"(Intercept)",1.47587577991919,1.06288443778186,1.38855714455581,0.164967456650763
"x1",-4.69885511394747,2.08540626124092,-2.2532085000797,0.0242460057125622
"x2",2.32751307926925,1.823782262261,1.27620118225284,0.201884410834108
