"","Estimate","Std. Error","z value","Pr(>|z|)"
"(Intercept)",5.91144418223251,2.9222872419159,2.02288265761201,0.0430852469545897
"x1",-2.22294722650302,1.89305109161738,-1.17426689451037,0.240288139132727
"x2",-9.65290347095978,4.63344006175427,-2.08331247244085,0.0372227505960724
