"","Estimate","Std. Error","z value","Pr(>|z|)"
"(Intercept)",8.32119217056237,3.8159451949474,2.18063723283559,0.0292102589421481
"x1",-0.678128715514833,2.58296688873099,-0.262538679250355,0.792906169102398
"x2",-12.419057728605,5.63175443337567,-2.20518452562588,0.0274411486078234
