"","Estimate","Std. Error","z value","Pr(>|z|)"
"(Intercept)",0.356832976455695,2.14938065131945,0.16601665053449,0.868143846774271
"x1",-6.73533295750231,3.04212143612133,-2.21402501475739,0.0268270582036592
"x2",5.87035585978032,3.41779720136461,1.71758460608385,0.085872410154608
