"","Estimate","Std. Error","z value","Pr(>|z|)"
"(Intercept)",0.830794158639342,1.62097953906593,0.512525999629876,0.608282928774649
"x1",7.86480004306706,3.30288884527655,2.38118822990803,0.0172568915437735
"x2",-6.69289878475614,2.90451785426464,-2.30430629817927,0.0212054556661548
