"","Estimate","Std. Error","z value","Pr(>|z|)"
"(Intercept)",-0.183908738752078,1.13694282791493,-0.161757244284088,0.871497023653701
"x1",-0.325398052122453,2.41432763723351,-0.134777917919754,0.892787465462412
"x2",0.766223412005809,1.99656471529944,0.383770887131445,0.701148267555088
