"","Estimate","Std. Error","z value","Pr(>|z|)"
"(Intercept)",0.623114888393196,1.36750391676498,0.455658576735384,0.648635513687603
"x1",-11.5514949771311,3.81196383870245,-3.03032648417335,0.0024428950983595
"x2",5.8134123393874,2.50723621012613,2.31865362980496,0.0204138246946428
