"","Estimate","Std. Error","z value","Pr(>|z|)"
"(Intercept)",-2.10054857647981,0.979075848692471,-2.14544008953447,0.031917676676441
"x1",2.78567119912518,1.33300362050963,2.08977016736096,0.0366384504238412
"x2",1.16440433114076,1.12741716577386,1.03280699149327,0.30169423122935
