"","Estimate","Std. Error","z value","Pr(>|z|)"
"(Intercept)",-6.27355409708794,2.5328393302248,-2.47688592885643,0.0132534253016372
"x1",5.88419097682756,2.83213483789469,2.0776521294451,0.0377414111122561
"x2",7.38723999322073,3.11378809185843,2.37242862240242,0.0176715771847794
