"","Estimate","Std. Error","z value","Pr(>|z|)"
"(Intercept)",17.0861449295539,8.06004387166264,2.1198575592901,0.0340180594495353
"x1",-39.7739376564323,18.9577545221852,-2.09802999663737,0.035902495634683
"x2",-0.0263460907314776,2.11744296033803,-0.012442408709452,0.990072650340205
