"","Estimate","Std. Error","z value","Pr(>|z|)"
"(Intercept)",9.11648795492433,4.50838906623805,2.02211650791076,0.0431643169932398
"x1",-20.8720586810131,10.0055337531566,-2.08605149869474,0.0369739584091773
"x2",0.473238511529887,1.93649513364962,0.24437887981572,0.806937397448592
