"","Estimate","Std. Error","z value","Pr(>|z|)"
"(Intercept)",-2.1239549537096,1.29313736868499,-1.64248207896851,0.100490137134845
"x1",-0.726456938553634,1.6386292070937,-0.443332106744325,0.65752553588426
"x2",9.13242427085819,3.00797512563426,3.03607040930318,0.00239683386884908
