"","Estimate","Std. Error","z value","Pr(>|z|)"
"(Intercept)",1.18906099424481,1.32909435359395,0.894640016361154,0.370979553262891
"x1",-6.53271308753628,3.12277043286907,-2.09196072140798,0.0364420294957898
"x2",4.51012429225182,2.7423696836169,1.64460842722832,0.10005058786123
