"","Estimate","Std. Error","z value","Pr(>|z|)"
"(Intercept)",0.878754154691027,1.92583718294049,0.456297221008729,0.648176262036916
"x1",-3.21078528262432,2.39594137657691,-1.34009342382641,0.180214973799514
"x2",-2.16355640369504,1.88270659705508,-1.14917343311978,0.250484473288149
