"","Estimate","Std. Error","z value","Pr(>|z|)"
"(Intercept)",11.9550887029569,3.83807694955869,3.11486425626029,0.00184029578617959
"x1",-9.61914619899911,3.46894931703978,-2.7729278579393,0.00555544350986198
"x2",-11.4067770781772,3.84035776002841,-2.97023813690024,0.00297568979188881
