"","Estimate","Std. Error","z value","Pr(>|z|)"
"(Intercept)",1.10111576826043,0.930368741946784,1.1835261854954,0.236600675010619
"x1",-1.48520321314691,1.26279208568806,-1.17612648192807,0.239544337037861
"x2",0.941603299334775,1.12541785849745,0.836669946389435,0.402778116734257
