"","Estimate","Std. Error","z value","Pr(>|z|)"
"(Intercept)",-2.88319118656944,1.28085223413985,-2.25099438461427,0.0243858930393772
"x1",1.05517348403926,1.50015738403808,0.703375189341116,0.481821964202592
"x2",7.06540660470581,2.21161962170005,3.19467531187606,0.001399882342412
