"","Estimate","Std. Error","z value","Pr(>|z|)"
"(Intercept)",-8.12668116221913,3.13250549832288,-2.59430707035314,0.00947817921030097
"x1",6.86246082787532,2.89511298249769,2.37036028278071,0.0177707590409332
"x2",6.37285461562492,2.75520057951194,2.31302746631747,0.0207211290763486
