"","Estimate","Std. Error","z value","Pr(>|z|)"
"(Intercept)",-4.81364551611084,2.62495114475631,-1.83380385030279,0.0666831159976174
"x1",10.7523388589002,4.36630901132772,2.46256937633249,0.0137945482554866
"x2",-0.24116019237537,2.14364810193113,-0.112499897794847,0.910427050776988
