"","Estimate","Std. Error","z value","Pr(>|z|)"
"(Intercept)",7.47270894114317,3.92594505382484,1.90341658853909,0.0569862081577874
"x1",1.09240296506862,2.47757996090289,0.440915321526303,0.65927430118587
"x2",-21.4345086035358,9.87188712182244,-2.17126759443525,0.0299109503960692
