"","Estimate","Std. Error","z value","Pr(>|z|)"
"(Intercept)",7.6379248020157,2.87552529555993,2.65618418095968,0.00790304377330306
"x1",-11.0161524099743,4.05977853137234,-2.71348604975515,0.00665793714539223
"x2",-7.11844417179529,3.31574923665315,-2.14685842135049,0.0318045546270623
