"","Estimate","Std. Error","z value","Pr(>|z|)"
"(Intercept)",0.330043413494643,1.85695949723831,0.177733232192456,0.858932485227434
"x1",15.0565032547851,4.93320245164098,3.05207487476551,0.00227265403384975
"x2",-15.0239456514191,5.02662042492141,-2.98887609992036,0.00280005651698171
