"","Estimate","Std. Error","z value","Pr(>|z|)"
"(Intercept)",5.66516860559863,2.14620744003008,2.63961837981478,0.0082999430208282
"x1",-12.8893507570306,4.27202634260575,-3.01715151624478,0.00255162237619823
"x2",0.486749838287656,1.46194283217977,0.332947244976678,0.739174105648955
