"","Estimate","Std. Error","z value","Pr(>|z|)"
"(Intercept)",0.175903961504682,1.66309648403151,0.105768945574507,0.91576567638815
"x1",-9.3947640861992,4.08790482859578,-2.29818561833455,0.0215512268810145
"x2",6.56383544688481,3.03823504928175,2.16041067936351,0.0307408914514023
