"","Estimate","Std. Error","z value","Pr(>|z|)"
"(Intercept)",-14.0658018377141,5.12443068554273,-2.74485161393581,0.00605382637263304
"x1",13.6597605036191,5.36807769652385,2.5446279424131,0.0109394228003021
"x2",12.7646295194236,4.95067047622045,2.57836379551739,0.00992694260730761
