"","Estimate","Std. Error","z value","Pr(>|z|)"
"(Intercept)",-13.4585141429907,6.40667649084358,-2.10070137960385,0.0356671881518316
"x1",22.5474925039479,10.6901631810344,2.10918132138055,0.0349289335566878
"x2",0.197936665657421,1.40278240812825,0.141102899858525,0.887788652818285
