"","Estimate","Std. Error","z value","Pr(>|z|)"
"(Intercept)",6.09263127519536,2.93752517574025,2.07406946688041,0.0380728597725064
"x1",-13.4617625258466,6.77192650134928,-1.98787782518969,0.0468252037674007
"x2",0.0025185107527609,1.9869952611439,0.00126749711084415,0.998988683895183
