"","Estimate","Std. Error","z value","Pr(>|z|)"
"(Intercept)",-1.44371926519006,1.66092662703113,-0.869225191344353,0.384723971209045
"x1",-7.92427931514575,3.86239767052505,-2.05164770464159,0.0402039124647466
"x2",8.42950786399513,3.25672243330725,2.58834089690439,0.00964394869333136
