"","Estimate","Std. Error","z value","Pr(>|z|)"
"(Intercept)",1.5215797301628,2.14423778760521,0.709613336243913,0.477943947239003
"x1",3.05670688025593,2.64992004185448,1.15350909913371,0.248701484979579
"x2",-0.14626795012143,2.12218569299679,-0.0689232570948499,0.945050706052371
