"","Estimate","Std. Error","z value","Pr(>|z|)"
"(Intercept)",0.724204232341821,1.0979467386652,0.659598691665368,0.509511394081473
"x1",5.10054929065524,1.85371488867999,2.75152846956271,0.00593178635465598
"x2",-4.81999406984258,1.79332259708496,-2.68774512610139,0.00719362812790097
