"","Estimate","Std. Error","z value","Pr(>|z|)"
"(Intercept)",-8.73734316609265,2.88632217333832,-3.02715450368003,0.00246867741916953
"x1",6.47925767634624,2.75320184970352,2.35335366967154,0.0186049290135507
"x2",12.6054182391605,3.90541231775861,3.22767923423639,0.00124798830466162
