"","Estimate","Std. Error","z value","Pr(>|z|)"
"(Intercept)",-1.03365383772976,2.14996857358877,-0.480776254326528,0.63067552858023
"x1",-6.78023093616524,3.63122672528019,-1.86720121025824,0.0618734946744763
"x2",5.19228213103757,2.81495388421278,1.84453541500543,0.0651051495141029
