"","Estimate","Std. Error","z value","Pr(>|z|)"
"(Intercept)",-2.54618936328461,1.5564449228239,-1.63590071575741,0.101860368180539
"x1",-2.18711176266478,2.01933119611687,-1.08308719583521,0.27876972172873
"x2",3.49288502035957,2.39099811707732,1.46084808491157,0.14405713641443
