"","Estimate","Std. Error","z value","Pr(>|z|)"
"(Intercept)",-12.4058670105795,6.15808930506933,-2.01456432279523,0.0439503188505538
"x1",13.2826693175821,7.49397215230757,1.77244711451083,0.0763203667884491
"x2",0.0719248788537976,2.47167382065178,0.0290996644673895,0.976785103402031
