"","Estimate","Std. Error","z value","Pr(>|z|)"
"(Intercept)",0.596170937149302,0.923838042862858,0.645319752477224,0.518719994890526
"x1",-3.19677028161832,2.27732811452011,-1.40373723981007,0.160397108805418
"x2",2.75897108682912,2.0494068656057,1.34622906419009,0.178228654562547
