"","Estimate","Std. Error","z value","Pr(>|z|)"
"(Intercept)",-16.7794956941999,7.28277265716669,-2.30399828253431,0.0212227399968829
"x1",27.0409402421304,11.5554864001879,2.34009537164015,0.0192788161018729
"x2",0.728827061172988,1.90195929124708,0.383198034010028,0.701572935612001
