"","Estimate","Std. Error","z value","Pr(>|z|)"
"(Intercept)",-0.0227468590844638,1.49885575811429,-0.0151761495136007,0.987891649402612
"x1",-15.5915492298987,5.28258526211428,-2.95149977828439,0.0031623477320508
"x2",15.8327569886861,5.44723682164492,2.90656666987081,0.00365419019353264
