"","Estimate","Std. Error","z value","Pr(>|z|)"
"(Intercept)",-16.1934225035574,6.26922772233155,-2.58300116390332,0.00979449925629302
"x1",18.6737676888985,7.22137478606406,2.58590202587677,0.00971245335852442
"x2",17.7851180702362,6.69375403746519,2.65697215205283,0.00788459558017873
