"","Estimate","Std. Error","z value","Pr(>|z|)"
"(Intercept)",0.580640910755115,1.44491271257816,0.401851894374352,0.68779302782656
"x1",11.315091275256,3.9173881709974,2.88842738614159,0.00387173411267435
"x2",-13.4866335393256,4.48196749037008,-3.00908776520643,0.00262033408837137
