"","Estimate","Std. Error","z value","Pr(>|z|)"
"(Intercept)",14.6673711876521,6.42633965060578,2.28238343833406,0.0224667122583427
"x1",-31.2278221727356,13.4209168560946,-2.32680244632874,0.0199757821576759
"x2",-0.229636316360337,1.84107614890425,-0.124729396172456,0.90073778434677
