"","Estimate","Std. Error","z value","Pr(>|z|)"
"(Intercept)",1.1456419665264,1.80611388720015,0.634313248264969,0.525876412193433
"x1",5.26663788253548,2.71278566238746,1.94141319587351,0.0522081789805631
"x2",-6.26863774398815,2.91053050774269,-2.15377840132997,0.0312575543011378
