"","Estimate","Std. Error","z value","Pr(>|z|)"
"(Intercept)",6.63441187951653,2.00790188750457,3.30415142333564,0.000952643621877752
"x1",-6.56370643379239,2.26231231346693,-2.90132639720892,0.00371586609185908
"x2",-6.82278389408047,2.13829953549916,-3.19075217518006,0.00141902943362706
