"","Estimate","Std. Error","z value","Pr(>|z|)"
"(Intercept)",8.70980641825409,3.50592906256887,2.48430765791714,0.012980360923406
"x1",-19.6472170455223,7.48482601547592,-2.62493971201187,0.0086664310780493
"x2",-0.590258606027593,1.68568801064247,-0.350158868249069,0.726219473410171
