"","Estimate","Std. Error","z value","Pr(>|z|)"
"(Intercept)",-2.9409350327399,1.90344847448553,-1.54505628713422,0.122332649095091
"x1",4.39825203733224,2.24846171722049,1.95611604309158,0.0504514856743997
"x2",-1.58456150844162,1.77030466105438,-0.895078425369944,0.370745166070123
