"","Estimate","Std. Error","z value","Pr(>|z|)"
"(Intercept)",-10.9155328041269,4.87427903869517,-2.23941483806576,0.0251289368015628
"x1",28.0833503856948,12.1553710959602,2.31036553010118,0.0208679257736252
"x2",0.0968218605766841,1.7817585767877,0.0543406170948493,0.956663789579579
