"","Estimate","Std. Error","z value","Pr(>|z|)"
"(Intercept)",1.06763788742493,0.879342881604777,1.21413149495964,0.224697514901832
"x1",-0.330430264623289,1.15554053813261,-0.285952983663624,0.774914132123799
"x2",-1.55052029459916,1.1091001911004,-1.39799840180426,0.162113547115999
