"","Estimate","Std. Error","z value","Pr(>|z|)"
"(Intercept)",-1.7354228362806,1.03684467511987,-1.67375391697891,0.0941789725350046
"x1",0.0805541788608931,1.31431900331868,0.0612896706640413,0.951128516953946
"x2",4.42630115822104,1.52288755318847,2.90651870451872,0.00365475047969063
