"","Estimate","Std. Error","z value","Pr(>|z|)"
"(Intercept)",-8.34110730836771,2.79235812239708,-2.98711946775915,0.00281619647398218
"x1",12.0773633361971,4.04697595610596,2.98429332597718,0.00284234146619062
"x2",1.52007755624976,1.59262967182778,0.954445081074772,0.339858396012023
