"","Estimate","Std. Error","z value","Pr(>|z|)"
"(Intercept)",6.79817852507087,2.97129906495906,2.28794825981764,0.0221405344030913
"x1",-4.3788637798349,3.16694255556274,-1.38267862552272,0.166763428643191
"x2",-7.68014306142914,2.8595554396566,-2.68578218660151,0.00723602431989618
