"","Estimate","Std. Error","z value","Pr(>|z|)"
"(Intercept)",-9.02621230611432,3.93591508609992,-2.29329447121237,0.0218310573264708
"x1",13.2049213816678,6.07302642849987,2.17435598825965,0.0296784106822133
"x2",-0.103403467073547,2.20767411462831,-0.0468381933675736,0.96264218851825
