"","Estimate","Std. Error","z value","Pr(>|z|)"
"(Intercept)",9.21992373685698,4.52823619883796,2.03609602768138,0.0417407135515136
"x1",-15.96445131681,7.10046961406058,-2.24836555672271,0.0245528895952579
"x2",0.735617482724196,1.98249961874622,0.371055548141501,0.710596158734743
