"","Estimate","Std. Error","z value","Pr(>|z|)"
"(Intercept)",-2.34645016521186,2.30034997028227,-1.02004051362842,0.30770924699089
"x1",6.14593546571447,3.63254366601809,1.69190959029861,0.0906632131498734
"x2",-5.04692159177279,2.78048292613165,-1.81512410824056,0.0695048390822028
