"","Estimate","Std. Error","z value","Pr(>|z|)"
"(Intercept)",14.2053127276695,6.7111782667027,2.11666449066756,0.0342883325491315
"x1",-22.6544526138772,11.2822559949522,-2.00797186520259,0.0446462814860883
"x2",0.110075118879791,2.04823719159985,0.0537413925160753,0.957141203975368
