"","Estimate","Std. Error","z value","Pr(>|z|)"
"(Intercept)",-0.406735068494328,1.14703643926337,-0.354596466661106,0.722891923566858
"x1",-3.86875964973448,1.77901438842569,-2.17466462042393,0.0296552579848328
"x2",6.65811469085357,2.16037606051397,3.081923935627,0.00205667384767027
