"","Estimate","Std. Error","z value","Pr(>|z|)"
"(Intercept)",-7.29263623238229,2.39427288600459,-3.0458667744226,0.00232010612764466
"x1",10.880298778376,3.39366598089655,3.20606059630583,0.00134565647760937
"x2",2.17503576860167,1.7248066203403,1.26103166752255,0.20729743795115
