"","Estimate","Std. Error","z value","Pr(>|z|)"
"(Intercept)",1.06310897496131,0.975259102519884,1.09007849525776,0.275678568261873
"x1",-2.30037633419422,1.36258487347975,-1.68824443817548,0.0913643160381419
"x2",2.05410791205212,1.27162039601167,1.61534677997825,0.106235618444499
