"","Estimate","Std. Error","z value","Pr(>|z|)"
"(Intercept)",5.94386833265544,2.6718249481619,2.22464736574324,0.0261049202563002
"x1",-11.1262895762287,4.58667993899493,-2.42578285910805,0.0152754068074224
"x2",-0.702592108991567,2.05104816145264,-0.342552711436069,0.731934982573329
