"","Estimate","Std. Error","z value","Pr(>|z|)"
"(Intercept)",6.69599917684295,3.21148201189902,2.08501842826249,0.0370676277943454
"x1",-15.4826539827253,8.1112648103582,-1.90878418405891,0.0562899379652588
"x2",-1.38724151997498,1.36396386952713,-1.01706617819423,0.309121948496218
