"","Estimate","Std. Error","z value","Pr(>|z|)"
"(Intercept)",-13.4812439651082,6.92757381389937,-1.94602675153885,0.0516515262532225
"x1",21.6014873406035,11.5370449996601,1.87235876615199,0.0611569856130438
"x2",-0.170328508238357,1.53711362195157,-0.110810616603672,0.911766526370841
