"","Estimate","Std. Error","z value","Pr(>|z|)"
"(Intercept)",-2.30028462461234,1.54607887403634,-1.48781841809079,0.136798787074292
"x1",-9.507462880327,3.49249843217697,-2.72225258363272,0.00648385643058051
"x2",11.7411010816724,3.79674225781077,3.09241457133895,0.00198535368556628
