"","Estimate","Std. Error","z value","Pr(>|z|)"
"(Intercept)",-17.5129999695133,8.25709968698256,-2.1209626422608,0.0339249463363177
"x1",-0.555164131601465,3.10891258799277,-0.178571804735076,0.858273935159672
"x2",43.9521291057458,20.5367724197841,2.14016731584387,0.0323412475168929
