"","Estimate","Std. Error","z value","Pr(>|z|)"
"(Intercept)",18.8534997093533,8.60440603904919,2.19114481857212,0.0284413143106318
"x1",-1.64265884371979,2.43191438706459,-0.67545915779648,0.49938409142645
"x2",-29.4573206253466,13.477643082446,-2.18564332392163,0.0288417103713976
