"","Estimate","Std. Error","z value","Pr(>|z|)"
"(Intercept)",0.183445317750133,0.938797749962073,0.195404513653281,0.84507628333795
"x1",-3.34501482871929,1.46035413636147,-2.29055045309319,0.0219894273612963
"x2",1.02642023329214,1.22829365180711,0.835647267070082,0.403353369347921
