"","Estimate","Std. Error","z value","Pr(>|z|)"
"(Intercept)",7.73423166538308,2.48778275514493,3.10888547216918,0.00187794497816294
"x1",-2.02851820785425,1.78052979037149,-1.13927788168656,0.254587270703815
"x2",-9.76640802742615,3.0950906238756,-3.15545139521533,0.00160249964261114
