"","Estimate","Std. Error","z value","Pr(>|z|)"
"(Intercept)",-0.477302396865954,1.29020431045477,-0.369943266348036,0.711424762895942
"x1",10.3522755597862,3.38124025419284,3.06167996993087,0.00220098635095298
"x2",-9.512894111996,3.25146073439853,-2.92572935338115,0.00343649760094381
