"","Estimate","Std. Error","z value","Pr(>|z|)"
"(Intercept)",-1.61077420617528,1.0093715425169,-1.595818921305,0.110529227576096
"x1",3.53222488194153,1.5651660988544,2.25677318498457,0.0240222511152845
"x2",2.1172138257128,1.32964639700128,1.59231343798449,0.111314295018825
