"","Estimate","Std. Error","z value","Pr(>|z|)"
"(Intercept)",7.63200608033873,3.36946516991225,2.26504970239461,0.0235096296639811
"x1",-11.9175503537677,5.01816454577425,-2.37488233896263,0.0175545450261753
"x2",-0.29131510659078,2.07587563232033,-0.140333602868665,0.888396415760145
