"","Estimate","Std. Error","z value","Pr(>|z|)"
"(Intercept)",-6.90787502619981,2.96700339836662,-2.32823293360658,0.0198997383079203
"x1",8.11746000977054,4.07890995675971,1.99010522316581,0.0465793455609656
"x2",7.99247816076149,3.83458744020421,2.08431240267554,0.0371317599090946
