"","Estimate","Std. Error","z value","Pr(>|z|)"
"(Intercept)",-0.61465106259448,1.47793890869621,-0.415883944172432,0.677494928862676
"x1",10.1067844041615,3.62209461504192,2.79031485323154,0.00526568071605108
"x2",-11.3109167494174,3.73282292066205,-3.0301241151325,0.00244453259550196
