"","Estimate","Std. Error","z value","Pr(>|z|)"
"(Intercept)",0.0199357674586679,0.894806992203923,0.0222794050922264,0.982225077160548
"x1",-1.71035868438247,1.25993867609946,-1.35749359617837,0.174624426847013
"x2",0.294840080159463,1.07694189679105,0.273775290048603,0.784257314042579
