"","Estimate","Std. Error","z value","Pr(>|z|)"
"(Intercept)",11.3569510452983,4.73906215993665,2.39645538758878,0.016554508584266
"x1",-27.3197477088352,11.7016795387088,-2.3346860267761,0.0195598287602908
"x2",-0.890355757297776,1.96380205444513,-0.453383657116778,0.650272502513987
