"","Estimate","Std. Error","z value","Pr(>|z|)"
"(Intercept)",-5.65131878041484,2.98739707720362,-1.89171999381643,0.0585282979630668
"x1",14.8268807992429,6.44220946213247,2.30152106763926,0.0213621959591594
"x2",0.0996038201128559,2.22667793189462,0.0447320282318986,0.964320904403896
