"","Estimate","Std. Error","z value","Pr(>|z|)"
"(Intercept)",2.81411116638852,1.95305558084923,1.44087612968233,0.149619680848389
"x1",-4.25679316360848,2.9401129682253,-1.44783319879642,0.147663705592613
"x2",1.5050633388322,2.33958095349667,0.643304663847079,0.520026430626998
