"","Estimate","Std. Error","z value","Pr(>|z|)"
"(Intercept)",-7.17666830201122,2.59546708856588,-2.76507775175708,0.0056909229421195
"x1",16.7115020788893,5.78558682449691,2.88847140071093,0.00387119230305815
"x2",3.25500926538199,2.14599014325866,1.51678668031499,0.129320551021788
