"","Estimate","Std. Error","z value","Pr(>|z|)"
"(Intercept)",0.765775728646548,1.54595765344996,0.495340688626005,0.62035965401812
"x1",7.04896192635201,3.09451772713752,2.27788707252694,0.0227333066961469
"x2",-4.78634642737991,2.88341004410751,-1.65996037821995,0.0969224236175095
