"","Estimate","Std. Error","z value","Pr(>|z|)"
"(Intercept)",10.9426033851404,5.14923275806092,2.12509395074638,0.0335787742440014
"x1",-0.981057946944929,2.77108018636435,-0.354034485098056,0.72331303940719
"x2",-17.5752764603996,7.76613918198159,-2.26306483164459,0.0236316930842748
