"","Estimate","Std. Error","z value","Pr(>|z|)"
"(Intercept)",-13.2922776639112,6.77421598418697,-1.96218687076694,0.0497407319290369
"x1",32.6906563297235,16.4747681947861,1.98428626996216,0.0472239359136403
"x2",0.173992356689189,1.8115848511187,0.0960442766905145,0.923485407366159
