"","Estimate","Std. Error","z value","Pr(>|z|)"
"(Intercept)",8.83572177762971,3.52506604590663,2.50654077471539,0.0121918994881115
"x1",-6.17676506134096,3.66704883169199,-1.68439673013325,0.0921050223190632
"x2",-6.18261741350774,3.40222597605118,-1.81722714982138,0.0691823394290182
