"","Estimate","Std. Error","z value","Pr(>|z|)"
"(Intercept)",-10.5931876590733,5.40570889543381,-1.95962969223543,0.0500390882773687
"x1",23.7770084223406,13.4407891458113,1.76901878040029,0.0768907405384383
"x2",-0.160112479997807,2.2047036758896,-0.0726231292435257,0.942106020841506
