"","Estimate","Std. Error","z value","Pr(>|z|)"
"(Intercept)",6.33050700443421,2.06777310285169,3.06150950300289,0.00220224001286654
"x1",-7.73290325290721,2.62809138209562,-2.94240272830279,0.00325676082520203
"x2",-7.40912542618181,2.51000578612723,-2.95183599461481,0.00315890662987145
