"","Estimate","Std. Error","z value","Pr(>|z|)"
"(Intercept)",1.85515033926645,0.977739307515598,1.89738749890329,0.0577768143195728
"x1",-2.77124023519765,1.35831580182176,-2.04020319242468,0.0413300919250005
"x2",-1.88502919046524,1.20091718965577,-1.56965793037366,0.11649471345609
