"","Estimate","Std. Error","z value","Pr(>|z|)"
"(Intercept)",6.58737693889654,2.00071762644387,3.29250707437666,0.000992983996345317
"x1",-4.22737400222078,1.88351983359046,-2.24440110840901,0.0248066052686767
"x2",-6.58798944130463,2.14475807248005,-3.07167019247385,0.00212864776216059
