"","Estimate","Std. Error","z value","Pr(>|z|)"
"(Intercept)",-7.10492581606425,2.66512785198736,-2.66588554495281,0.00767858299257849
"x1",14.0090548152681,4.73134687585271,2.96090208197709,0.0030673944316346
"x2",-0.753543824861559,1.52452806257154,-0.494280061719886,0.621108404199312
