"","Estimate","Std. Error","z value","Pr(>|z|)"
"(Intercept)",0.983054747814917,1.41593849963972,0.694277857452885,0.487507974359613
"x1",-13.6834854794985,4.32242416132544,-3.16569706460796,0.00154711825184975
"x2",8.94410337985214,3.43205217732813,2.60605110812015,0.00915927937030627
