"","Estimate","Std. Error","z value","Pr(>|z|)"
"(Intercept)",1.62609920901195,1.80337889953365,0.901695816354762,0.367218476023779
"x1",5.74916643922161,2.84715940685574,2.01926398127834,0.0434597894367077
"x2",-10.4760802341045,3.87856904813292,-2.70101681937247,0.00691278425728556
