"","Estimate","Std. Error","z value","Pr(>|z|)"
"(Intercept)",4.25777583309115,1.49468580636645,2.8486092628669,0.00439107726237294
"x1",-6.62238309815204,2.13150724794107,-3.10690151513626,0.0018905937195399
"x2",-0.165679169168736,1.21693923138047,-0.136144159787497,0.891707318041433
