"","Estimate","Std. Error","z value","Pr(>|z|)"
"(Intercept)",17.6032084876235,7.2305491431759,2.43456038249006,0.0149098919549957
"x1",-1.48105982779227,2.53945232791762,-0.583220173700506,0.559745092216436
"x2",-28.0608531409828,11.5452625607141,-2.43050801083273,0.015077672741656
