"","Estimate","Std. Error","z value","Pr(>|z|)"
"(Intercept)",1.82364830873503,1.16794748253171,1.56141293680602,0.118426351433525
"x1",-5.1595732207824,1.81586861020816,-2.8413802583387,0.00449187169472027
"x2",3.58147265917952,1.57584711548935,2.27272850518076,0.0230425457718723
