"","Estimate","Std. Error","z value","Pr(>|z|)"
"(Intercept)",-1.22277841919523,1.5272584391412,-0.80063621706541,0.423342277563853
"x1",-6.25453942113289,2.7259905798354,-2.29440977067153,0.0217669724555537
"x2",14.114348408211,4.72210061030197,2.98899781538293,0.0027989413293943
