"","Estimate","Std. Error","z value","Pr(>|z|)"
"(Intercept)",10.1102315986329,5.71767070127709,1.76824307079712,0.0770202765925653
"x1",-0.873760737613737,2.26330023113916,-0.386056045765506,0.699455161541923
"x2",-16.8836163996211,9.16804663577983,-1.84157182771409,0.0655378050728744
