"","Estimate","Std. Error","z value","Pr(>|z|)"
"(Intercept)",5.91730084831736,1.92381259449235,3.07581978892222,0.0020992468134869
"x1",-6.53679091311807,2.27187031155118,-2.87727291469155,0.00401128506393115
"x2",-6.97931393178894,2.30270915207933,-3.0309142279157,0.00243814497810481
