"","Estimate","Std. Error","z value","Pr(>|z|)"
"(Intercept)",4.57211426002838,1.45623359506045,3.13968464643105,0.00169129791331042
"x1",-5.39791825011715,1.8234977786338,-2.96020006899125,0.00307439316632175
"x2",-2.22595391692349,1.34795631430614,-1.65135464205997,0.0986661808270984
