"","Estimate","Std. Error","z value","Pr(>|z|)"
"(Intercept)",-2.41350306085712,1.07307295935746,-2.24915094524634,0.0245028942230232
"x1",2.57518963292206,1.36584177479862,1.88542309983288,0.0593727377356244
"x2",0.496775791986927,1.11058908743092,0.447308367792536,0.654652426061763
