"","Estimate","Std. Error","z value","Pr(>|z|)"
"(Intercept)",0.622659454540619,0.827002599593895,0.752911121254492,0.451503324695888
"x1",-0.865643010803847,1.16221618510905,-0.744820991047053,0.456379943396038
"x2",-0.393314242569022,1.02544528525472,-0.383554586699691,0.701308604647552
