"","Estimate","Std. Error","z value","Pr(>|z|)"
"(Intercept)",-4.52978451244725,1.58757849181883,-2.85326649094223,0.00432723167846196
"x1",8.0412195263117,2.43505590227936,3.30227306846822,0.000959046554680667
"x2",-0.0366394718471673,1.3169197344744,-0.0278220994704665,0.977804039955238
