"","Estimate","Std. Error","z value","Pr(>|z|)"
"(Intercept)",-4.46082943333554,1.87899466430002,-2.37405114452379,0.0175941132503492
"x1",-5.74530435729833,2.49970942886019,-2.2983888811101,0.0215396657798358
"x2",11.7159804339067,3.72628150869646,3.1441479680383,0.00166571190905453
