"","Estimate","Std. Error","z value","Pr(>|z|)"
"(Intercept)",3.44238158927568,1.61749028196397,2.12822396997398,0.0333185183525185
"x1",-3.34005465668904,1.92402081423856,-1.73597636365014,0.0825680139596865
"x2",-3.92991818629028,1.93509850207875,-2.03086208896788,0.0422689864794569
