"","Estimate","Std. Error","z value","Pr(>|z|)"
"(Intercept)",4.65676032161277,2.75045297468893,1.69308850740829,0.0904386215070188
"x1",-13.5849913189914,6.04654482649793,-2.24673622850815,0.0246568894662412
"x2",0.570889792262457,2.04952492180928,0.278547377583722,0.780592201371705
