"","Estimate","Std. Error","z value","Pr(>|z|)"
"(Intercept)",-2.12503886403072,1.58815934494895,-1.33805141832228,0.180879675922467
"x1",-1.83144608576117,2.62882579273987,-0.696678376642202,0.486004094020531
"x2",-0.999413622351508,1.94522691220895,-0.513777398450961,0.607407631538035
