"","Estimate","Std. Error","z value","Pr(>|z|)"
"(Intercept)",16.8122282946609,7.64238937046917,2.1998654451741,0.0278164429954253
"x1",1.39163569547345,2.57724629984045,0.53997000424818,0.589217718749317
"x2",-28.6528148983898,12.3885168511255,-2.31285272020167,0.0207307380447328
