"","Estimate","Std. Error","z value","Pr(>|z|)"
"(Intercept)",-7.33722932011792,3.47897858175357,-2.10901824995416,0.034943006386881
"x1",16.1969440000901,7.90927351912982,2.04784218941414,0.0405754649280387
"x2",0.825097987482725,1.64698188214576,0.500975752330531,0.616388188006924
