"","Estimate","Std. Error","z value","Pr(>|z|)"
"(Intercept)",9.73040041868633,3.99817394402291,2.43371112785947,0.0149449168613186
"x1",-26.6314345930638,10.9837442979497,-2.42462259413988,0.015324308326815
"x2",-1.0607618855131,2.0172752636643,-0.525838939593335,0.599000116695998
