"","Estimate","Std. Error","z value","Pr(>|z|)"
"(Intercept)",-12.256807887845,5.96248466080582,-2.05565441005069,0.0398158392359861
"x1",31.594894978681,15.8363982545747,1.99508085555717,0.0460340619989906
"x2",0.837360876112513,2.29499540395914,0.364863857534514,0.715213034630257
