"","Estimate","Std. Error","z value","Pr(>|z|)"
"(Intercept)",3.28514209828044,2.73194602845619,1.20249158074944,0.229173126131433
"x1",0.397591648805214,1.28403314132492,0.309642824635323,0.756832586361775
"x2",-6.8005949295186,4.27661017643853,-1.59018349789879,0.111793449102319
