"","Estimate","Std. Error","z value","Pr(>|z|)"
"(Intercept)",17.2353717672472,7.75639807013051,2.22208447934353,0.0262775969659726
"x1",-40.7217781351124,18.2944854400871,-2.22590453655954,0.0260205764422498
"x2",-0.665437474447062,2.34457799247886,-0.283819722176745,0.776548539666035
