"","Estimate","Std. Error","z value","Pr(>|z|)"
"(Intercept)",6.82438023159784,3.68154933707818,1.85367072576404,0.063786282316325
"x1",-17.6469938608095,8.73255988508473,-2.02082712206196,0.0432976641607721
"x2",-0.229248243411121,1.97269327910258,-0.116210789502669,0.90748548590532
