"","Estimate","Std. Error","z value","Pr(>|z|)"
"(Intercept)",-2.01110911254381,1.34414337086966,-1.49620133992301,0.134601195506173
"x1",10.2737092328868,3.10011324862391,3.3139786868906,0.000919785179395382
"x2",-5.77547481333506,2.33918139898158,-2.46901536402844,0.0135485401241442
