"","Estimate","Std. Error","z value","Pr(>|z|)"
"(Intercept)",-16.5590096921638,7.57788748448278,-2.18517492191216,0.0288760235359385
"x1",29.0202171312167,12.9552206748024,2.24004035590535,0.0250883030634915
"x2",0.0393956961449491,1.8423015850436,0.0213839560606017,0.982939371849343
