"","Estimate","Std. Error","z value","Pr(>|z|)"
"(Intercept)",3.82797342751305,3.7134376969619,1.03084358481222,0.302614175682447
"x1",-13.8797046906582,7.12620096031273,-1.94770043224392,0.0514508183676338
"x2",1.01140171295554,2.09748037429604,0.482198415465503,0.629665002366071
