"","Estimate","Std. Error","z value","Pr(>|z|)"
"(Intercept)",0.770457962397232,1.11871009092086,0.688702076302031,0.491010769314993
"x1",-6.89864294585065,2.18918143297038,-3.15124312766085,0.00162577097203166
"x2",4.37115997307982,1.88355358189891,2.32069850047644,0.0203031217198204
