"","Estimate","Std. Error","z value","Pr(>|z|)"
"(Intercept)",-17.4845083809242,7.84212923460193,-2.22956136756546,0.0257765769831555
"x1",29.2967957764947,13.166900981357,2.22503350013614,0.0260789893209019
"x2",1.29000571946941,1.97403909509806,0.653485395842848,0.513443401449019
