"","Estimate","Std. Error","z value","Pr(>|z|)"
"(Intercept)",5.3541122984819,2.20095864862094,2.43262739253945,0.014989717461947
"x1",-6.09805677443487,2.43070629633257,-2.50875919630256,0.0121156045394786
"x2",-3.61234101122656,2.1174503106522,-1.70598620097674,0.0880106488066237
