"","Estimate","Std. Error","z value","Pr(>|z|)"
"(Intercept)",-5.17069718889773,3.08700785664997,-1.67498672792786,0.0939368357149441
"x1",9.8095763085671,4.69735892689002,2.08831738456523,0.0367692142915214
"x2",-1.26566512085357,1.52921904354419,-0.82765456407096,0.407866157618135
