"","Estimate","Std. Error","z value","Pr(>|z|)"
"(Intercept)",5.58805110954996,2.9655298128606,1.88433482790032,0.0595196992511431
"x1",-15.9142939763757,7.31347880358867,-2.17602243799034,0.0295535828113325
"x2",1.53228050630263,1.64764077349281,0.929984576100513,0.352379070442855
