"","Estimate","Std. Error","z value","Pr(>|z|)"
"(Intercept)",6.72982563518141,3.72961532200911,1.80442888988243,0.0711640974937746
"x1",-12.1480915669075,5.52292525500392,-2.19957558829915,0.0278370207527598
"x2",1.8017962054937,2.11336916549857,0.85257049970663,0.393897527803644
