"","Estimate","Std. Error","z value","Pr(>|z|)"
"(Intercept)",11.1523586243997,5.47460470386025,2.03710755893223,0.0416392645827763
"x1",-0.571399150062034,2.80290521327235,-0.203859605154087,0.838463212555323
"x2",-29.2754085927636,13.732486785073,-2.13183591952081,0.0330203376361341
