"","Estimate","Std. Error","z value","Pr(>|z|)"
"(Intercept)",-0.575899598948236,1.6908409417004,-0.340599511606977,0.733405097167052
"x1",-16.2610878773437,5.53359656353817,-2.93861102641469,0.00329686550875595
"x2",16.9925432053216,5.80047726356766,2.92950776861939,0.0033949932657974
