"","Estimate","Std. Error","z value","Pr(>|z|)"
"(Intercept)",9.0750220843071,2.77324519153045,3.27234754143716,0.00106658378774272
"x1",-8.15435969198323,2.80454512489421,-2.90755160956479,0.00364270230921364
"x2",-7.7153468618559,2.60709301238518,-2.95936770387693,0.00308271031698707
