"","Estimate","Std. Error","z value","Pr(>|z|)"
"(Intercept)",-7.65769151516718,3.10266144278151,-2.46810412814559,0.0135830800872555
"x1",2.97071978551974,2.4266661429616,1.22419797801034,0.220877551778152
"x2",19.5924695327436,7.25321941482081,2.70121009888512,0.00690876804560259
