"","Estimate","Std. Error","z value","Pr(>|z|)"
"(Intercept)",12.0851643020201,3.91497864377779,3.08690427244793,0.00202252717781914
"x1",-9.87268532909453,3.52731021857481,-2.79892743119246,0.00512726591277154
"x2",-12.021126182235,4.03301975757834,-2.98067624381122,0.00287612684581962
