"","Estimate","Std. Error","z value","Pr(>|z|)"
"(Intercept)",-0.314483435384711,1.37061065795092,-0.229447679806363,0.818520981322697
"x1",7.30231615672455,2.85116847974677,2.56116613542708,0.0104321456053071
"x2",-5.50977615087497,2.76043497745497,-1.99598113915902,0.0459359758077879
