"","Estimate","Std. Error","z value","Pr(>|z|)"
"(Intercept)",11.0211691206535,5.2494599466417,2.09948627719394,0.0357740562614039
"x1",1.01200094031221,2.17797880015056,0.464651419124121,0.642181103475661
"x2",-29.6114972182998,13.4182874435754,-2.20680152685785,0.0273279283535846
