"","Estimate","Std. Error","z value","Pr(>|z|)"
"(Intercept)",-7.20070698831644,3.29837660579824,-2.18310637289213,0.0290279773803785
"x1",2.22616761198143,3.13677581098638,0.709699304675968,0.477890623439015
"x2",12.4094533913507,5.66202103452211,2.19170033380105,0.0284011516282284
