"","Estimate","Std. Error","z value","Pr(>|z|)"
"(Intercept)",-17.3480285045949,7.86511265635335,-2.20569358158924,0.0274054616270643
"x1",28.3432329169895,12.6166964497263,2.24648607739186,0.0246728903350616
"x2",0.540660577233298,1.76039888535421,0.30712390341267,0.758749064085086
