"","Estimate","Std. Error","z value","Pr(>|z|)"
"(Intercept)",-10.2104563807669,3.23592495227487,-3.1553439994302,0.00160308969867343
"x1",7.40771509125974,2.97212710118288,2.49239512277639,0.0126884796652203
"x2",6.89796987647872,2.66822824396228,2.58522481803706,0.00973155201284916
