"","Estimate","Std. Error","z value","Pr(>|z|)"
"(Intercept)",-11.1577849258272,5.48634010424371,-2.03373919841327,0.0419778977368336
"x1",0.233639049473986,2.45489052650667,0.0951728995453233,0.924177495286869
"x2",18.5945261559399,8.51667705898955,2.18330764770668,0.0290131617394883
