"","Estimate","Std. Error","z value","Pr(>|z|)"
"(Intercept)",1.08923142417933,1.39062427510333,0.783267949280114,0.433469780248648
"x1",4.32671839865502,2.68217534196771,1.61313778818086,0.106714575715161
"x2",-6.36582245062944,2.74721882625878,-2.31718798290945,0.0204934938576317
