"","Estimate","Std. Error","z value","Pr(>|z|)"
"(Intercept)",-12.8382836394905,5.73678486737878,-2.23788828346921,0.0252283412841386
"x1",24.9444409353435,12.420416607189,2.00834172671032,0.0446069906843819
"x2",0.837770010763941,2.38605935156027,0.351110298331898,0.725505602240223
