"","Estimate","Std. Error","z value","Pr(>|z|)"
"(Intercept)",17.027283486464,7.32749339521413,2.32375282625095,0.0201387453904137
"x1",-27.5864227781456,11.833502549659,-2.3312136590481,0.0197420962582695
"x2",-0.598328279222721,1.91659186424756,-0.31218345980907,0.754901101565617
