"","Estimate","Std. Error","z value","Pr(>|z|)"
"(Intercept)",-6.90219626542524,3.1840439929688,-2.16774525749867,0.0301780739895317
"x1",1.57001006447026,4.01922626842828,0.39062495107652,0.696074479842011
"x2",13.7223047318235,5.87879756004538,2.33420263100837,0.0195851142130686
