"","Estimate","Std. Error","z value","Pr(>|z|)"
"(Intercept)",4.76325603326741,1.67625885809776,2.84159932116501,0.00448878674575105
"x1",-8.0644073192776,2.53004165260891,-3.18746029772348,0.00143528161000515
"x2",0.072664245795976,1.28453486141599,0.0565685276270942,0.954888905698722
