"","Estimate","Std. Error","z value","Pr(>|z|)"
"(Intercept)",-0.614869451063444,1.67215322899843,-0.367711188424838,0.713088597035875
"x1",-3.00251197365277,2.99196224498933,-1.00352602332503,0.315607127402848
"x2",2.10128626536207,2.29936710232695,0.913854191979862,0.360793466464015
