"","Estimate","Std. Error","z value","Pr(>|z|)"
"(Intercept)",-14.8144133835959,7.06979291191682,-2.09545223858322,0.0361308099508885
"x1",40.9411094929857,18.7329775802501,2.18550998193417,0.0288514748694422
"x2",-0.211324765228824,1.95442632669446,-0.108126237526814,0.91389555562661
