"","Estimate","Std. Error","z value","Pr(>|z|)"
"(Intercept)",-1.10975120705723,1.98938030842391,-0.557837635347077,0.576955260639537
"x1",6.81755724501803,3.45789914376083,1.97158938464678,0.0486564999874026
"x2",-6.888375168179,3.54809698807916,-1.94142809267122,0.0522063735522445
