"","Estimate","Std. Error","z value","Pr(>|z|)"
"(Intercept)",-13.1634502047046,5.90500803831118,-2.22920106446957,0.0258005297531828
"x1",20.1436638494111,8.8414302183686,2.27832639651009,0.0227071380841388
"x2",0.198379744491193,2.00051410892665,0.0991643815987041,0.921007754793265
