"","Estimate","Std. Error","z value","Pr(>|z|)"
"(Intercept)",97.4124297227417,52.178967712002,1.86689070317379,0.0619168524074735
"x1",-241.474551488935,128.430560564248,-1.88019541788215,0.0600814498715103
"x2",0.191306991689728,2.15134474567787,0.0889243772175849,0.929142010076799
