"","Estimate","Std. Error","z value","Pr(>|z|)"
"(Intercept)",9.94383571221933,3.79014396036339,2.62360369849011,0.00870049550251163
"x1",-16.6550487087782,6.02591013964457,-2.76390592007079,0.00571140040315129
"x2",-0.0276469493704853,1.65167319973263,-0.0167387527841227,0.986645031234899
