"","Estimate","Std. Error","z value","Pr(>|z|)"
"(Intercept)",6.46898523988706,2.45244288828827,2.63777202347094,0.00834526638853164
"x1",-5.74887417235669,2.69550836560846,-2.13276064942169,0.0329443658160955
"x2",-5.44617456518954,2.55899481620361,-2.12824759577638,0.0333165604880731
