"","Estimate","Std. Error","z value","Pr(>|z|)"
"(Intercept)",-1.29941062543463,3.0081878392336,-0.43195794108578,0.665771981881377
"x1",8.34961429695773,4.1898706998248,1.99280953880196,0.0462823068528434
"x2",-6.98988663508495,3.26794060476741,-2.13892707379314,0.0324415749952338
