"","Estimate","Std. Error","z value","Pr(>|z|)"
"(Intercept)",-7.7457653157231,2.93619782679986,-2.6380256960292,0.00833902627884115
"x1",-1.86754580560186,1.87603869730759,-0.995472965606777,0.319506286387866
"x2",13.4029865480087,4.60686237307876,2.90935249690376,0.00362178247381863
