"","Estimate","Std. Error","z value","Pr(>|z|)"
"(Intercept)",-2.41172274171706,1.47928487911971,-1.63033015192599,0.103031738255509
"x1",-7.35838150157382,3.36695417305078,-2.18547123702204,0.0288543126535189
"x2",11.0325245666565,4.07043693331099,2.71040302242992,0.00672014970309479
