"","Estimate","Std. Error","z value","Pr(>|z|)"
"(Intercept)",0.733882046827303,2.63314677391118,0.27870913011705,0.780468055235474
"x1",-6.16263775064487,3.54122410921182,-1.74025635220712,0.0818140145628447
"x2",5.18325869851178,2.72764608447681,1.90026804724044,0.0573979523122041
