"","Estimate","Std. Error","z value","Pr(>|z|)"
"(Intercept)",-10.8561925528557,4.71346771141006,-2.30322836975751,0.0212659974180815
"x1",0.0883391123182112,1.87400387905447,0.047139236639565,0.962402255765044
"x2",16.5551522363075,7.47567572789139,2.21453589466716,0.0267919363244322
