"","Estimate","Std. Error","z value","Pr(>|z|)"
"(Intercept)",67.0654044634502,32.6639304835148,2.05319456264755,0.040053711558582
"x1",-0.889622699435513,3.88943323243336,-0.228728106711562,0.819080247824953
"x2",-109.120446340594,53.2263539078716,-2.05012063252479,0.0403526604581003
