"","Estimate","Std. Error","z value","Pr(>|z|)"
"(Intercept)",31.8176006497411,17.5943301732569,1.80840079368883,0.0705441445043701
"x1",-53.5877447890436,28.8222976219405,-1.85924611188009,0.0629922614523152
"x2",1.75877257122318,2.15608442155978,0.81572528127207,0.414657276241052
