"","Estimate","Std. Error","z value","Pr(>|z|)"
"(Intercept)",-7.28648846064046,3.5890060140226,-2.03022464497731,0.0423337098229886
"x1",19.0827381370875,8.81463230840956,2.16489326717368,0.030395859942846
"x2",0.658645178031299,1.86926946372508,0.352354323875143,0.724572552428908
