"","Estimate","Std. Error","z value","Pr(>|z|)"
"(Intercept)",-13.7606069536229,6.16882358344601,-2.23066955432952,0.0257030257819442
"x1",25.3388489825479,10.6507875587954,2.37905871680101,0.0173569109569513
"x2",-1.1794512794941,1.87236436892361,-0.629926150630685,0.528742902483378
