"","Estimate","Std. Error","z value","Pr(>|z|)"
"(Intercept)",16.7192915382441,7.57884165530393,2.20604840405174,0.0273806107559232
"x1",-28.5400372857602,12.4964001784738,-2.28386070213428,0.0223797188187672
"x2",0.756974598422624,1.93751503926789,0.390693534285366,0.696023778668271
