"","Estimate","Std. Error","z value","Pr(>|z|)"
"(Intercept)",-6.39202046677092,3.78404254200645,-1.68920417670083,0.0911803088720324
"x1",-2.53954118644766,3.12326823332937,-0.813103773588007,0.416158563096402
"x2",12.702371317037,5.96644272299806,2.12896895298682,0.0332568291634629
