"","Estimate","Std. Error","z value","Pr(>|z|)"
"(Intercept)",9.56318671158282,3.80281900073904,2.51476252478077,0.0119112585365138
"x1",-23.1305015649226,9.46831614825772,-2.44293718151552,0.0145682728308333
"x2",-1.30563725740889,2.04420840775718,-0.638700659117916,0.523017683854072
