"","Estimate","Std. Error","z value","Pr(>|z|)"
"(Intercept)",-2.86173015393796,1.14922038689548,-2.4901491363799,0.0127689502256325
"x1",3.34421952027552,1.46851757419409,2.2772757909355,0.0227697616678211
"x2",3.4746525137284,1.43360003910062,2.42372518063563,0.0153622259514697
