"","Estimate","Std. Error","z value","Pr(>|z|)"
"(Intercept)",9.68456275001278,3.22697722957678,3.00112522060867,0.00268983926587311
"x1",-11.9184989211854,4.01574799757125,-2.96793995250543,0.00299802892941601
"x2",-9.99225312403859,3.51744856798065,-2.84076737183825,0.00450051286749316
