"","Estimate","Std. Error","z value","Pr(>|z|)"
"(Intercept)",11.2742962230254,3.61887254827123,3.11541676935022,0.00183685177898322
"x1",-9.04098387622644,3.10088922548913,-2.91561007788027,0.00354993853898208
"x2",-10.3691564942534,3.65541367855469,-2.8366574637192,0.00455884922176102
