"","Estimate","Std. Error","z value","Pr(>|z|)"
"(Intercept)",1.08652211282118,1.3142362436395,0.826732726387372,0.408388567833635
"x1",9.23326389062229,3.17382210393971,2.90919389563797,0.00362362045296875
"x2",-8.73266547735621,2.96793492369807,-2.9423372485793,0.00325744961344411
