"","Estimate","Std. Error","z value","Pr(>|z|)"
"(Intercept)",25.2926383930878,10.9051847364433,2.31932232276305,0.0203775659309147
"x1",-41.3674008167177,18.1224539506245,-2.28266000451292,0.0224504034378886
"x2",-0.694587421587297,2.11990226099862,-0.327650681998942,0.743175796636875
