"","Estimate","Std. Error","z value","Pr(>|z|)"
"(Intercept)",-0.103617288993324,0.939097465345145,-0.110337097923315,0.912142036975661
"x1",-4.31111885116634,1.63386176254957,-2.63860685768117,0.00832474597417815
"x2",2.71289234296474,1.3517614794208,2.00693124065583,0.0447569848528912
