"","Estimate","Std. Error","z value","Pr(>|z|)"
"(Intercept)",13.6518155806892,6.22691783763832,2.19238729924642,0.0283515529260073
"x1",-32.9272911525094,14.1547977907818,-2.32622829652523,0.020006374880523
"x2",-0.032689361069644,1.95333246742817,-0.0167351752017331,0.986647885332871
