"","Estimate","Std. Error","z value","Pr(>|z|)"
"(Intercept)",-1.90635926930427,1.48837835377625,-1.28082974632595,0.20025347333515
"x1",-8.26767578614835,3.11487902154783,-2.65425261429255,0.00794842978365756
"x2",12.2082316282707,4.0381192913034,3.02324689975422,0.00250078120138889
