"","Estimate","Std. Error","z value","Pr(>|z|)"
"(Intercept)",7.07811459195718,3.72619545228464,1.89955537292532,0.0574914934189986
"x1",-16.2942347319717,8.88997459829892,-1.83287753545321,0.0668207852203099
"x2",-1.14819374774576,2.34788037100534,-0.489034178199684,0.624817499875066
