"","Estimate","Std. Error","z value","Pr(>|z|)"
"(Intercept)",-4.15461975840933,1.74408716271624,-2.38211704507872,0.0172134253302212
"x1",-4.55052827936776,2.12801484008718,-2.13839123376665,0.032485003362906
"x2",9.74726881982546,3.07457682146683,3.17027980949105,0.00152292207587869
