"","Estimate","Std. Error","z value","Pr(>|z|)"
"(Intercept)",-6.54982582779973,3.19232358402399,-2.05174245511275,0.0401946984182318
"x1",11.1005921239043,4.82363243774325,2.30129311616823,0.0213750685989854
"x2",0.925790295753676,1.98268502811434,0.466937654052979,0.640544484472704
