"","Estimate","Std. Error","z value","Pr(>|z|)"
"(Intercept)",0.478133751931027,0.958828055471697,0.498664749328604,0.618015582017829
"x1",2.68929135115115,1.36596869034653,1.96877964345501,0.0489784008896091
"x2",-2.01744865311672,1.25931953749999,-1.60201489220264,0.109152316381959
