"","Estimate","Std. Error","z value","Pr(>|z|)"
"(Intercept)",1.07978500556895,0.888247675658055,1.21563504770108,0.224123976960653
"x1",-0.765263929175052,1.1689467343069,-0.654661077973581,0.512685990092297
"x2",-1.36658987763806,1.08499264001122,-1.2595383850935,0.207835934709458
