"","Estimate","Std. Error","z value","Pr(>|z|)"
"(Intercept)",-2.9615582021982,1.25712259957678,-2.35582289523331,0.0184817268447878
"x1",2.41772972138184,1.57872820827542,1.53144138978991,0.125660341328982
"x2",5.61729920518889,1.89238982237134,2.96836261682589,0.00299390904142425
