"","Estimate","Std. Error","z value","Pr(>|z|)"
"(Intercept)",-9.25059975768026,3.1501211862763,-2.93658535994777,0.00331847477951359
"x1",6.93330435070248,2.76611380851643,2.50651449313326,0.0121928058982828
"x2",13.0955811232812,4.33382592769388,3.02171368711378,0.00251348163912213
