"","Estimate","Std. Error","z value","Pr(>|z|)"
"(Intercept)",7.90149389462555,2.5403268925903,3.1104240630105,0.00186818924280281
"x1",-3.45627916732274,1.8580898060794,-1.86012492830771,0.0628678530596446
"x2",-7.53624235330314,2.7023388082979,-2.78878515534842,0.00529061491288805
