"","Estimate","Std. Error","z value","Pr(>|z|)"
"(Intercept)",2.72404372198101,1.25667401168572,2.16766137968187,0.0301844599441494
"x1",-6.7776969729403,2.07398900912011,-3.26795221340914,0.00108328654454926
"x2",1.83139053693865,1.39225626884344,1.3154119524705,0.188371490682729
