"","Estimate","Std. Error","z value","Pr(>|z|)"
"(Intercept)",4.66193282629221,2.48337185962729,1.87725926273155,0.060482568645908
"x1",-11.2722162982546,4.91119464431838,-2.29520862328173,0.0217211712415938
"x2",-0.618068585409154,2.1066741870445,-0.293385939415842,0.769227171565706
