"","Estimate","Std. Error","z value","Pr(>|z|)"
"(Intercept)",-6.15754869697319,3.26926842207124,-1.88346379128823,0.0596375423930302
"x1",15.6476270422821,6.84775738980342,2.28507322201309,0.022308534662241
"x2",-0.136635133343668,2.14909574716646,-0.0635779646038659,0.949306277935842
