"","Estimate","Std. Error","z value","Pr(>|z|)"
"(Intercept)",-6.10874763118615,2.48212681050429,-2.4610940929102,0.0138514034030499
"x1",5.38148996065267,2.82410536174227,1.90555566146891,0.056707879329062
"x2",8.09950154103071,3.3671305194552,2.40546111718331,0.0161520707005555
