"","Estimate","Std. Error","z value","Pr(>|z|)"
"(Intercept)",-9.91490545348178,5.34002277971482,-1.85671594719513,0.0633515774511197
"x1",17.5934298869931,8.86263819247529,1.9851233351634,0.0471307511598203
"x2",-1.50590032649916,2.02128092594104,-0.74502277598947,0.456257951230094
