"","Estimate","Std. Error","z value","Pr(>|z|)"
"(Intercept)",6.72459615209888,3.26291642607238,2.06091584153547,0.0393110696977991
"x1",0.0302617437268401,3.72078663907351,0.00813315749122755,0.993510750749331
"x2",-10.3754038666973,4.73541323478956,-2.19102396185249,0.0284500584960496
