"","Estimate","Std. Error","z value","Pr(>|z|)"
"(Intercept)",12.0154798794215,5.61690729502948,2.13916293225176,0.0324224750824905
"x1",-0.481079498019865,3.08357524795952,-0.15601354250661,0.876022346558521
"x2",-31.0506108380769,13.7641596616565,-2.25590312822193,0.0240766985802866
