"","Estimate","Std. Error","z value","Pr(>|z|)"
"(Intercept)",-3.30974913499778,2.68560814494138,-1.23240210647709,0.217798914440385
"x1",11.5872816375361,6.49761632143942,1.78331268950167,0.074535416906231
"x2",-0.337338781518366,1.80243747832201,-0.187156994667251,0.851537542267367
