"","Estimate","Std. Error","z value","Pr(>|z|)"
"(Intercept)",3.68628971625645,1.42959725021168,2.57855120783887,0.00992155932528852
"x1",-8.46373201347487,2.58995216791034,-3.2679105499866,0.00108344602155639
"x2",-0.0536270147675653,1.30814044335124,-0.0409948450413946,0.967300005470258
