"","Estimate","Std. Error","z value","Pr(>|z|)"
"(Intercept)",-1.60996838990463,2.58006963100988,-0.624001914736874,0.532626327600298
"x1",-4.14518512397914,3.25474457332682,-1.27358231363211,0.202811483565071
"x2",8.95254224292346,4.27382179742235,2.09473924446802,0.0361941785719422
