"","Estimate","Std. Error","z value","Pr(>|z|)"
"(Intercept)",3.82077818781661,2.66211104727352,1.43524372949422,0.151217656405024
"x1",-10.7029985199008,4.77639186076998,-2.24081248605416,0.0250382238212534
"x2",0.0109286986972336,2.02183790666043,0.0054053288155454,0.995687192593656
