"","Estimate","Std. Error","z value","Pr(>|z|)"
"(Intercept)",-6.01834018495989,2.15759713966784,-2.78937159968909,0.00528104324561223
"x1",10.8090013568854,3.40653713416893,3.17301732849668,0.00150863519821131
"x2",-0.855282609369181,1.46683375656284,-0.583080806221235,0.559838904010109
