"","Estimate","Std. Error","z value","Pr(>|z|)"
"(Intercept)",-59.6657023016865,27.3321156183942,-2.18298880096688,0.0290366347465772
"x1",98.7830024836436,45.5110380718983,2.17052844032224,0.0299668365174106
"x2",0.227572450870276,1.68766018231881,0.134844948796265,0.892734466361866
