"","Estimate","Std. Error","z value","Pr(>|z|)"
"(Intercept)",-4.34466086023344,2.1834095586037,-1.98985153431859,0.0466072925701096
"x1",8.83085514437074,3.90737882119011,2.26004581293222,0.0238184076566709
"x2",2.36682882047102,2.29664606424641,1.03055880369082,0.302747763231597
