"","Estimate","Std. Error","z value","Pr(>|z|)"
"(Intercept)",3.80709564426506,2.42083602823349,1.57263672543867,0.115802958775864
"x1",-11.270457361816,5.38840104766709,-2.09161442552527,0.0364730210462003
"x2",0.634097073314523,1.40340372939312,0.451827980811146,0.651392910539896
