"","Estimate","Std. Error","z value","Pr(>|z|)"
"(Intercept)",2.89599898662107,1.20998479391789,2.39341767035264,0.0166922270616389
"x1",-5.5721285650829,1.77217880873605,-3.14422480260727,0.00166527458932624
"x2",0.668914571206484,1.23330014717489,0.542377759978997,0.587558297373507
