"","Estimate","Std. Error","z value","Pr(>|z|)"
"(Intercept)",0.479022322503649,1.00817869947728,0.475136325288378,0.634689808568276
"x1",0.643383772679008,1.50493078515634,0.427517184859881,0.669002671032616
"x2",2.03116990550886,1.47128960946673,1.38053711005617,0.167421331765651
