"","Estimate","Std. Error","z value","Pr(>|z|)"
"(Intercept)",-13.7757574587297,5.91719006833389,-2.32809108709407,0.0199072674797501
"x1",23.506643145794,9.49989753734431,2.47441017688758,0.0133456375318979
"x2",-0.851362377077066,1.81553479880561,-0.468932007052223,0.639118237211834
