"","Estimate","Std. Error","z value","Pr(>|z|)"
"(Intercept)",2.61017035191321,2.68986525875361,0.9703721565305,0.331861022213012
"x1",-7.76005198962428,4.67646755336161,-1.65938326334502,0.0970385866587317
"x2",-0.421586078941187,1.98339793047501,-0.212557486555519,0.831672134422318
