"","Estimate","Std. Error","z value","Pr(>|z|)"
"(Intercept)",-10.383842705908,4.78774118712694,-2.16883960516237,0.0300948632415474
"x1",16.2264082217199,8.03124563316174,2.02040990437643,0.0433408869201932
"x2",0.0194447319975306,1.89321570787561,0.0102707430097068,0.991805276799216
