"","Estimate","Std. Error","z value","Pr(>|z|)"
"(Intercept)",2.27379343114024,1.91615195241114,1.18664567717559,0.235367410725293
"x1",-7.27293848958761,2.73965154449118,-2.65469471992227,0.00793802108041212
"x2",2.78341781283072,2.32606255323776,1.19662208093086,0.231453889967428
