"","Estimate","Std. Error","z value","Pr(>|z|)"
"(Intercept)",-3.1768249843012,2.88637901364112,-1.10062641437158,0.271059284452373
"x1",-1.12428886390478,2.83771663672382,-0.396194901687852,0.691961252109583
"x2",9.24050602901099,3.89503188503589,2.37238264069457,0.0176737768343673
