"","Estimate","Std. Error","z value","Pr(>|z|)"
"(Intercept)",-0.204135812748713,1.32683125068359,-0.15385212900551,0.877726330103919
"x1",-3.05359103312355,2.53362753642505,-1.20522491535286,0.228116486433136
"x2",1.25001280332361,2.26579903868819,0.55168741003938,0.581162537216788
