"","Estimate","Std. Error","z value","Pr(>|z|)"
"(Intercept)",6.97727810023452,3.50511526935597,1.99059875754572,0.046525016967225
"x1",-16.9022283518333,7.50945405676419,-2.25079322998302,0.0243986365364801
"x2",0.0805235459246823,2.05540033076671,0.0391765753461008,0.968749609461642
