"","Estimate","Std. Error","z value","Pr(>|z|)"
"(Intercept)",-5.81147773029712,2.37082767147879,-2.45124426385332,0.0142363308453276
"x1",8.81492802576741,3.7784325048177,2.33295897558787,0.0196502985685054
"x2",3.96268160300313,2.43523036558878,1.62723069611735,0.103688110650788
