"","Estimate","Std. Error","z value","Pr(>|z|)"
"(Intercept)",-8.15720781934434,3.9075493531275,-2.08755081053948,0.0368383731117242
"x1",12.1108143474025,5.57451704217057,2.17253158538858,0.0298155899007049
"x2",1.4840726245348,2.11432008207551,0.701914831683371,0.482732278801387
