"","Estimate","Std. Error","z value","Pr(>|z|)"
"(Intercept)",-5.24973998902426,2.65771710723058,-1.97528170878,0.0482361877959233
"x1",0.43794353202047,1.87835273696839,0.233152976755207,0.815642618728886
"x2",12.9506041086874,6.4293110734981,2.01430665908675,0.0439773472666718
