"","Estimate","Std. Error","z value","Pr(>|z|)"
"(Intercept)",21.9579051913429,10.8001104812521,2.03311857128311,0.0420405451662652
"x1",0.56177940937183,2.50554881341081,0.224214114833819,0.822590701000315
"x2",-36.9617779791043,17.5541682402511,-2.10558412527642,0.0352404927953303
