"","Estimate","Std. Error","z value","Pr(>|z|)"
"(Intercept)",-6.61478006351674,2.29475535576664,-2.88256438617478,0.00394452513130412
"x1",-0.268989368881337,1.66520555448537,-0.161535233987655,0.871671863021337
"x2",10.2498058397261,3.27815823718351,3.12669648568656,0.00176782330218346
