"","Estimate","Std. Error","z value","Pr(>|z|)"
"(Intercept)",3.82086904903148,2.07007226287946,1.84576602350908,0.0649261859459691
"x1",-6.03858127875977,2.72112539593587,-2.21914847723618,0.0264766249414193
"x2",-4.42607189194195,2.40631777097503,-1.83935469592968,0.0658630330087919
