"","Estimate","Std. Error","z value","Pr(>|z|)"
"(Intercept)",6.87287404001302,3.42513908597464,2.0065970658407,0.0447925840018777
"x1",-15.8717005132944,7.73144289775866,-2.05287689803615,0.0400845180969128
"x2",-0.28501964290525,2.13089051583224,-0.133756117823788,0.893595428199027
