"","Estimate","Std. Error","z value","Pr(>|z|)"
"(Intercept)",-3.20748089045478,1.45677564584689,-2.20176723821473,0.0276817544061903
"x1",8.1858516997926,2.52265327615684,3.24493729564905,0.00117476488868364
"x2",-2.80692567312236,1.59842537650092,-1.75605675084247,0.0790787188824827
