"","Estimate","Std. Error","z value","Pr(>|z|)"
"(Intercept)",1.955679222825,1.59860403216479,1.22336687727271,0.221191157946786
"x1",8.33412741824733,3.32288154136519,2.50810247506545,0.0121381459874261
"x2",-14.7889971433975,5.06740010556784,-2.9184585458622,0.00351766643587348
