"","Estimate","Std. Error","z value","Pr(>|z|)"
"(Intercept)",-10.5216549488443,4.92875977416207,-2.13474696088897,0.0327816848133899
"x1",17.7421542981472,8.09007219262881,2.1930773762826,0.0283018047197225
"x2",0.148597550745456,1.84433509558153,0.0805697137691794,0.935784152787404
