"","Estimate","Std. Error","z value","Pr(>|z|)"
"(Intercept)",-8.34660900943467,3.55077518429116,-2.35064417661827,0.0187409456761765
"x1",12.0036459447124,6.27172275767594,1.91393121292252,0.0556289455548353
"x2",1.01598541582585,2.43145591584465,0.417850642162647,0.676056321791886
