"","Estimate","Std. Error","z value","Pr(>|z|)"
"(Intercept)",4.96120414959488,2.56674872051851,1.93287488951886,0.0532516118948591
"x1",-13.0281314849298,6.06866794361335,-2.14678601729076,0.0318103210283882
"x2",0.521956305399588,1.74918277263704,0.298400094927013,0.76539781662069
