"","Estimate","Std. Error","z value","Pr(>|z|)"
"(Intercept)",-0.803939505617188,0.867743543558649,-0.926471319302707,0.35420109537855
"x1",0.258616221595461,1.09512652002113,0.236151912009647,0.81331479288228
"x2",0.844416526293416,1.07940619915423,0.782297273218426,0.434039888993716
