"","Estimate","Std. Error","z value","Pr(>|z|)"
"(Intercept)",0.90613147776655,0.878983758422232,1.03088534808999,0.302594588305914
"x1",-1.6283288097352,1.18957888139935,-1.36882794003516,0.171053064984734
"x2",0.346724703459128,1.04353262153039,0.332260531492192,0.73969253984566
