"","Estimate","Std. Error","z value","Pr(>|z|)"
"(Intercept)",2.75261158752058,1.20347490122431,2.28721977061617,0.0221829985972388
"x1",-5.81637165035123,1.83179871461074,-3.17522422303218,0.00149720760648311
"x2",0.730776203784981,1.24988036119912,0.584676923064767,0.558764973792495
