"","Estimate","Std. Error","z value","Pr(>|z|)"
"(Intercept)",16.491816762956,6.63768345978217,2.4845741534498,0.0129706491117985
"x1",-26.3576065892358,10.8838286869986,-2.42172192775522,0.0154471657140807
"x2",-1.42831482838728,2.06902275023372,-0.690333070637301,0.489984755514305
