"","Estimate","Std. Error","z value","Pr(>|z|)"
"(Intercept)",1.9547081573804,2.17889172547774,0.897111193972619,0.369659586112847
"x1",0.823204333462764,2.80347846357555,0.293636760245645,0.769035482799491
"x2",-7.69152427876654,3.43875718686176,-2.23671630790131,0.0253048874641417
