"","Estimate","Std. Error","z value","Pr(>|z|)"
"(Intercept)",-13.7385290576331,7.09661930653179,-1.93592589149992,0.0528767781391907
"x1",-0.883481039705114,2.56737547028749,-0.344118361310893,0.730757274893049
"x2",23.7991359741449,11.8111083898497,2.0149790509583,0.0439068441370194
