"","Estimate","Std. Error","z value","Pr(>|z|)"
"(Intercept)",-1.25965308743544,1.74526438795326,-0.721754879163431,0.470445194902771
"x1",7.05715274627654,2.88028556351814,2.45015731622685,0.0142793811977364
"x2",-5.99904521174674,2.90504027353491,-2.06504717555843,0.0389185368382563
