"","Estimate","Std. Error","z value","Pr(>|z|)"
"(Intercept)",1.80683559754181,2.00057937122077,0.903156167425272,0.366443017544585
"x1",-9.48377485342503,4.07141212110598,-2.32935762121983,0.0198401281641304
"x2",2.59255079095019,1.96982426554995,1.31613303597232,0.188129394528348
