"","Estimate","Std. Error","z value","Pr(>|z|)"
"(Intercept)",0.40227844216442,0.63328221477417,0.635227759092956,0.525279881236107
"x2",0.215334928818704,1.04475579039252,0.206110299458404,0.836704753694597
