"","Estimate","Std. Error","z value","Pr(>|z|)"
"(Intercept)",4.69687888809821,1.48398798564231,3.16503835175275,0.00155062510872063
"x2",-6.61235934463856,2.1545070069397,-3.06908231133157,0.00214717423295068
