"","Estimate","Std. Error","z value","Pr(>|z|)"
"(Intercept)",-1.07585466686367,0.690984936639757,-1.55698714952532,0.119473536428942
"x1",2.75998871514567,1.22844019124162,2.24674244201997,0.0246564921345794
