"","Estimate","Std. Error","z value","Pr(>|z|)"
"(Intercept)",1.36169601639336,0.722354406608722,1.88508023753352,0.0594190057385044
"x1",-2.69205360300597,1.2169346476174,-2.21215955045462,0.0269556426352646
