"","Estimate","Std. Error","z value","Pr(>|z|)"
"(Intercept)",0.621919916467505,0.632780889453265,0.982836123582771,0.3256880998251
"x2",-0.488094034056251,1.03489133088524,-0.471637958005445,0.637185228259109
