"","Estimate","Std. Error","z value","Pr(>|z|)"
"(Intercept)",1.71140172599799,0.763055363456718,2.24282772647736,0.0249079257843372
"x1",-1.46587314733588,1.16682792739104,-1.25628904907469,0.209011190851768
