"","Estimate","Std. Error","z value","Pr(>|z|)"
"(Intercept)",1.67166102941993,0.767064463292366,2.17929666855493,0.0293096365568936
"x2",-2.69769631875656,1.23398094706433,-2.18617339690247,0.0288029217978019
