"","Estimate","Std. Error","z value","Pr(>|z|)"
"(Intercept)",23.7824346528777,10.6322470249751,2.23682111570704,0.0252980338935867
"x2",-31.909657463484,14.1552261917966,-2.25426687155142,0.0241793841213226
