"","Estimate","Std. Error","z value","Pr(>|z|)"
"(Intercept)",-0.354966359883351,0.621574799024327,-0.57107585513527,0.567948224658748
"x1",-0.3104124904796,1.01817301757673,-0.304872045439179,0.76046360733254
