"","Estimate","Std. Error","z value","Pr(>|z|)"
"(Intercept)",1.11972700092848,0.764152360100716,1.46531903766011,0.142833894828786
"x1",-4.89250709393589,1.73356403878702,-2.82222461038081,0.0047691762358999
