"","Estimate","Std. Error","z value","Pr(>|z|)"
"(Intercept)",1.47143351556453,0.744120780193976,1.97741220878277,0.0479950550679323
"x1",-3.57714339286356,1.35037062850828,-2.64900858871252,0.00807282800190003
