"","Estimate","Std. Error","z value","Pr(>|z|)"
"(Intercept)",0.645300525488558,0.638125158143865,1.01124445142637,0.311899445321687
"x2",-1.28751569245655,1.05193245048396,-1.22395282307738,0.220970024966388
