"","Estimate","Std. Error","z value","Pr(>|z|)"
"(Intercept)",-0.496983181055761,0.64080088237903,-0.775565693996342,0.438005462738598
"x1",0.740301077373567,1.05641503814635,0.700767265366216,0.483448269888913
