"","Estimate","Std. Error","z value","Pr(>|z|)"
"(Intercept)",-4.15681479554591,1.32518917970606,-3.13677085445862,0.0017081957509925
"x2",6.45749554268474,2.03209270205716,3.17775637703319,0.00148419405331148
