"","Estimate","Std. Error","z value","Pr(>|z|)"
"(Intercept)",-2.22022018367582,1.14632229836558,-1.93682020042827,0.05276732574206
"x2",12.0652763438127,4.43362173436441,2.72131387535757,0.00650229900212885
