"","Estimate","Std. Error","z value","Pr(>|z|)"
"(Intercept)",12.4225660152781,5.02231124889006,2.47347593561102,0.0133805815200735
"x1",-23.0529523075834,9.10818501664276,-2.53101493496897,0.011373300576269
