"","Estimate","Std. Error","z value","Pr(>|z|)"
"(Intercept)",-2.24794679576289,0.860745537305136,-2.61162759298279,0.0090112354933479
"x1",3.88637002876458,1.43032477022716,2.71712418722034,0.00658518936736155
