"","Estimate","Std. Error","z value","Pr(>|z|)"
"(Intercept)",0.531539439090467,0.630681385367026,0.842801851177415,0.399339272524507
"x2",-0.305236412382926,1.02803636745385,-0.296912076310014,0.766533636145162
