"","Estimate","Std. Error","z value","Pr(>|z|)"
"(Intercept)",-3.65412511288079,1.30246749517371,-2.80554035046644,0.00502322916046053
"x2",9.91278400259212,3.02870548373247,3.27294418550593,0.00106433492632087
