"","Estimate","Std. Error","z value","Pr(>|z|)"
"(Intercept)",1.77805872774304,0.78015776071407,2.27910150648966,0.0226610319941875
"x1",-1.29211605667274,1.19088469498224,-1.08500517482258,0.27791936332834
