"","Estimate","Std. Error","z value","Pr(>|z|)"
"(Intercept)",1.15555048961751,0.746463809688095,1.54803283778801,0.121614390596845
"x2",-4.51844666745877,1.62105032865495,-2.78735742350942,0.00531398322222489
