"","Estimate","Std. Error","z value","Pr(>|z|)"
"(Intercept)",0.919964356366669,0.664374725949726,1.38470703419908,0.166142067327344
"x2",-1.8433955122621,1.11171898972902,-1.65814880315341,0.0972874354489314
