"","Estimate","Std. Error","z value","Pr(>|z|)"
"(Intercept)",0.225466373679609,0.621951526593635,0.362514382615098,0.716967677642482
"x1",-0.453659520171477,1.02912031578501,-0.440822626094429,0.659341411994525
