"","Estimate","Std. Error","z value","Pr(>|z|)"
"(Intercept)",3.99053373198676,1.3075401808647,3.05193965767672,0.00227367803334037
"x2",-5.19831023762848,1.86090747495583,-2.79342756562997,0.00521527075758154
