"","Estimate","Std. Error","z value","Pr(>|z|)"
"(Intercept)",16.569369987909,7.0853267908459,2.338547039117,0.0193588884904262
"x1",-27.6466382170108,11.7567594947711,-2.35155258805003,0.018695246768481
