"","Estimate","Std. Error","z value","Pr(>|z|)"
"(Intercept)",-1.03950808132982,0.708371755067936,-1.46746122201065,0.142250630677838
"x1",3.78902461696706,1.42848441346135,2.65247879589103,0.0079903146446047
