"","Estimate","Std. Error","z value","Pr(>|z|)"
"(Intercept)",-0.142782821858423,0.620970072599857,-0.229935109852596,0.818142193446576
"x1",0.283757535335653,1.01470586549628,0.279645111932877,0.779749793002036
