"","Estimate","Std. Error","z value","Pr(>|z|)"
"(Intercept)",0.108289611276616,0.675331063484977,0.160350407573137,0.872605053047022
"x2",-2.29522248163038,1.29310603698638,-1.77496849908725,0.0759030886539869
