"","Estimate","Std. Error","z value","Pr(>|z|)"
"(Intercept)",6.07152710790988,2.04986913441255,2.96190961948888,0.00305737515205031
"x2",-7.50787075915884,2.69548827862667,-2.78534721100106,0.00534704328162984
