"","Estimate","Std. Error","z value","Pr(>|z|)"
"(Intercept)",-1.4583271172566,0.747205268427849,-1.95170882604318,0.0509727841363181
"x1",3.62071167948133,1.3886377854561,2.60738380980473,0.00912370289464521
