"","Estimate","Std. Error","z value","Pr(>|z|)"
"(Intercept)",-2.18859670585028,0.847923297998207,-2.58112580585668,0.00984786870369593
"x1",4.36018553056161,1.47538263925356,2.95529133565484,0.00312373922104606
