"","Estimate","Std. Error","z value","Pr(>|z|)"
"(Intercept)",-0.265274036715732,0.612509140215244,-0.433094005131925,0.66494647778861
"x2",0.0297630766308636,1.01636470723555,0.0292838549183956,0.976638203289584
