"","Estimate","Std. Error","z value","Pr(>|z|)"
"(Intercept)",1.07205005549772,0.689100916495948,1.55572286995213,0.119774005858078
"x1",-2.442950867506,1.19204083579934,-2.04938521746854,0.0404244615895976
