"","Estimate","Std. Error","z value","Pr(>|z|)"
"(Intercept)",1.0817025823099,0.707488836769756,1.52893236768049,0.12628121113988
"x1",0.379037229114888,1.16733137849976,0.324704052419135,0.745405067329896
