"","Estimate","Std. Error","z value","Pr(>|z|)"
"(Intercept)",1.10935268758714,0.699984943510878,1.58482364209581,0.113006409215833
"x1",-2.82293995118345,1.24729052521756,-2.26325775279265,0.0236198049511925
