"","Estimate","Std. Error","z value","Pr(>|z|)"
"(Intercept)",0.531539439090466,0.630681385367026,0.842801851177414,0.399339272524508
"x2",-0.305236412382924,1.02803636745385,-0.296912076310012,0.766533636145163
