"","Estimate","Std. Error","z value","Pr(>|z|)"
"(Intercept)",-10.7014278950389,4.57618397829017,-2.33850473359625,0.0193610804032075
"x2",26.8436062913574,11.2065255781116,2.39535492996936,0.0166042834180971
