"","Estimate","Std. Error","z value","Pr(>|z|)"
"(Intercept)",-2.36669731477723,0.904489060340812,-2.61661242634096,0.00888071134845971
"x2",5.08395553591289,1.65591691550113,3.07017549511192,0.00213933024100051
