"","Estimate","Std. Error","z value","Pr(>|z|)"
"(Intercept)",-2.72421738030985,0.990570909599284,-2.75014878178876,0.00595682111061533
"x2",6.7982597592134,2.0704245213123,3.28351006725155,0.00102522982902281
