"","Estimate","Std. Error","z value","Pr(>|z|)"
"(Intercept)",-1.44175535717674,0.848988367727844,-1.69820390005498,0.0894692847257469
"x2",6.9158870891517,2.37347312710726,2.91382573923668,0.00357029142083499
