"","Estimate","Std. Error","z value","Pr(>|z|)"
"(Intercept)",-0.336533764225573,0.619474580258945,-0.543256777517649,0.586953019176886
"x2",-0.084406897580825,1.01584131177632,-0.0830906329584384,0.933779473907351
