"","Estimate","Std. Error","z value","Pr(>|z|)"
"(Intercept)",-2.1689633341234,0.851687859164924,-2.54666461519137,0.0108757902669384
"x2",4.3546125481763,1.49370173466852,2.91531598786197,0.00355328576594746
