"","Estimate","Std. Error","z value","Pr(>|z|)"
"(Intercept)",-4.5644744631949,1.56470189624403,-2.91715276510601,0.00353242717185286
"x2",10.5218969711068,3.30759613861056,3.18113110856599,0.00146701221751756
