"","Estimate","Std. Error","z value","Pr(>|z|)"
"(Intercept)",1.98012395601257,0.806572070208648,2.45498701126651,0.014088967889088
"x2",-3.12020989081449,1.32167320316163,-2.3608028696886,0.0182354211131489
