"","Estimate","Std. Error","z value","Pr(>|z|)"
"(Intercept)",1.73023174532695,0.776956842392885,2.2269341756463,0.0259516733631688
"x1",-3.4564280883459,1.33017440231121,-2.59847737435052,0.00936382156983273
