"","Estimate","Std. Error","z value","Pr(>|z|)"
"(Intercept)",3.53620073880261,1.23694589605482,2.85881601619048,0.0042522533084224
"x1",-3.1218241233735,1.67347828302637,-1.86547035299908,0.0621155040392262
