"","Estimate","Std. Error","z value","Pr(>|z|)"
"(Intercept)",-0.352074700743905,0.632062025503538,-0.557025555305939,0.577509969025419
"x2",0.694539461204942,1.03163998514056,0.673238214114306,0.500795753305251
