"","Estimate","Std. Error","z value","Pr(>|z|)"
"(Intercept)",2.07540323016635,0.837564555281967,2.47790241012248,0.0132157286929158
"x2",-4.07215445530165,1.43984493413735,-2.82818959094466,0.00468120741062638
