"","Estimate","Std. Error","z value","Pr(>|z|)"
"(Intercept)",12.3052993270756,5.61931887785438,2.18982043812651,0.0285372618803241
"x1",-30.2390742471751,13.3428969999538,-2.26630500462379,0.0234327152246688
