"","Estimate","Std. Error","z value","Pr(>|z|)"
"(Intercept)",2.12761685297562,0.88183465986495,2.41271629457324,0.0158341393113474
"x1",-0.379258829518009,1.35668532378934,-0.279548118393958,0.779824216065052
