"","Estimate","Std. Error","z value","Pr(>|z|)"
"(Intercept)",-1.7753102657747,0.874444210567675,-2.03021558644913,0.0423346301911098
"x1",7.18904877763385,2.37229741770393,3.03041630614423,0.0024421686131365
