"","Estimate","Std. Error","z value","Pr(>|z|)"
"(Intercept)",0.412997798077721,0.649328669827148,0.636038137955099,0.524751564555507
"x1",0.763363052032791,1.09988074072957,0.694041657213162,0.487656085017154
