"","Estimate","Std. Error","z value","Pr(>|z|)"
"(Intercept)",16.1703130503795,7.21875947805269,2.24004042516479,0.0250882985675385
"x2",-26.446543546582,11.711633425415,-2.25814304341111,0.0239367428471896
