"","Estimate","Std. Error","z value","Pr(>|z|)"
"(Intercept)",-1.00630652750025,0.858574186217602,-1.17206706613609,0.241170131115367
"x1",6.9472870346082,2.58947574978932,2.68289325944583,0.00729882819553101
