"","Estimate","Std. Error","z value","Pr(>|z|)"
"(Intercept)",2.69847988080249,0.958286249945014,2.81594344169848,0.00486342276817738
"x2",-3.74192195007627,1.46477986695881,-2.55459679265342,0.0106310867238377
