"","Estimate","Std. Error","z value","Pr(>|z|)"
"(Intercept)",-5.64715211907037,1.81021347262938,-3.11960561804224,0.00181093324785858
"x2",7.72138375895889,2.54158595774707,3.03801794915618,0.00238139769795251
