"","Estimate","Std. Error","z value","Pr(>|z|)"
"(Intercept)",0.0364559941396026,0.629923587237897,0.0578736768684209,0.9538492507846
"x2",-0.319452018525221,1.03333456047026,-0.309146747574031,0.757209900218161
