"","Estimate","Std. Error","z value","Pr(>|z|)"
"(Intercept)",1.98721994952549,0.821660179341903,2.41854236031875,0.0155828310837111
"x2",-3.62169393173846,1.3714229378671,-2.64082933990522,0.00827033673244247
