"","Estimate","Std. Error","z value","Pr(>|z|)"
"(Intercept)",7.65979220560819,2.63829545108571,2.90331100046283,0.0036923976351484
"x2",-12.9949366997019,4.35812483323574,-2.98177248173355,0.00286584891232313
