"","Estimate","Std. Error","z value","Pr(>|z|)"
"(Intercept)",14.4336174994791,7.00365512404596,2.06086925238845,0.0393155153972799
"x1",-36.4341178952072,17.4474125657946,-2.08822470138843,0.0367775701060738
