"","Estimate","Std. Error","z value","Pr(>|z|)"
"(Intercept)",1.91613796094952,0.79352581147065,2.41471409404859,0.0157475652263109
"x2",-2.97185531414224,1.27959107587125,-2.32250393909536,0.0202058165641518
