"","Estimate","Std. Error","z value","Pr(>|z|)"
"(Intercept)",2.61160909950952,0.951914874719014,2.74353218850626,0.00607820888492203
"x1",-2.42514544435789,1.38310422539312,-1.75340758840397,0.0795320693883088
