"","Estimate","Std. Error","z value","Pr(>|z|)"
"(Intercept)",1.88271088315653,0.809520379239839,2.32571153418577,0.0200339447571498
"x1",-4.42584109322282,1.4956366747008,-2.95916860564294,0.00308470278284322
