"","Estimate","Std. Error","z value","Pr(>|z|)"
"(Intercept)",1.81781436106243,0.78487856677209,2.31604535786779,0.0205557922766509
"x1",-3.62724607962663,1.34274457572774,-2.70136714397876,0.00690550630320486
