"","Estimate","Std. Error","z value","Pr(>|z|)"
"(Intercept)",1.03159414157056,0.686343392420681,1.50302917309688,0.132831521262723
"x1",-2.33856899902171,1.17786372687812,-1.98543256376524,0.047096365995352
