"","Estimate","Std. Error","z value","Pr(>|z|)"
"(Intercept)",2.14882533465218,0.839042969670709,2.56104325085461,0.0104358363398665
"x1",-4.40872597871749,1.49870863935619,-2.94168316839181,0.00326433724107555
