"","Estimate","Std. Error","z value","Pr(>|z|)"
"(Intercept)",-2.54010668571472,0.95779200701393,-2.65204414644669,0.00800060804622184
"x2",1.13867896205031,1.39924072357168,0.813783463322695,0.415769010145397
