"","Estimate","Std. Error","z value","Pr(>|z|)"
"(Intercept)",0.362501235153457,0.632833771852003,0.572822202728827,0.566765084289198
"x1",0.0320098612545635,1.04169135624545,0.0307287384719559,0.975485871993804
