"","Estimate","Std. Error","z value","Pr(>|z|)"
"(Intercept)",0.690939297654758,0.642951628398316,1.07463651562091,0.282537496648131
"x1",-0.0915746003658198,1.03998280224134,-0.0880539564389532,0.929833791607046
