"","Estimate","Std. Error","z value","Pr(>|z|)"
"(Intercept)",0.238727375089519,0.63033642579083,0.37873009605943,0.704888301929266
"x1",-1.27362226841331,1.08264644260126,-1.17639722285809,0.239436180991102
