"","Estimate","Std. Error","z value","Pr(>|z|)"
"(Intercept)",0.493547128045205,0.633545115289526,0.779024439040395,0.43596531860499
"x2",-0.986319286185326,1.0459842179884,-0.942958095564943,0.345702337290223
