"","Estimate","Std. Error","z value","Pr(>|z|)"
"(Intercept)",9.58491796616774,4.07370325932458,2.35287583704782,0.0186288533135999
"x1",-27.9935351578165,11.6611119581217,-2.40058883392502,0.0163687171589997
