"","Estimate","Std. Error","z value","Pr(>|z|)"
"(Intercept)",-2.88243649788846,0.99436193359383,-2.89878001209352,0.00374617635537607
"x2",4.0156103715129,1.49286761608303,2.68986367461638,0.00714812132945861
