"","Estimate","Std. Error","z value","Pr(>|z|)"
"(Intercept)",0.902384395777692,0.657778594127133,1.37186646667204,0.170105011163418
"x2",-1.29481266431167,1.07442663484769,-1.20511966319153,0.228157109966234
