"","Estimate","Std. Error","z value","Pr(>|z|)"
"(Intercept)",2.84966976099341,0.989159324556639,2.88090067014299,0.00396540587250893
"x1",-4.33176717497616,1.54426989968668,-2.80505834883853,0.00503074718932664
