"","Estimate","Std. Error","z value","Pr(>|z|)"
"(Intercept)",-0.0863746766354573,0.615211549879765,-0.140398333959006,0.888345274124066
"x1",-0.0771011553528133,1.00894033331236,-0.0764179533785606,0.939086586639019
