"","Estimate","Std. Error","z value","Pr(>|z|)"
"(Intercept)",18.5446758548615,8.28336108884535,2.23878636412873,0.0251698199320787
"x1",-32.1840964491922,14.046766060802,-2.2912103974596,0.021951247900286
