"","Estimate","Std. Error","z value","Pr(>|z|)"
"(Intercept)",2.32926782698645,0.865835487557841,2.69019676423328,0.00714099006216927
"x1",-3.69440116309278,1.38204797048048,-2.67313526158457,0.00751459440644315
