"","Estimate","Std. Error","z value","Pr(>|z|)"
"(Intercept)",-3.06414334182495,1.03536165461438,-2.95949084860225,0.0030814785396399
"x2",4.36692254706537,1.57094454730419,2.77980693498011,0.00543912250122783
