"","Estimate","Std. Error","z value","Pr(>|z|)"
"(Intercept)",-1.87646553042175,0.805030642951682,-2.33092435281917,0.0197573489050958
"x2",1.14638365217416,1.22037875121144,0.939367103070395,0.347542297032125
