"","Estimate","Std. Error","z value","Pr(>|z|)"
"(Intercept)",-0.0520453446774161,0.659147494787292,-0.0789585716232013,0.937065575193339
"x2",1.78680988780308,1.20081847462024,1.48799333585217,0.13675265111712
