"","Estimate","Std. Error","z value","Pr(>|z|)"
"(Intercept)",-3.27362614440337,1.10724868366388,-2.95654101260338,0.0031111085345116
"x2",7.06353909404674,2.13326571745732,3.31113889668931,0.000929170760434356
