"","Estimate","Std. Error","z value","Pr(>|z|)"
"(Intercept)",1.33544626057083,0.717191089956382,1.86205082476979,0.0625959265570031
"x1",-2.37910637313285,1.18438333595409,-2.00873002929946,0.0445657722585872
