"","Estimate","Std. Error","z value","Pr(>|z|)"
"(Intercept)",-0.586579998439236,0.642363833257579,-0.913158506238669,0.361159183444235
"x2",0.406458519577465,1.03257363968724,0.393636350914961,0.693849539423341
