"","Estimate","Std. Error","z value","Pr(>|z|)"
"(Intercept)",16.8400987917057,7.47469567025374,2.25294774992947,0.0242624436317292
"x2",-27.3252591882274,11.9232323630543,-2.29176605438793,0.0219191464687363
