"","Estimate","Std. Error","z value","Pr(>|z|)"
"(Intercept)",-1.51891270234635,0.75077068581853,-2.02313799810971,0.0430589218981495
"x2",3.37424046880832,1.33668337912799,2.52433786601698,0.0115916461604563
