"","Estimate","Std. Error","z value","Pr(>|z|)"
"(Intercept)",-0.333374774612987,0.621106886935241,-0.536743001285937,0.591445148423439
"x1",-0.0905902878112304,1.01806432944505,-0.0889828718982927,0.929095522361267
