"","Estimate","Std. Error","z value","Pr(>|z|)"
"(Intercept)",-3.84086510274128,1.26976254042872,-3.02486880849743,0.00248740996905075
"x2",7.18687436272467,2.17646128776796,3.30209152035737,0.000959667523381419
