"","Estimate","Std. Error","z value","Pr(>|z|)"
"(Intercept)",-1.45537505933743,0.810083573155677,-1.79657396787843,0.072403280200837
"x2",5.23494837234661,1.82078043071823,2.87511238808823,0.00403883706719374
