"","Estimate","Std. Error","z value","Pr(>|z|)"
"(Intercept)",-5.14213944276302,1.64197811152422,-3.13167356292568,0.00173813015271873
"x2",8.78502840328064,2.69554601919995,3.25909049250365,0.00111770010451644
