"","Estimate","Std. Error","z value","Pr(>|z|)"
"(Intercept)",1.72456213227559,0.810748965811786,2.12712221044749,0.0334099303000333
"x1",-4.43668332691892,1.55907032014143,-2.845723678786,0.00443106269763591
