"","Estimate","Std. Error","z value","Pr(>|z|)"
"(Intercept)",2.0832691585065,0.839626873471477,2.4811844693502,0.0130946586263013
"x1",-4.19657762419062,1.48289004384414,-2.82999919084472,0.00465481218577855
