"","Estimate","Std. Error","z value","Pr(>|z|)"
"(Intercept)",-0.720506702477535,0.658348688547976,-1.09441503417688,0.273772993172995
"x1",0.147710300033109,1.05694577069714,0.13975201389536,0.888855928472135
