"","Estimate","Std. Error","z value","Pr(>|z|)"
"(Intercept)",-14.1738275041884,5.84150028249054,-2.42640192052602,0.0152493715656645
"x1",23.4506774919367,9.47942109990619,2.4738512241184,0.0133665346723765
