"","Estimate","Std. Error","z value","Pr(>|z|)"
"(Intercept)",12.2810701638532,5.57105323676085,2.20444315319337,0.0274931936640625
"x2",-28.5147369478272,12.7862045646795,-2.23011737404828,0.0257396516872292
