"","Estimate","Std. Error","z value","Pr(>|z|)"
"(Intercept)",1.37808178503271,0.72136177301347,1.91038926179275,0.0560831124178191
"x1",-3.10822450343538,1.2778478744195,-2.43239008778519,0.014999543192106
