"","Estimate","Std. Error","z value","Pr(>|z|)"
"(Intercept)",-8.17395112692456,2.77972979978051,-2.94055599489201,0.00327623779927023
"x1",12.8776709604829,4.25035806606703,3.02978496406986,0.00244727913581363
