"","Estimate","Std. Error","z value","Pr(>|z|)"
"(Intercept)",1.46032971214123,0.724136643519782,2.01664937855245,0.0437321161194478
"x1",-1.56045694145564,1.13402362580865,-1.37603565388058,0.16881059515449
