"","Estimate","Std. Error","z value","Pr(>|z|)"
"(Intercept)",2.24649193862813,0.868791421831401,2.58576671244354,0.00971626680274005
"x1",-1.80678664040161,1.28912653860024,-1.40155879682957,0.161047038229377
