"","Estimate","Std. Error","z value","Pr(>|z|)"
"(Intercept)",-0.329280045867277,0.626576627595572,-0.525522388428146,0.599220093796424
"x2",0.657947042178297,1.03187024171578,0.637625755234761,0.523717326014444
