"","Estimate","Std. Error","z value","Pr(>|z|)"
"(Intercept)",-1.12400770364302,0.754809455794943,-1.48912774610017,0.136453732707072
"x2",4.39372559715357,1.62166617789762,2.70938967405101,0.00674071191798483
