"","Estimate","Std. Error","z value","Pr(>|z|)"
"(Intercept)",0.102471998375844,0.64322024616224,0.159310903204992,0.873423930951313
"x2",-0.951399343121315,1.06678640850079,-0.891836768391499,0.372480430710931
