"","Estimate","Std. Error","z value","Pr(>|z|)"
"(Intercept)",1.55970290433434,0.746827355541935,2.08843836900236,0.0367583094213972
"x1",-0.893306481900722,1.15733491588666,-0.771865144340124,0.44019430336161
