"","Estimate","Std. Error","z value","Pr(>|z|)"
"(Intercept)",-2.07715264633028,0.829876300682907,-2.50296658022525,0.0123157172812032
"x2",1.51530524885081,1.23966782823634,1.22234780506211,0.221576128376444
