"","Estimate","Std. Error","z value","Pr(>|z|)"
"(Intercept)",5.17152094740356,1.7701199327437,2.92156528591125,0.00348277274207573
"x1",-12.0724415272374,3.86435553940492,-3.12405041516868,0.00178379890281924
