"","Estimate","Std. Error","z value","Pr(>|z|)"
"(Intercept)",-1.22355024273815,0.74278823554494,-1.64723966291753,0.0995087943149575
"x2",3.74069078689162,1.44782847840148,2.5836560357078,0.00977592354431861
