"","Estimate","Std. Error","z value","Pr(>|z|)"
"(Intercept)",-1.45553860709943,0.746108364385071,-1.9508407579629,0.0510759917084407
"x2",3.51663460605096,1.34788872851166,2.60899474241768,0.00908086375434229
