"","Estimate","Std. Error","z value","Pr(>|z|)"
"(Intercept)",-0.789214531855178,0.826442656492724,-0.954953771631856,0.339601075345219
"x2",6.22159062150685,2.41242220062188,2.57898083507233,0.00990922841023643
