"","Estimate","Std. Error","z value","Pr(>|z|)"
"(Intercept)",-0.0308735502948786,0.619077922884945,-0.0498702169042078,0.96022581122787
"x2",0.565153644337005,1.02126894686321,0.553383754664089,0.5800006605728
