"","Estimate","Std. Error","z value","Pr(>|z|)"
"(Intercept)",3.61470870109268,1.16259604726007,3.1091699559891,0.00187613763411085
"x2",-5.29215073493603,1.73800735983525,-3.0449530060895,0.00232716669429129
