"","Estimate","Std. Error","z value","Pr(>|z|)"
"(Intercept)",-0.10711675878794,0.644886580610898,-0.16610170223494,0.868076914576448
"x1",1.93333478159147,1.18425820213575,1.63252809066874,0.102568285820715
