"","Estimate","Std. Error","z value","Pr(>|z|)"
"(Intercept)",1.51832505521042,0.747094745599298,2.03230589447188,0.0421226981140704
"x1",-3.03002441121755,1.27483323627199,-2.37680060811585,0.0174635252702049
