"","Estimate","Std. Error","z value","Pr(>|z|)"
"(Intercept)",0.380673670917286,0.669423244402302,0.568659176538115,0.569587457097574
"x2",1.1436835937027,1.16081853031395,0.985238918776895,0.324506727863905
