"","Estimate","Std. Error","z value","Pr(>|z|)"
"(Intercept)",-2.14907171760536,0.872462329868503,-2.46322579672782,0.0137693171416831
"x2",5.02144930301083,1.64060805990944,3.06072451167161,0.00220802151116758
