"","Estimate","Std. Error","z value","Pr(>|z|)"
"(Intercept)",1.60843243298767,0.741940457256511,2.1678726604763,0.030168376510834
"x1",-2.38391769874432,1.19458450698027,-1.99560406552611,0.0459770366568678
