"","Estimate","Std. Error","z value","Pr(>|z|)"
"(Intercept)",3.38751803235276,1.08943775737306,3.10941860553927,0.00187455925619593
"x2",-5.26291910107247,1.70931255535696,-3.0789682580746,0.00207718811996332
