"","Estimate","Std. Error","z value","Pr(>|z|)"
"(Intercept)",0.883387300267162,0.708693693343893,1.2465008628749,0.212580572623208
"x1",-3.31123746272745,1.36995555715471,-2.41704006048534,0.015647294918762
