"","Estimate","Std. Error","z value","Pr(>|z|)"
"(Intercept)",-0.0159735270755264,0.614281201781485,-0.0260036071903249,0.979254461303293
"x2",0.0315604330085408,0.99311796508597,0.0317791381468049,0.974648183579637
