"","Estimate","Std. Error","z value","Pr(>|z|)"
"(Intercept)",-2.84269705726123,1.13841123565364,-2.49707396433859,0.0125222834649857
"x2",9.23533529789773,2.91592047977327,3.16721095858411,0.00153908624506116
