"","Estimate","Std. Error","z value","Pr(>|z|)"
"(Intercept)",0.523314277087178,0.722008368039695,0.724803617592431,0.46857251613432
"x2",-3.86400145301362,1.61327982089901,-2.39512166640775,0.016614851035736
