"","Estimate","Std. Error","z value","Pr(>|z|)"
"(Intercept)",16.1904777297704,6.80205285243601,2.38023403831272,0.0173016455317408
"x1",-26.5441219487073,11.0469146488018,-2.40285390016899,0.0162676852711306
