"","Estimate","Std. Error","z value","Pr(>|z|)"
"(Intercept)",1.08934065278023,0.714173657334937,1.5253162050884,0.127180247757608
"x1",-3.45551760135903,1.36990573162025,-2.52244918872777,0.0116540785381559
