"","Estimate","Std. Error","z value","Pr(>|z|)"
"(Intercept)",-1.40301657941238,0.713738210093042,-1.96572995472596,0.0493298127214139
"x2",1.99251343798081,1.14542891622604,1.73953478016405,0.0819407399736097
