"","Estimate","Std. Error","z value","Pr(>|z|)"
"(Intercept)",2.61158067936441,0.928847798022988,2.81163467784824,0.00492904508897896
"x1",-4.59416324696044,1.54198777526313,-2.97937721729116,0.00288834960812696
