"","Estimate","Std. Error","z value","Pr(>|z|)"
"(Intercept)",-2.47862986622388,0.907482620668674,-2.73132488685846,0.00630802535024119
"x2",3.95527443440557,1.4510420665514,2.72581651874905,0.00641426436849655
