"","Estimate","Std. Error","z value","Pr(>|z|)"
"(Intercept)",-0.580567563741607,0.643822801595633,-0.90175054735984,0.367189394976426
"x2",1.99510596759267,1.12493463812854,1.77353056788416,0.0761408313129758
