"","Estimate","Std. Error","z value","Pr(>|z|)"
"(Intercept)",-1.819814153447,0.781781413522696,-2.32777873964405,0.0199238555599127
"x1",3.61792148455122,1.33335359617121,2.71339987752705,0.00665966896081692
