"","Estimate","Std. Error","z value","Pr(>|z|)"
"(Intercept)",-1.61548481217721,0.776141709964719,-2.08143022264665,0.0373945447472688
"x2",4.24716252092038,1.47858317788379,2.87245424163361,0.00407297058578026
