"","Estimate","Std. Error","z value","Pr(>|z|)"
"(Intercept)",2.35918415844517,0.895821108533147,2.63354383589843,0.00844989273793404
"x2",-4.98298606068192,1.61193605950785,-3.09130503737432,0.00199278799664185
