"","Estimate","Std. Error","z value","Pr(>|z|)"
"(Intercept)",1.02290263503306,0.672384114217849,1.52130696339094,0.128182823630446
"x1",-1.25021166574678,1.07453819397571,-1.16348741511095,0.244631801215852
