"","Estimate","Std. Error","z value","Pr(>|z|)"
"(Intercept)",1.596513273709,0.787987636928632,2.02606386050901,0.0427582409153618
"x2",-4.17725238176605,1.50921771431028,-2.76782623352329,0.00564315348891532
