"","Estimate","Std. Error","z value","Pr(>|z|)"
"(Intercept)",-3.51346341534816,1.15118747249036,-3.05203409462709,0.00227296281747745
"x1",5.09795589763426,1.71784718586949,2.96764225570736,0.00300093380967284
