"","Estimate","Std. Error","z value","Pr(>|z|)"
"(Intercept)",1.4054116090101,0.771400373095986,1.82189646003091,0.0684706975552362
"x1",0.563300671382166,1.27997815198107,0.440086161244491,0.659874704519862
