"","Estimate","Std. Error","z value","Pr(>|z|)"
"(Intercept)",-1.49250631001032,0.777371132365077,-1.91994048643087,0.0548654171819447
"x2",4.32781178159239,1.50938951743672,2.86725973090231,0.00414043059325025
