"","Estimate","Std. Error","z value","Pr(>|z|)"
"(Intercept)",0.00543847127610864,0.616116929620248,0.0088270115860324,0.992957155196135
"x2",-0.517763817134376,1.02102244802683,-0.507103265099584,0.612082364167933
