"","Estimate","Std. Error","z value","Pr(>|z|)"
"(Intercept)",1.94877728403102,0.831712535387263,2.34308995129385,0.0191247716240632
"x1",-5.09230274519957,1.66460509589666,-3.05916565902168,0.00221954379494635
