"","Estimate","Std. Error","z value","Pr(>|z|)"
"(Intercept)",16.813802345149,7.29376908450327,2.30522822293244,0.0211537950174383
"x1",-27.703334212829,11.8420810156536,-2.33939745693421,0.0193148730288378
