"","Estimate","Std. Error","z value","Pr(>|z|)"
"(Intercept)",2.42982111466185,0.93950085114569,2.58628942347286,0.0097015429779749
"x2",-5.58943283242587,1.78383231294025,-3.13338467516206,0.00172802809386137
