"","Estimate","Std. Error","z value","Pr(>|z|)"
"(Intercept)",16.9350899674303,7.2220408936775,2.34491748478689,0.0190312909167221
"x2",-28.4630554731163,12.208770974852,-2.33136124281022,0.0197343193881783
