"","Estimate","Std. Error","z value","Pr(>|z|)"
"(Intercept)",-1.09808008299121,0.712746918819168,-1.5406311188415,0.123406589749212
"x2",3.15566704971767,1.3291357833486,2.37422473253059,0.0175858433050704
