"","Estimate","Std. Error","z value","Pr(>|z|)"
"(Intercept)",-0.87841156030337,0.743105516411577,-1.18208187249797,0.237173216412046
"x2",4.25369342517754,1.63853372401032,2.59603654343263,0.00943060346536429
