"","Estimate","Std. Error","z value","Pr(>|z|)"
"(Intercept)",-3.02525730161315,1.04031542552893,-2.90801926740153,0.00363725927019722
"x2",6.07164656511777,1.87981045977136,3.22992487543466,0.00123822749216833
