"","Estimate","Std. Error","z value","Pr(>|z|)"
"(Intercept)",2.10163665803381,0.852296602901051,2.46585126689493,0.0136688078389694
"x2",-4.96312571579072,1.61407943622017,-3.07489557478862,0.00210576268064701
