"","Estimate","Std. Error","z value","Pr(>|z|)"
"(Intercept)",1.84532413505319,0.815895793664535,2.26171546585019,0.0237149885693023
"x1",-0.325325941537937,1.25727398648256,-0.258755008880834,0.795824273534697
