"","Estimate","Std. Error","z value","Pr(>|z|)"
"(Intercept)",-2.75837249620876,0.974753259061971,-2.82981613096961,0.00465747619778149
"x2",4.46287582043559,1.54882092101025,2.88146664336416,0.00395829129480052
