"","Estimate","Std. Error","z value","Pr(>|z|)"
"(Intercept)",1.68289657480483,0.773804165600033,2.1748352485281,0.0296424646237389
"x2",-3.7434956817117,1.39533636877682,-2.68286254517492,0.00729949852839726
