"","Estimate","Std. Error","z value","Pr(>|z|)"
"(Intercept)",1.19715477456493,0.687752054672327,1.74067785974889,0.0817400612890283
"x2",-1.07450348442826,1.08992538669854,-0.985850497237251,0.324206481690529
