"","Estimate","Std. Error","z value","Pr(>|z|)"
"(Intercept)",1.64417285175066,0.748215834246442,2.1974579746853,0.0279877547120886
"x2",-2.71712420004562,1.22886042515392,-2.21109260614792,0.0270294248662899
