"","Estimate","Std. Error","z value","Pr(>|z|)"
"(Intercept)",0.404756130691965,0.630365376147258,0.642097656387477,0.520809777515256
"x1",0.211182117817041,1.04158606075013,0.20275052228037,0.839330032116602
