"","Estimate","Std. Error","z value","Pr(>|z|)"
"(Intercept)",1.77433629530575,0.782850451864404,2.26650734004185,0.023420338260814
"x1",-3.48859921120041,1.32483961646243,-2.63322380147087,0.00845785953135385
