"","Estimate","Std. Error","z value","Pr(>|z|)"
"(Intercept)",1.29046433495391,0.737621101123493,1.7494948734362,0.0802055141907963
"x2",-3.48914236907187,1.36395637267832,-2.55810408526516,0.0105244585913409
