"","Estimate","Std. Error","z value","Pr(>|z|)"
"(Intercept)",-0.926570206011489,0.65621953440176,-1.41198205392681,0.157955245379276
"x2",1.07139581797089,1.05004999302532,1.02032838920752,0.307572743681382
