"","Estimate","Std. Error","z value","Pr(>|z|)"
"(Intercept)",-2.44210695262578,1.06721975930565,-2.28828873466011,0.0221207121187252
"x2",8.95335679006632,2.95638468246383,3.02848165976989,0.00245785995660692
