"","Estimate","Std. Error","z value","Pr(>|z|)"
"(Intercept)",-0.260524659285582,0.623443902654499,-0.417879873676396,0.676034948324186
"x2",1.31297343670946,1.06073053563567,1.23780111215769,0.215789815975949
