"","Estimate","Std. Error","z value","Pr(>|z|)"
"(Intercept)",0.554764603855074,0.633727912201932,0.875398721081268,0.381356995424665
"x2",-0.601160365095267,1.02798760102739,-0.584793400712671,0.558686642244527
