"","Estimate","Std. Error","z value","Pr(>|z|)"
"(Intercept)",-20.7523827903203,9.8980269847029,-2.09661812625813,0.0360273933886997
"x1",34.4902901150773,16.1980541353838,2.12928601341904,0.0332306042688439
