"","Estimate","Std. Error","z value","Pr(>|z|)"
"(Intercept)",0.746934028475069,0.675712947975458,1.10540138488244,0.268985703959087
"x2",-2.02205665723913,1.17077294845751,-1.72711255406369,0.0841474513956293
