"","Estimate","Std. Error","z value","Pr(>|z|)"
"(Intercept)",2.33015912435754,0.883950246709801,2.63607497484248,0.00838711976659006
"x1",-5.01372452330054,1.61731401748279,-3.10003157649246,0.00193500012715931
