"","Estimate","Std. Error","z value","Pr(>|z|)"
"(Intercept)",-2.26332806455019,0.867112113331451,-2.61019080434071,0.00904917342771782
"x2",4.21211369859425,1.48566196878795,2.83517636386063,0.0045800393867524
