"","Estimate","Std. Error","z value","Pr(>|z|)"
"(Intercept)",-4.02470548893181,1.35419283482893,-2.97203277511081,0.00295835101424485
"x2",4.26292235974482,1.82155944189605,2.34025981348573,0.0192703289790278
