"","Estimate","Std. Error","z value","Pr(>|z|)"
"(Intercept)",0.264114183185911,0.61790752964293,0.427433184603745,0.669063841283729
"x2",-0.532543825913965,1.0205832894422,-0.521803395590601,0.60180722522633
