"","Estimate","Std. Error","z value","Pr(>|z|)"
"(Intercept)",-0.788647544987221,0.659706090044156,-1.19545287953069,0.231910135939079
"x1",1.57115606951153,1.09966901011624,1.42875361136661,0.153075062844403
