"","Estimate","Std. Error","z value","Pr(>|z|)"
"(Intercept)",-0.260056038670775,0.629078452419565,-0.413392062103774,0.679319389445186
"x2",0.511340590678122,1.022415161629,0.500130093790284,0.616983477405841
