"","Estimate","Std. Error","z value","Pr(>|z|)"
"(Intercept)",-2.39507975631951,0.891266021521005,-2.68727820705219,0.00720369253475018
"x2",3.73984981090587,1.40488920768744,2.66202472795841,0.00776721721547557
