"","Estimate","Std. Error","z value","Pr(>|z|)"
"(Intercept)",-0.713587906683921,0.644341902441791,-1.10746779618044,0.2680917282132
"x1",0.911660624284199,1.04365191442733,0.873529393930586,0.382374591923318
