"","Estimate","Std. Error","z value","Pr(>|z|)"
"(Intercept)",0.633259978957102,0.651568284545821,0.971901171338503,0.331099717017786
"x2",0.309196488748647,1.07953534570703,0.286416271572974,0.774559313580245
