"","Estimate","Std. Error","z value","Pr(>|z|)"
"(Intercept)",1.08836364315827,0.688175944636165,1.58151945246166,0.113759314764757
"x2",-0.300102728128027,1.09665064218316,-0.273653902696483,0.784350606148657
