"","Estimate","Std. Error","z value","Pr(>|z|)"
"(Intercept)",0.238383419923148,0.624125111126868,0.381948131349406,0.702499838189595
"x2",-0.728810680304163,1.03277965923502,-0.705678770672141,0.480387925952428
