"","Estimate","Std. Error","z value","Pr(>|z|)"
"(Intercept)",0.485999972407218,0.633411862631225,0.767273240492132,0.4429190750429
"x1",0.0464571106525789,1.02603388322706,0.0452783396455321,0.963885452187315
