"","Estimate","Std. Error","z value","Pr(>|z|)"
"(Intercept)",-3.26625822915338,1.13440755881403,-2.87926345674926,0.00398605192299706
"x2",7.54767719225451,2.28767764152723,3.29927479958048,0.000969349691924586
