"","Estimate","Std. Error","z value","Pr(>|z|)"
"(Intercept)",-1.11854173620129,0.687606159670439,-1.62671860987603,0.103796874439592
"x2",1.94878195455701,1.12810145713329,1.72748819907494,0.0840800227496606
