"","Estimate","Std. Error","z value","Pr(>|z|)"
"(Intercept)",0.00953709636071899,0.613515090276775,0.0155450069800508,0.987597378444938
"x2",-0.270529744330235,1.01007253615997,-0.267831996857095,0.78882864027093
