"","Estimate","Std. Error","z value","Pr(>|z|)"
"(Intercept)",1.67875998745124,0.773557948971833,2.17017999709336,0.0299932128011812
"x2",-0.434575441907928,1.2224453787485,-0.355496817659723,0.722217428579121
