"","Estimate","Std. Error","z value","Pr(>|z|)"
"(Intercept)",0.56667115197066,0.634794350060688,0.892684618123152,0.372026089952501
"x1",-0.374383384674766,1.034104066707,-0.362036468792694,0.717324778167716
