"","Estimate","Std. Error","z value","Pr(>|z|)"
"(Intercept)",0.627197456111273,0.643992027519406,0.97392115012227,0.330095691353275
"x2",-0.233386610742232,1.04698160061488,-0.222913765251621,0.823602622805705
