"","Estimate","Std. Error","z value","Pr(>|z|)"
"(Intercept)",3.7150135592476,1.2125278303179,3.06385838440806,0.00218502316209418
"x2",-6.13151340722992,1.93549502915076,-3.16793033042314,0.00153528307352433
