"","Estimate","Std. Error","z value","Pr(>|z|)"
"(Intercept)",0.626223017589666,0.663322313416826,0.944070484172229,0.345133631113804
"x1",-1.78359491320125,1.14497990123036,-1.55775215904196,0.119292010802568
