"","Estimate","Std. Error","z value","Pr(>|z|)"
"(Intercept)",1.97516935012444,0.818943710824926,2.4118499525869,0.0158718119323741
"x1",-4.28512964682871,1.46160132344977,-2.93180471177643,0.00336998586601754
