"","Estimate","Std. Error","z value","Pr(>|z|)"
"(Intercept)",2.63027396342492,0.950479790798564,2.76731182386849,0.00565206647655411
"x2",-3.96263356745083,1.49641804101123,-2.64807925248818,0.00809505454051852
