"","Estimate","Std. Error","z value","Pr(>|z|)"
"(Intercept)",-2.60239111016006,0.958050786180061,-2.71633941300368,0.00660082088173352
"x1",5.63370535601956,1.76352439108053,3.19457183836722,0.00140038427692739
