"","Estimate","Std. Error","z value","Pr(>|z|)"
"(Intercept)",-1.27390015428211,0.701348292745932,-1.81635881552447,0.0693153484727504
"x1",1.72916541969386,1.12104413541336,1.54245971685696,0.122961919701236
