"","Estimate","Std. Error","z value","Pr(>|z|)"
"(Intercept)",-0.279982618376635,0.618979124042193,-0.452329662668155,0.651031509890051
"x2",-0.195855625772844,1.00486415932469,-0.194907564326374,0.84546531228725
