"","Estimate","Std. Error","z value","Pr(>|z|)"
"(Intercept)",2.16432165669709,0.845757406526348,2.5590336425031,0.010496358300796
"x1",-3.98550317656391,1.42247918479222,-2.80180070061698,0.0050818257033654
