"","Estimate","Std. Error","z value","Pr(>|z|)"
"(Intercept)",-0.273343940913332,0.637185488594963,-0.428986450265956,0.667933085397671
"x1",1.64645895856602,1.12487836936793,1.46367732139002,0.143282134825875
