"","Estimate","Std. Error","z value","Pr(>|z|)"
"(Intercept)",-2.13873171197835,0.841696117652125,-2.54097846850505,0.0110542726833867
"x1",4.29160645346657,1.46633738431078,2.92675239640278,0.00342521453550767
