"","Estimate","Std. Error","z value","Pr(>|z|)"
"(Intercept)",-0.547193839264879,0.637517251662767,-0.858320049908757,0.390715761147243
"x1",0.842988802607599,1.04973203601016,0.803051420447873,0.421945014588276
