"","Estimate","Std. Error","z value","Pr(>|z|)"
"(Intercept)",1.07015564114795,0.710477552123233,1.50624835077454,0.132003431533224
"x1",0.404885478840589,1.18299624735456,0.342254237700248,0.73215957122544
