"","Estimate","Std. Error","z value","Pr(>|z|)"
"(Intercept)",-0.452792822804944,0.621422391597688,-0.728639374646293,0.466222286327681
"x1",0.151577630922672,1.03176645419841,0.146910795854896,0.883202430525498
