"","Estimate","Std. Error","z value","Pr(>|z|)"
"(Intercept)",0.400797181740355,0.629806925387274,0.636381032955301,0.524528100270073
"x1",-0.297294140718302,1.02538318073125,-0.289934676426317,0.77186621251305
