"","Estimate","Std. Error","z value","Pr(>|z|)"
"(Intercept)",0.37333630278464,0.667151029624661,0.55959788144924,0.575753750251763
"x2",1.54695960760402,1.20408584792251,1.28475856623769,0.198876665381609
