"","Estimate","Std. Error","z value","Pr(>|z|)"
"(Intercept)",4.02758154606138,1.40478597446153,2.86704282309282,0.00414326945409617
"x1",-9.91706394699531,3.09262153897822,-3.20668527396722,0.00134273809117204
