"","Estimate","Std. Error","z value","Pr(>|z|)"
"(Intercept)",0.998630152425576,0.70174408736786,1.42306885145451,0.154716196921317
"x2",-2.85209070266443,1.26568968363033,-2.25338859876292,0.0242346577704336
