"","Estimate","Std. Error","z value","Pr(>|z|)"
"(Intercept)",0.149237063912233,0.632852970580641,0.235816328357135,0.813575197242006
"x2",-1.07388744641921,1.07283389695676,-1.00098202477144,0.316835498721944
