"","Estimate","Std. Error","z value","Pr(>|z|)"
"(Intercept)",0.540385048487762,0.68097158522712,0.793550069064234,0.42745741008378
"x1",-2.99954766027603,1.36444627170456,-2.19836260502129,0.0279232763079235
