"","Estimate","Std. Error","z value","Pr(>|z|)"
"(Intercept)",3.73603031880412,1.21103535112043,3.08498865482961,0.00203559917768712
"x1",-6.56613642496199,1.99911879698874,-3.28451537490044,0.00102157924129757
