"","Estimate","Std. Error","z value","Pr(>|z|)"
"(Intercept)",-0.854389485523315,0.710708851768812,-1.20216525149069,0.22929950934983
"x1",3.77939014437083,1.48612068216106,2.54312465315736,0.0109866026400244
