"","Estimate","Std. Error","z value","Pr(>|z|)"
"(Intercept)",-1.2919270154794,0.795255936507558,-1.62454243492104,0.104260091464548
"x2",5.45044955496172,1.90079950918803,2.86745105342015,0.00413792805437915
