"","Estimate","Std. Error","z value","Pr(>|z|)"
"(Intercept)",-2.09501635808947,0.834216032613706,-2.51135949943987,0.0120267149986865
"x2",3.90011133039591,1.4234444971576,2.73991106655991,0.00614558109727364
