"","Estimate","Std. Error","z value","Pr(>|z|)"
"(Intercept)",0.632176977319016,0.637889412421364,0.991044787715375,0.321663711054929
"x1",-0.75567848509099,1.0370565153054,-0.728676281319592,0.466199704851886
