"","Estimate","Std. Error","z value","Pr(>|z|)"
"(Intercept)",-8.01799732285867,2.76284748649162,-2.90207742630059,0.00370696907338537
"x2",12.3659243568136,4.19652669742117,2.94670456032429,0.00321179904760425
