"","Estimate","Std. Error","z value","Pr(>|z|)"
"(Intercept)",-2.3345923132078,0.865471801563992,-2.6974793505565,0.00698666177378311
"x2",3.72458233587062,1.385502517112,2.68825374899665,0.00718267916111304
