"","Estimate","Std. Error","z value","Pr(>|z|)"
"(Intercept)",0.523198422359986,0.634984249468256,0.823954960769687,0.40996514978961
"x2",-1.06563803743071,1.06905838136698,-0.996800601355469,0.318861306323811
