"","Estimate","Std. Error","z value","Pr(>|z|)"
"(Intercept)",-1.18430509905736,0.690582462916594,-1.71493653930276,0.0863568625518966
"x1",2.10283249331483,1.14406183869792,1.83804093641311,0.0660563733680019
