"","Estimate","Std. Error","z value","Pr(>|z|)"
"(Intercept)",0.884670316459014,0.686497856843446,1.28867163624775,0.197512267219543
"x1",-2.29159744880356,1.19119059767303,-1.92378738824849,0.0543812388990251
