"","Estimate","Std. Error","z value","Pr(>|z|)"
"(Intercept)",-9.87891997081833,4.44296846251223,-2.22349540721979,0.0261824127391474
"x1",25.41984228429,11.2225262569663,2.26507309515188,0.023508194350135
