"","Estimate","Std. Error","z value","Pr(>|z|)"
"(Intercept)",-1.10416335869795,0.694192958136372,-1.59057124644736,0.11170609974991
"x2",2.47233793132393,1.18969965337455,2.07811940123813,0.0376983631396028
