"","Estimate","Std. Error","z value","Pr(>|z|)"
"(Intercept)",0.114602824402395,0.627891955267079,0.182519975675827,0.855174679327652
"x1",0.271341493282574,1.03410896963745,0.262391586621383,0.793019558420577
