"","Estimate","Std. Error","z value","Pr(>|z|)"
"(Intercept)",0.442359434883865,0.631142739339849,0.700886514747133,0.483373840831634
"x1",-0.126974989065694,1.02957321610993,-0.123327789688865,0.90184753581512
