"","Estimate","Std. Error","z value","Pr(>|z|)"
"(Intercept)",-2.19659052650693,0.966060433502873,-2.27376098878435,0.0229803609818126
"x2",8.50287596012115,2.73738679632931,3.10620186066618,0.00189507300585023
