"","Estimate","Std. Error","z value","Pr(>|z|)"
"(Intercept)",2.30891186113028,0.887851166255023,2.60056183838708,0.00930712432360534
"x2",-4.51285372272861,1.52735266392916,-2.95469005247233,0.00312983313019348
