"","Estimate","Std. Error","z value","Pr(>|z|)"
"(Intercept)",0.578418199079775,0.681044272761333,0.849310716224872,0.395708419443326
"x1",-3.02770352699385,1.34277911725764,-2.25480385275677,0.0241456433498744
