"","Estimate","Std. Error","z value","Pr(>|z|)"
"(Intercept)",2.3005477854348,0.86678030672772,2.6541301960584,0.00795131409443922
"x2",-3.37909602755718,1.35576781389909,-2.49238549028476,0.0126888238233168
