"","Estimate","Std. Error","z value","Pr(>|z|)"
"(Intercept)",-3.17759728687225,1.08045713347297,-2.94097487852974,0.00327181067070945
"x1",6.37892476205296,1.94418190297387,3.28103288704395,0.00103427683887993
