"","Estimate","Std. Error","z value","Pr(>|z|)"
"(Intercept)",1.76080880863619,0.782945332855394,2.24895498414243,0.0245153602265956
"x1",-3.87803156828191,1.41019250043953,-2.75000155444964,0.00595949819919971
