"","Estimate","Std. Error","z value","Pr(>|z|)"
"(Intercept)",0.621919916467506,0.632780889453265,0.982836123582772,0.3256880998251
"x2",-0.488094034056252,1.03489133088524,-0.471637958005446,0.637185228259108
