"","Estimate","Std. Error","z value","Pr(>|z|)"
"(Intercept)",2.20229261602562,0.875791049266983,2.51463247754003,0.0119156526010654
"x1",-0.978429282548283,1.28749754152612,-0.759946524937448,0.447286549965915
