"","Estimate","Std. Error","z value","Pr(>|z|)"
"(Intercept)",0.304665354561264,0.635358786884296,0.47951702384616,0.63157086029668
"x2",0.706087176645907,1.08761262672427,0.649208329598507,0.51620372846939
