"","Estimate","Std. Error","z value","Pr(>|z|)"
"(Intercept)",1.89302586693742,0.803146946546957,2.35701060070797,0.0184227209398772
"x2",-2.87778988821439,1.28366496985039,-2.24185434346612,0.024970787655122
