"","Estimate","Std. Error","z value","Pr(>|z|)"
"(Intercept)",2.7364160923309,0.949672492742507,2.88143134948403,0.0039587346181218
"x1",-4.16729401296784,1.50063967991556,-2.7770117428871,0.00548611968678431
