"","Estimate","Std. Error","z value","Pr(>|z|)"
"(Intercept)",0.263966954352015,0.63989790491334,0.412514171909601,0.679962595418394
"x2",-1.60133405240292,1.11308641260724,-1.43864306873717,0.150251677163077
