"","Estimate","Std. Error","z value","Pr(>|z|)"
"(Intercept)",0.91926187493205,0.673987095576074,1.36391613573303,0.172593961801066
"x2",-2.13581482764984,1.16578303507511,-1.83208604293357,0.0669386024335883
