"","Estimate","Std. Error","z value","Pr(>|z|)"
"(Intercept)",-0.74640623632596,0.651448306902729,-1.14576433527735,0.251892675796802
"x1",0.201873374898103,1.05780990830984,0.190840881062132,0.848650258800177
