"","Estimate","Std. Error","z value","Pr(>|z|)"
"(Intercept)",2.28716059923279,0.956120862292619,2.39212498067301,0.0167511371301168
"x2",-0.0663011637933034,1.44436573384991,-0.0459033070637723,0.963387318301909
