"","Estimate","Std. Error","z value","Pr(>|z|)"
"(Intercept)",11.4041840793247,4.96504945248393,2.29689234487269,0.0216249117969677
"x2",-31.8539216214029,13.5494874804772,-2.35093184648495,0.0187264634799042
