"","Estimate","Std. Error","z value","Pr(>|z|)"
"(Intercept)",0.397128933062316,0.626255643988536,0.63413230183932,0.525994483694111
"x2",-0.0378936452083316,1.04333477311716,-0.0363197376189399,0.971027411977613
