"","Estimate","Std. Error","z value","Pr(>|z|)"
"(Intercept)",0.476723382400243,0.634990160293576,0.750757117527363,0.452798841381791
"x2",0.0661047194471524,1.05073453251349,0.0629128646690822,0.949835890614816
