"","Estimate","Std. Error","z value","Pr(>|z|)"
"(Intercept)",-3.96937577303264,1.40430100347864,-2.82658473019671,0.00470472956203859
"x2",9.67458761047442,2.99454448322786,3.23073765130583,0.00123471212400002
