"","Estimate","Std. Error","z value","Pr(>|z|)"
"(Intercept)",-18.1632893068916,8.08767473678832,-2.24579868726328,0.0247169054426795
"x2",30.6793429426781,13.491476306754,2.27397967762206,0.0229672084352259
