"","Estimate","Std. Error","z value","Pr(>|z|)"
"(Intercept)",-1.01878564916685,0.731487760244781,-1.39275829964117,0.163692892354287
"x2",-0.912567940849985,1.24857882113438,-0.730885327704732,0.464849198681143
