"","Estimate","Std. Error","z value","Pr(>|z|)"
"(Intercept)",-0.337743183491847,0.639105734292926,-0.528462139156846,0.597178618449339
"x1",-0.633114554012664,1.088371517301,-0.581708124430429,0.5607632981655
