"","Estimate","Std. Error","z value","Pr(>|z|)"
"(Intercept)",2.14654937552334,0.852220304595028,2.51877286184043,0.0117764597788445
"x2",-4.66380698174245,1.54624332307967,-3.01621802476308,0.00255949150436515
