"","Estimate","Std. Error","z value","Pr(>|z|)"
"(Intercept)",0.388004110609884,0.63151937974829,0.614397788971313,0.538952496493176
"x1",-1.03465075193913,1.05613272045806,-0.979659783185573,0.327254084128783
