"","Estimate","Std. Error","z value","Pr(>|z|)"
"(Intercept)",-3.52695895528455,1.18648600894524,-2.97260897195066,0.00295280370823491
"x2",6.47540547620539,1.99258887877931,3.24974486466688,0.00115508587784952
