"","Estimate","Std. Error","z value","Pr(>|z|)"
"(Intercept)",0.329747854400741,0.627912346546306,0.5251494993122,0.599479268098248
"x1",-0.15757337834918,1.02911486239421,-0.153115443287438,0.878307237499473
