"","Estimate","Std. Error","z value","Pr(>|z|)"
"(Intercept)",0.375112244455613,0.630775827699927,0.594683924118383,0.552054769623157
"x1",0.270558205854618,1.0422037308546,0.259602031584327,0.795170769069565
