"","Estimate","Std. Error","z value","Pr(>|z|)"
"(Intercept)",2.12914458512237,0.865990612747483,2.45862316955994,0.0139470925490623
"x2",-1.24972171577727,1.3003651119397,-0.961054479470858,0.336524775975765
