"","Estimate","Std. Error","z value","Pr(>|z|)"
"(Intercept)",2.06111693467102,0.835034612220206,2.46830119914537,0.0135756036189413
"x1",-4.48710851283864,1.51527970449421,-2.96124108277186,0.00306401996027319
