"","Estimate","Std. Error","z value","Pr(>|z|)"
"(Intercept)",0.637411879383478,0.641661376724867,0.993377352143152,0.320526094291982
"x2",-0.257527833116278,1.05683409605334,-0.243678581224806,0.807479763106752
