"","Estimate","Std. Error","z value","Pr(>|z|)"
"(Intercept)",-0.171338283403813,0.631555663704267,-0.271295616919753,0.786163677297621
"x1",1.12085249740442,1.07111317295472,1.04643703924628,0.295359299387848
