"","Estimate","Std. Error","z value","Pr(>|z|)"
"(Intercept)",2.50716449184298,0.909233590212033,2.75744816165262,0.0058254449156963
"x2",-4.041675928019,1.44738755705028,-2.79239372228388,0.00523196514463641
