"","Estimate","Std. Error","z value","Pr(>|z|)"
"(Intercept)",-2.47597621098532,0.951660067601977,-2.60174435733587,0.00927509626312278
"x1",6.27185426191838,1.94132712553269,3.23070449046418,0.00123485536869467
