"","Estimate","Std. Error","z value","Pr(>|z|)"
"(Intercept)",0.416694163808549,0.63307174017125,0.658210021656993,0.510403186031808
"x1",-0.581364156663201,1.04105805710895,-0.558435865025309,0.576546787940985
