"","Estimate","Std. Error","z value","Pr(>|z|)"
"(Intercept)",-0.154245152939175,0.635461638192048,-0.242729291067857,0.808215114916076
"x2",0.54541395685513,1.03310090432394,0.527938708186541,0.597541877404515
