"","Estimate","Std. Error","z value","Pr(>|z|)"
"(Intercept)",-5.12527057432961,1.96923814284307,-2.60266671806897,0.00925018279814655
"x2",3.89846827345414,2.4956317265942,1.56211681071004,0.118260473339849
