"","Estimate","Std. Error","z value","Pr(>|z|)"
"(Intercept)",-0.565947875918154,0.630827663061665,-0.897151328417301,0.369638172617807
"x2",0.625699538666233,1.02445064871375,0.61076591581237,0.541354560998134
