"","Estimate","Std. Error","z value","Pr(>|z|)"
"(Intercept)",1.41972291036363,0.738048644092711,1.92361698883535,0.0544026099824381
"x2",-3.50708702098511,1.35080205170672,-2.59629974395875,0.00942338183783455
