"","Estimate","Std. Error","z value","Pr(>|z|)"
"(Intercept)",0.439750452695961,0.629741740137825,0.698302851260451,0.484987816497674
"x2",0.140211979453561,1.03560800459228,0.135390976925446,0.892302757816833
