"","Estimate","Std. Error","z value","Pr(>|z|)"
"(Intercept)",0.037388744730071,0.622783588283803,0.0600348908247609,0.952127845935347
"x2",0.694185604193336,1.04424915017477,0.664770092536974,0.506197554370721
