"","Estimate","Std. Error","z value","Pr(>|z|)"
"(Intercept)",-1.92339314730975,0.810967354473192,-2.37172697112967,0.0177051685391491
"x1",3.54038099959022,1.36660455246174,2.5906404257272,0.0095797528487033
