"","Estimate","Std. Error","z value","Pr(>|z|)"
"(Intercept)",0.0760948565098093,0.625057051796281,0.121740657578582,0.903104412609715
"x2",0.348646005095045,1.02938538974702,0.338693368458171,0.734840736916124
