"","Estimate","Std. Error","z value","Pr(>|z|)"
"(Intercept)",2.50981371388992,0.952212997977021,2.63576922308561,0.00839468028329641
"x1",-5.82345929373721,1.83220105761747,-3.1783953346855,0.00148092675346191
