"","Estimate","Std. Error","z value","Pr(>|z|)"
"(Intercept)",-1.44237892823474,0.731729661674132,-1.97119100643633,0.0487020322365093
"x1",3.19313122397868,1.27635483343127,2.50175824178491,0.0123578279723349
