"","Estimate","Std. Error","z value","Pr(>|z|)"
"(Intercept)",1.09275478219467,0.693087118651867,1.57664852337785,0.114876421084903
"x1",-0.30735166505536,1.10326474343764,-0.278583782254917,0.780564260058542
