"","Estimate","Std. Error","z value","Pr(>|z|)"
"(Intercept)",2.04869990897893,0.852188194191703,2.40404633969626,0.0162147177349265
"x1",-4.7825353715009,1.60191679975329,-2.98550796910142,0.00283107761280121
