"","Estimate","Std. Error","z value","Pr(>|z|)"
"(Intercept)",6.34509497843918,2.2117436019773,2.86882031568518,0.004120057837949
"x2",-13.8034983798918,4.70205106159912,-2.93563344996883,0.00332867398869975
