"","Estimate","Std. Error","z value","Pr(>|z|)"
"(Intercept)",0.841262675710125,0.697902528633599,1.20541571522488,0.22804285771033
"x2",-3.21580139757024,1.33682307767431,-2.40555496929693,0.0161479224177776
