"","Estimate","Std. Error","z value","Pr(>|z|)"
"(Intercept)",0.720148467439616,0.644666128993288,1.11708748924688,0.263956919185998
"x1",-0.930191237767807,1.050426007907,-0.885537135186932,0.375867000206383
