"","Estimate","Std. Error","z value","Pr(>|z|)"
"(Intercept)",-0.515393423007329,0.622360850342202,-0.828126355833504,0.407598944898278
"x1",0.272937141945052,1.00798546546988,0.270774878502659,0.786564182365893
