"","Estimate","Std. Error","z value","Pr(>|z|)"
"(Intercept)",1.32056371136048,0.802987749960882,1.64456271147949,0.100060021865637
"x2",1.35363918290331,1.44995529275723,0.933573048538094,0.350524173188206
