"","Estimate","Std. Error","z value","Pr(>|z|)"
"(Intercept)",4.4626627531125,1.49877776764202,2.97753466154857,0.00290576786229901
"x1",-4.84420649864721,1.97268634121258,-2.45563949901409,0.0140634157890258
