"","Estimate","Std. Error","z value","Pr(>|z|)"
"(Intercept)",-0.0624130388820009,0.61668586890562,-0.101207181855424,0.919385995698231
"x2",0.374331705858071,1.01091540434719,0.37028984250151,0.711166541307887
