"","Estimate","Std. Error","z value","Pr(>|z|)"
"(Intercept)",-1.61732675455686,0.739690400794964,-2.18649147375534,0.0287796678030705
"x2",2.13895185008462,1.17627718726322,1.81840800216588,0.0690017962092148
