"","Estimate","Std. Error","z value","Pr(>|z|)"
"(Intercept)",-4.42842624631527,1.40052965794013,-3.16196534733045,0.00156708211362855
"x1",7.82539515776442,2.34596393414252,3.33568434018774,0.000850897197089005
