"","Estimate","Std. Error","z value","Pr(>|z|)"
"(Intercept)",-11.6288215653,4.90954215627801,-2.36861629763782,0.0178547660249854
"x1",26.8862176437594,11.2218018430509,2.39589132117928,0.0165800054958375
