"","Estimate","Std. Error","z value","Pr(>|z|)"
"(Intercept)",-0.465312813047028,0.681197233577358,-0.683080890689181,0.494555729722553
"x2",2.29854027137836,1.23150393185294,1.86644980330671,0.0619784607653523
