"","Estimate","Std. Error","z value","Pr(>|z|)"
"(Intercept)",3.31792374527007,1.07994882171908,3.07229720385133,0.00212418114403398
"x2",-5.87311644987695,1.79931354050033,-3.2640872853343,0.00109817327904192
