"","Estimate","Std. Error","z value","Pr(>|z|)"
"(Intercept)",1.43108210424657,0.716347448170353,1.99774858960097,0.0457439235037509
"x2",-1.24875536181359,1.12334864161788,-1.11163650851537,0.266294468684213
