"","Estimate","Std. Error","z value","Pr(>|z|)"
"(Intercept)",2.78117993377032,0.966008849032998,2.87904188098728,0.00398885358605047
"x2",-4.28113175804091,1.54302832216454,-2.77449979144607,0.00552866695142793
