"","Estimate","Std. Error","z value","Pr(>|z|)"
"(Intercept)",0.542914659221633,0.630658456284802,0.86086954644188,0.389309896009335
"x2",-0.330631893972493,1.03605367125271,-0.319126222073728,0.749630800095225
