"","Estimate","Std. Error","z value","Pr(>|z|)"
"(Intercept)",-1.85315113034902,0.815132269747899,-2.27343610248943,0.0229999126136261
"x1",4.82116574475557,1.60649148171104,3.00105279090597,0.00269047916643452
