"","Estimate","Std. Error","z value","Pr(>|z|)"
"(Intercept)",-0.169516408421716,0.629877326813773,-0.269126068212699,0.787832670701707
"x1",-0.416660776350475,1.03728390738983,-0.401684411935917,0.687916297980767
