"","Estimate","Std. Error","z value","Pr(>|z|)"
"(Intercept)",-0.582167373861568,0.639937866159114,-0.909724841500187,0.362967639963058
"x1",0.904275658742776,1.04552637047789,0.864899905230941,0.387093729621183
