"","Estimate","Std. Error","z value","Pr(>|z|)"
"(Intercept)",3.0748188223645,1.12651126561888,2.7295056127781,0.00634293693315888
"x2",-8.25385572047866,2.57300361734885,-3.20786790380932,0.00133722903372051
