"","Estimate","Std. Error","z value","Pr(>|z|)"
"(Intercept)",-0.444812553992092,0.625465733943798,-0.711170140668428,0.476978809390058
"x2",0.132212492414715,1.01843420234284,0.129819375773682,0.896709332989059
