"","Estimate","Std. Error","z value","Pr(>|z|)"
"(Intercept)",1.66013887648302,0.765022748191745,2.17005164932289,0.0300029334351873
"x2",-4.07065776594524,1.42544538316051,-2.85570939022563,0.00429407976066308
