"","Estimate","Std. Error","z value","Pr(>|z|)"
"(Intercept)",0.356780324817593,0.63688323311354,0.560197389831407,0.575344807198539
"x1",0.579639440035452,1.05601867468231,0.548891278092053,0.583080064061214
