"","Estimate","Std. Error","z value","Pr(>|z|)"
"(Intercept)",-2.70926495509169,0.97325127002087,-2.78372609268067,0.00537383944489327
"x2",4.63735029784284,1.57525917829496,2.94386495996312,0.00324141397890645
