"","Estimate","Std. Error","z value","Pr(>|z|)"
"(Intercept)",2.00018439545872,0.826291002187765,2.42067793327393,0.0154915956643976
"x2",-4.82863517038592,1.57659076542023,-3.06270674438391,0.00219344898705267
