"","Estimate","Std. Error","z value","Pr(>|z|)"
"(Intercept)",0.866898092095813,0.645346505765182,1.3433064010596,0.179172780266577
"x2",-0.713490351554238,1.04379008498141,-0.683557318487985,0.494254744150399
