"","Estimate","Std. Error","z value","Pr(>|z|)"
"(Intercept)",-16.3091494944406,7.10427084398977,-2.29568239339273,0.0216940478679413
"x1",26.9942342515497,11.5272389130236,2.34177797955167,0.019192127959061
