"","Estimate","Std. Error","z value","Pr(>|z|)"
"(Intercept)",-0.0736985475662812,0.61372868460337,-0.120083270368746,0.904417184797898
"x2",-0.617003541585944,1.01566012461215,-0.607490169825817,0.543525664371186
