"","Estimate","Std. Error","z value","Pr(>|z|)"
"(Intercept)",-2.09645495079515,0.835760523738248,-2.50843978777316,0.0121265633517255
"x1",3.90940417836594,1.42602097191316,2.74147733824773,0.00611635797336745
