"","Estimate","Std. Error","z value","Pr(>|z|)"
"(Intercept)",-12.230970946572,5.73170399059093,-2.13391531848996,0.0328497133030098
"x2",29.4394409155296,13.2145997991972,2.22779663121678,0.0258940796114326
