"","Estimate","Std. Error","z value","Pr(>|z|)"
"(Intercept)",0.33596835318799,0.626178627262523,0.536537560626668,0.591587084171972
"x1",0.0843609721710413,1.01806379012576,0.0828641318837401,0.933959574530457
