"","Estimate","Std. Error","z value","Pr(>|z|)"
"(Intercept)",3.07199581398399,1.03827557028291,2.95874804522939,0.00308891538126028
"x1",-4.44027860960242,1.58273081187105,-2.80545407740769,0.00502457405918019
