"","Estimate","Std. Error","z value","Pr(>|z|)"
"(Intercept)",1.71642729520355,0.756653864232848,2.26844449799221,0.0233021282284992
"x1",-1.47517537301688,1.14990048225052,-1.28287221006269,0.199536850359617
