"","Estimate","Std. Error","z value","Pr(>|z|)"
"(Intercept)",6.41530211157537,2.41005608870136,2.66188913264347,0.00777034672448728
"x1",-15.4329430317442,5.34533552776687,-2.88717947668135,0.00388712429496861
