"","Estimate","Std. Error","z value","Pr(>|z|)"
"(Intercept)",-1.76067301965449,0.768360167800147,-2.29146836788193,0.0219363393407714
"x2",2.93365033919813,1.25133017104958,2.34442548183543,0.0190564181242861
