"","Estimate","Std. Error","z value","Pr(>|z|)"
"(Intercept)",-11.7417503644519,4.32977815925597,-2.7118595763044,0.006690693005341
"x2",18.580897467649,6.76427088702466,2.74691800165649,0.00601581727959991
