"","Estimate","Std. Error","z value","Pr(>|z|)"
"(Intercept)",0.814037035446008,0.652464971917669,1.24763331440378,0.212165372523677
"x2",-0.601856654920788,1.05420913391368,-0.570908215039303,0.568061861991993
