"","Estimate","Std. Error","z value","Pr(>|z|)"
"(Intercept)",1.50680729772284,0.756373639436629,1.99214676339746,0.0463549573538963
"x2",-3.2965753744,1.33396770366563,-2.47125576229567,0.0134639486239524
