"","Estimate","Std. Error","z value","Pr(>|z|)"
"(Intercept)",-0.999745378253941,0.677059253571993,-1.47659953391012,0.139783016743202
"x2",0.950842040489006,1.08192213511343,0.87884516790048,0.379485232226599
