"","Estimate","Std. Error","z value","Pr(>|z|)"
"(Intercept)",-0.772118538596749,0.658114408032681,-1.1732284374458,0.24070421106998
"x2",-0.0281528993919418,1.07469504494925,-0.0261961749281827,0.979100866802113
