"","Estimate","Std. Error","z value","Pr(>|z|)"
"(Intercept)",-4.42683846896889,1.91699075414711,-2.30926438189236,0.0209289148664166
"x2",20.4139495481398,7.7673930346787,2.62815972579199,0.00858481956030183
