"","Estimate","Std. Error","z value","Pr(>|z|)"
"(Intercept)",1.07078593269133,0.693616487462052,1.54377231805626,0.122643499683884
"x2",0.0491571206907357,1.14112994139734,0.0430775838118327,0.965639688235427
