"","Estimate","Std. Error","z value","Pr(>|z|)"
"(Intercept)",-1.46031927630111,0.79425179004812,-1.83860999068398,0.0659725707512255
"x2",4.67341111033934,1.64107208038827,2.84777930609461,0.00440254430575504
