"","Estimate","Std. Error","z value","Pr(>|z|)"
"(Intercept)",-1.69901099969149,0.802826590166018,-2.11628640668236,0.0343204561458284
"x1",4.86331868865383,1.61879089795198,3.00429085362827,0.00266200709611456
