"","Estimate","Std. Error","z value","Pr(>|z|)"
"(Intercept)",-0.0257309962331257,0.607634761407958,-0.0423461557293136,0.966222751312088
"x2",0.302922913012687,0.994990101135952,0.304448167541414,0.760786475854343
