"","Estimate","Std. Error","z value","Pr(>|z|)"
"(Intercept)",-0.320466329879723,0.808870453641917,-0.396189931820148,0.691964918170084
"x2",5.50139827428805,2.29719953325242,2.39482822221327,0.0166281534249004
