"","Estimate","Std. Error","z value","Pr(>|z|)"
"(Intercept)",1.97025235024407,0.833248190066711,2.36454441033509,0.0180522628328471
"x1",-5.2260661202664,1.69694423293991,-3.07969231918269,0.00207214539243642
