"","Estimate","Std. Error","z value","Pr(>|z|)"
"(Intercept)",-2.3220422671245,0.909696315522488,-2.55254663287366,0.0106938593053827
"x1",5.32977552447945,1.70820015567065,3.12011183630114,0.0018078238862958
