"","Estimate","Std. Error","z value","Pr(>|z|)"
"(Intercept)",3.0605693776469,1.03241703990164,2.9644700342591,0.00303204771335264
"x1",-4.06737823514137,1.54045015653088,-2.64038288931152,0.00828124081332987
