"","Estimate","Std. Error","z value","Pr(>|z|)"
"(Intercept)",-1.43751410027601,0.758618598583268,-1.89491017351881,0.058104303130599
"x1",4.31997468362633,1.53788864026335,2.80902958154796,0.00496910804748078
