"","Estimate","Std. Error","z value","Pr(>|z|)"
"(Intercept)",0.943009740506224,0.690542861950663,1.36560638371149,0.172062541820765
"x1",0.676667989681615,1.1684758857462,0.579103084570281,0.562519618854879
