"","Estimate","Std. Error","z value","Pr(>|z|)"
"(Intercept)",2.3418294006784,0.984378285910803,2.3789933546854,0.0173599889230688
"x1",-7.85322918974201,2.50941566757903,-3.1295051239233,0.00175101018706015
