"","Estimate","Std. Error","z value","Pr(>|z|)"
"(Intercept)",2.07285037404174,0.829803695816615,2.49800089405704,0.0124895878825093
"x1",-4.15667632793341,1.44816402267424,-2.87030768811499,0.00410072554502837
