"","Estimate","Std. Error","z value","Pr(>|z|)"
"(Intercept)",-0.860077529659213,0.738715381079442,-1.16428810295304,0.24430727625314
"x2",4.21806746957163,1.6223249184844,2.60001398086902,0.00932199625091284
