"","Estimate","Std. Error","z value","Pr(>|z|)"
"(Intercept)",1.38242752643359,0.765737891585656,1.80535342657645,0.0710193941962694
"x1",-4.07806122151817,1.4995183690907,-2.71958070376363,0.00653647422900388
