"","Estimate","Std. Error","z value","Pr(>|z|)"
"(Intercept)",-1.14957697650647,0.674110105302341,-1.70532523910301,0.0881337829211004
"x2",0.99579168514499,1.0757602604106,0.925663200056223,0.35462103795898
