"","Estimate","Std. Error","z value","Pr(>|z|)"
"(Intercept)",1.6685666466082,0.763653458417619,2.18497883852404,0.0288903982139255
"x1",-2.98950009914718,1.25569611751835,-2.38075124820435,0.0172773744677356
