"","Estimate","Std. Error","z value","Pr(>|z|)"
"(Intercept)",1.17965963435618,0.705553772653471,1.67196276184546,0.0945316653242327
"x1",-2.92319072234873,1.24310928267863,-2.35151548064212,0.0186971115970227
