"","Estimate","Std. Error","z value","Pr(>|z|)"
"(Intercept)",-1.45019449967166,0.735013559866193,-1.9730173412524,0.048493586652881
"x2",2.3583888223168,1.21717692602412,1.93758916382059,0.0526733655607856
