"","Estimate","Std. Error","z value","Pr(>|z|)"
"(Intercept)",2.90820513652097,0.993809325235324,2.92632103832628,0.0034299678334277
"x2",-5.13269038675691,1.6705721178411,-3.07241473261863,0.00212334486572334
