"","Estimate","Std. Error","z value","Pr(>|z|)"
"(Intercept)",-0.871896384823706,0.65019627625285,-1.34097412837941,0.179928852602675
"x1",0.705705602162732,1.0294935230232,0.685488141868409,0.493035940924802
