"","Estimate","Std. Error","z value","Pr(>|z|)"
"(Intercept)",-0.274969424159738,0.630491290342187,-0.436119306280192,0.662750170367789
"x1",-0.205258232877186,1.03002780816735,-0.199274457689046,0.842048058283619
