"","Estimate","Std. Error","z value","Pr(>|z|)"
"(Intercept)",0.546161193707887,0.639725927975862,0.853742469741658,0.393247696991177
"x2",-0.328989479564401,1.0325519863309,-0.318617836118297,0.750016326569616
