"","Estimate","Std. Error","z value","Pr(>|z|)"
"(Intercept)",1.65565437434582,0.770257997694397,2.14948027713009,0.0315963478794369
"x1",-0.38312472965454,1.19987885877973,-0.319302841992045,0.74949687779844
