"","Estimate","Std. Error","z value","Pr(>|z|)"
"(Intercept)",4.50772878008023,1.68686907656757,2.67224578522271,0.00753454391411727
"x2",-13.7994196985057,4.73991504668818,-2.91132215716554,0.00359902725478348
