"","Estimate","Std. Error","z value","Pr(>|z|)"
"(Intercept)",-1.42041992599129,0.721544975548174,-1.96858127230692,0.0490011948827111
"x1",2.85167380440852,1.22572864551559,2.32651314370563,0.0199911921121381
