"","Estimate","Std. Error","z value","Pr(>|z|)"
"(Intercept)",-1.15356313626392,0.745302328677161,-1.54777878973138,0.121675564819077
"x1",3.92876208563732,1.4771442474049,2.65970103633379,0.0078210039460966
