"","Estimate","Std. Error","z value","Pr(>|z|)"
"(Intercept)",0.0601845047667775,0.71363435895035,0.0843352117396644,0.932789917192672
"x1",2.75307796908278,1.46256644514531,1.88236095407566,0.0597870236026904
