"","Estimate","Std. Error","z value","Pr(>|z|)"
"(Intercept)",-0.548838021267205,0.638738759560939,-0.859252727428768,0.390201098768437
"x2",1.63814987772355,1.09230507583705,1.49971826915499,0.133687396162423
