"","Estimate","Std. Error","z value","Pr(>|z|)"
"(Intercept)",0.317347055704909,0.636670026939245,0.49844824206746,0.618168141328343
"x1",0.660469536651646,1.05974775744796,0.623232775922225,0.533131566204878
