"","Estimate","Std. Error","z value","Pr(>|z|)"
"(Intercept)",2.39875476737412,0.890365873719672,2.69412253791003,0.00705742131672994
"x2",-3.8151732863961,1.43090493351056,-2.66626607893231,0.00766989619770268
