"","Estimate","Std. Error","z value","Pr(>|z|)"
"(Intercept)",0.0377588474752844,0.604660507741531,0.0624463595552446,0.950207377385804
"x2",-0.0763721351272401,0.992755436637591,-0.0769294554416226,0.938679664921464
