"","Estimate","Std. Error","z value","Pr(>|z|)"
"(Intercept)",1.27347935633249,0.768305693660479,1.65751648964774,0.097415097871858
"x2",-4.87101946390096,1.71120267624321,-2.84654736199621,0.00441961542904855
