"","Estimate","Std. Error","z value","Pr(>|z|)"
"(Intercept)",2.8353517511727,0.979190330254487,2.89560840580994,0.00378424298580824
"x1",-4.26474002932099,1.51287785229059,-2.81895859792243,0.0048179732111435
