"","Estimate","Std. Error","z value","Pr(>|z|)"
"(Intercept)",1.67087968655927,0.792386940634242,2.10866636093455,0.0349733903995553
"x2",-4.28533173056061,1.49835358331373,-2.86002701784398,0.00423604917290003
