"","Estimate","Std. Error","z value","Pr(>|z|)"
"(Intercept)",2.48937036895381,0.939650087283548,2.64925252776848,0.00806700287532753
"x1",-5.76843597539478,1.81407124701343,-3.17982878836294,0.00147362090893704
