"","Estimate","Std. Error","z value","Pr(>|z|)"
"(Intercept)",0.828314620096286,0.68505720626746,1.20911744671568,0.226617727350004
"x2",0.53659148839596,1.13359366827486,0.473354345047255,0.635960396163394
