"","Estimate","Std. Error","z value","Pr(>|z|)"
"(Intercept)",-0.066069803812575,0.618608063528064,-0.106803980917681,0.914944489227467
"x1",0.635546462241982,1.02019784177133,0.622963935248588,0.533308221752509
