"","Estimate","Std. Error","z value","Pr(>|z|)"
"(Intercept)",-2.88485735054227,0.974310386325666,-2.96092230056347,0.00306719307739896
"x1",4.37558886112078,1.50927501783971,2.89913290116187,0.00374196245712083
