"","Estimate","Std. Error","z value","Pr(>|z|)"
"(Intercept)",2.94111492810667,1.00265296066572,2.93333291127359,0.00335344101408593
"x1",-4.76844894250736,1.59732087768886,-2.98527929429356,0.00283319508292406
