"","Estimate","Std. Error","z value","Pr(>|z|)"
"(Intercept)",-0.476303224931592,0.632148140814127,-0.753467730393343,0.451168895644297
"x1",-0.0663751993876693,1.0347666937782,-0.064145086797601,0.948854701669398
