"","Estimate","Std. Error","z value","Pr(>|z|)"
"(Intercept)",-20.9620023311215,9.43858187349723,-2.22088472739544,0.0263587699161958
"x2",33.1169791608525,14.7312352203829,2.24807890617551,0.0245711588746696
