"","Estimate","Std. Error","z value","Pr(>|z|)"
"(Intercept)",-0.867202911127327,0.710261266788053,-1.22096325912434,0.222099931077777
"x1",3.25065461251557,1.35879030284195,2.39231513922106,0.016742459847349
