"","Estimate","Std. Error","z value","Pr(>|z|)"
"(Intercept)",0.825087795826381,0.699061518431204,1.18027923733808,0.237889173190776
"x2",-3.18367575314248,1.33898224845852,-2.37768331642009,0.0174217809280637
