"","Estimate","Std. Error","z value","Pr(>|z|)"
"(Intercept)",6.07624362900961,2.35091626321428,2.58462784238087,0.00974841570641142
"x2",-16.9365003117055,6.24782160364769,-2.71078487609463,0.00671241601111545
