"","Estimate","Std. Error","z value","Pr(>|z|)"
"(Intercept)",-2.40256861728968,0.900011803591175,-2.66948567530236,0.00759675134771835
"x1",4.80409113458265,1.5904862100089,3.02051731373123,0.00252343280558899
