"","Estimate","Std. Error","z value","Pr(>|z|)"
"(Intercept)",-3.3732175393769,1.13480784196101,-2.97250108313298,0.00295384167958806
"x1",3.94280748852123,1.60653799051998,2.45422611341117,0.0141188171836035
