"","Estimate","Std. Error","z value","Pr(>|z|)"
"(Intercept)",1.39885744532715,0.749301736914099,1.86688135955504,0.0619181574955674
"x1",-3.77800568585959,1.4114039939968,-2.67677128726344,0.00743353591216703
