"","Estimate","Std. Error","z value","Pr(>|z|)"
"(Intercept)",-2.43917799353038,0.899924862776401,-2.71042405252052,0.00671972357182145
"x1",4.52076245548899,1.53231471589188,2.95028326009236,0.00317482710179184
