"","Estimate","Std. Error","z value","Pr(>|z|)"
"(Intercept)",0.793808992282079,0.706994817260015,1.12279322691292,0.261525322616578
"x2",0.973478582176693,1.20956512579179,0.804817005235203,0.420925287070776
