"","Estimate","Std. Error","z value","Pr(>|z|)"
"(Intercept)",1.810234940553,0.805136190226125,2.24835867835551,0.0245533278406976
"x2",-4.36079805761787,1.52204742071269,-2.86508685489966,0.00416894878840703
