"","Estimate","Std. Error","z value","Pr(>|z|)"
"(Intercept)",1.43599617562837,0.746767000174645,1.92295076682892,0.0544862332011969
"x1",-3.85988731786052,1.40297481908243,-2.75121639060134,0.00593744078735797
