"","Estimate","Std. Error","z value","Pr(>|z|)"
"(Intercept)",2.15009537637758,0.839511209996513,2.5611276547296,0.0104333012157082
"x1",-1.97348910320118,1.26345656750404,-1.56197621189292,0.118293592917028
