"","Estimate","Std. Error","z value","Pr(>|z|)"
"(Intercept)",0.96887216014471,0.674841414896244,1.43570346863444,0.151086737816019
"x1",-1.91846660433626,1.12256768929742,-1.7089985954762,0.0874512096460682
