"","Estimate","Std. Error","z value","Pr(>|z|)"
"(Intercept)",-2.14718762528232,0.893134180189804,-2.40410419051034,0.016212151891531
"x1",6.01713398841829,1.90381715363161,3.16056296527236,0.0015746456691839
