"","Estimate","Std. Error","z value","Pr(>|z|)"
"(Intercept)",-2.69819033438316,1.00326491721783,-2.68940963456147,0.00715785237606071
"x1",1.42028813641961,1.46368187952974,0.970353022936872,0.331870556099859
