"","Estimate","Std. Error","z value","Pr(>|z|)"
"(Intercept)",0.096263150372887,0.625133548780426,0.153988136712046,0.877619089548476
"x1",0.571434298127017,1.04358045500154,0.547570908776914,0.58398656919301
