"","Estimate","Std. Error","z value","Pr(>|z|)"
"(Intercept)",1.05821341153584,0.697334757401053,1.51751135348505,0.129137629199786
"x1",-2.71009906922307,1.24238441855503,-2.18136917104538,0.0291561219705937
