"","Estimate","Std. Error","z value","Pr(>|z|)"
"(Intercept)",0.771047837029419,0.750637125086693,1.02719118367662,0.304330448697721
"x2",2.06725885192012,1.47121340112775,1.4051386769149,0.159980044996096
