"","Estimate","Std. Error","z value","Pr(>|z|)"
"(Intercept)",2.76869425079957,0.961151939351224,2.88059997326587,0.00396919051024332
"x2",-4.11883326848356,1.48110064073544,-2.7809273422759,0.00542038670666892
