"","Estimate","Std. Error","z value","Pr(>|z|)"
"(Intercept)",-1.63940676284418,0.756533435611491,-2.16699842422573,0.0302349742745197
"x1",3.2636994781339,1.29169371620202,2.52668216713958,0.0115145655267668
