"","Estimate","Std. Error","z value","Pr(>|z|)"
"(Intercept)",1.25822250337233,0.7142005951849,1.76172144332446,0.0781163730234318
"x1",-2.77562192976789,1.22224768272717,-2.27091609089797,0.0231520579800571
