"","Estimate","Std. Error","z value","Pr(>|z|)"
"(Intercept)",-1.043519037269,0.733344376474906,-1.4229590772688,0.154748018660397
"x1",-0.866285064615282,1.25639222547069,-0.689502089437668,0.490507358815257
