"","Estimate","Std. Error","z value","Pr(>|z|)"
"(Intercept)",-17.7337283995829,7.87701532018383,-2.25132587391858,0.0243649051988656
"x1",31.7393184586478,13.9538187625806,2.27459729832251,0.0229300983353608
