"","Estimate","Std. Error","z value","Pr(>|z|)"
"(Intercept)",2.34939523631815,0.898782360255487,2.61397568556009,0.00894954052414517
"x2",-5.61562740537883,1.75533293160532,-3.1991807960004,0.00137818710889116
