"","Estimate","Std. Error","z value","Pr(>|z|)"
"(Intercept)",-0.606112519584224,0.667413579169142,-0.908151315019345,0.363798282016399
"x2",-1.01197347273065,1.14263311638998,-0.885650396627632,0.375805945562226
