"","Estimate","Std. Error","z value","Pr(>|z|)"
"(Intercept)",2.25443990833635,0.867150994041003,2.599823933581,0.00932716015185018
"x2",-4.51899770738663,1.51889429674752,-2.97518906816846,0.00292808018610912
