"","Estimate","Std. Error","z value","Pr(>|z|)"
"(Intercept)",-0.784425750377167,0.66170270750737,-1.18546552927385,0.235833435955178
"x2",0.539606475700165,1.07070377745452,0.503973635904246,0.614279903635593
