"","Estimate","Std. Error","z value","Pr(>|z|)"
"(Intercept)",1.18541179411276,0.733057452263604,1.61707897580514,0.10586123446184
"x1",-3.6399928755917,1.41022851192384,-2.58113691846013,0.00984755169656082
