"","Estimate","Std. Error","z value","Pr(>|z|)"
"(Intercept)",-4.18071010747151,1.32828565191831,-3.14744806693782,0.00164702360610718
"x2",6.11343887140235,1.96255424599286,3.11504198362148,0.0018391873026558
