"","Estimate","Std. Error","z value","Pr(>|z|)"
"(Intercept)",0.278150836358855,0.63244845677863,0.43980000801269,0.660081961843088
"x2",-1.07785730864068,1.0713559899758,-1.00606830850409,0.314382712216641
