"","Estimate","Std. Error","z value","Pr(>|z|)"
"(Intercept)",2.47401092786555,0.908568059561398,2.72297809925197,0.00646963465558725
"x2",-3.64554440813746,1.42217780419518,-2.56335346915395,0.0103666449128579
