"","Estimate","Std. Error","z value","Pr(>|z|)"
"(Intercept)",-1.70677519135413,0.773134640983041,-2.20760408456664,0.0272718841683215
"x2",3.44389850413144,1.34489568329949,2.56071794035532,0.0104456123757019
