"","Estimate","Std. Error","z value","Pr(>|z|)"
"(Intercept)",0.0423524462017124,0.6769285511514,0.0625656077434973,0.950112416784299
"x2",-2.6159523913038,1.36885401355916,-1.91105287005885,0.0559977869297577
