"","Estimate","Std. Error","z value","Pr(>|z|)"
"(Intercept)",-0.813711225465634,0.663550730592546,-1.22629843951644,0.220086388380569
"x2",1.59935743743132,1.09177549413915,1.46491421177428,0.142944324886239
