"","Estimate","Std. Error","z value","Pr(>|z|)"
"(Intercept)",-1.93424295419507,0.794792878812171,-2.43364404206266,0.014947686696187
"x1",2.67583888507434,1.23151560347755,2.17280144686622,0.0297952643744917
