"","Estimate","Std. Error","z value","Pr(>|z|)"
"(Intercept)",0.0709741897684433,0.620261487516162,0.114426239895466,0.908899914173954
"x1",0.621442138535024,1.03015031231849,0.603253846651163,0.54633983124069
