"","Estimate","Std. Error","z value","Pr(>|z|)"
"(Intercept)",0.372589946244908,0.620297200113622,0.600663595090642,0.548064071142752
"x2",-0.245758743155601,1.02112983799737,-0.24067335417167,0.809808292291405
