"","Estimate","Std. Error","z value","Pr(>|z|)"
"(Intercept)",-0.156861450095594,0.630118398455536,-0.248939644485976,0.803407468517504
"x2",1.09310226085092,1.06993419665989,1.0216537281109,0.306944818663299
