"","Estimate","Std. Error","z value","Pr(>|z|)"
"(Intercept)",-0.0291472060559822,0.676039458432558,-0.0431146520996895,0.965610139473691
"x1",2.0810082749548,1.26517611458203,1.64483683415277,0.100003463919936
