"","Estimate","Std. Error","z value","Pr(>|z|)"
"(Intercept)",-1.84829853623146,0.791141288233734,-2.33624330283392,0.0194785646107371
"x1",2.54584260255584,1.25724131573834,2.02494347798357,0.0428731684388467
