"","Estimate","Std. Error","z value","Pr(>|z|)"
"(Intercept)",3.48391803025849,1.13720824032284,3.06357086303688,0.00218712399149689
"x1",-5.82211917131643,1.84566546527501,-3.15448237010216,0.00160783092341637
