"","Estimate","Std. Error","z value","Pr(>|z|)"
"(Intercept)",0.523022785645723,0.651692149285581,0.802561126782158,0.4222284443155
"x1",0.858845557275237,1.11805207520443,0.768162392720575,0.442390712983478
