"","Estimate","Std. Error","z value","Pr(>|z|)"
"(Intercept)",1.04403604185555,0.680177986544708,1.53494535622836,0.124797251087546
"x1",-0.219718098804083,1.1147889960852,-0.197093889135672,0.843754065400637
