"","Estimate","Std. Error","z value","Pr(>|z|)"
"(Intercept)",-1.72162376435054,0.757284979714994,-2.27341596686426,0.0230011248493043
"x2",2.87753675637542,1.23930501161468,2.32189552160876,0.0202385620207686
