"","Estimate","Std. Error","z value","Pr(>|z|)"
"(Intercept)",-8.62104905564724,3.37461482278256,-2.55467646187208,0.0106286540091327
"x2",20.1359152746971,7.85122067003185,2.56468594132833,0.0103269230471786
