"","Estimate","Std. Error","z value","Pr(>|z|)"
"(Intercept)",0.511920732930934,0.629808437678564,0.812819743758663,0.416321413905688
"x1",-0.00490059248503176,1.02936250538501,-0.0047608033704305,0.996201442842928
