"","Estimate","Std. Error","z value","Pr(>|z|)"
"(Intercept)",1.89059841566835,0.784301805709616,2.41054961483582,0.0159285046693154
"x1",-3.17636247251938,1.2748084473092,-2.49163902170862,0.0127155194497363
