"","Estimate","Std. Error","z value","Pr(>|z|)"
"(Intercept)",-0.260741236971275,0.654410775424221,-0.398436649827854,0.690308346789907
"x2",1.58719775154322,1.14610245128869,1.38486550635901,0.166093596066038
