"","Estimate","Std. Error","z value","Pr(>|z|)"
"(Intercept)",0.188517581652735,0.720126979736006,0.261783806130753,0.793488124639614
"x1",-3.4143414848387,1.55986502338265,-2.18886982761786,0.0286063026471461
