"","Estimate","Std. Error","z value","Pr(>|z|)"
"(Intercept)",-0.790892644235812,0.783872434172529,-1.0089558067834,0.31299582911078
"x2",5.3585210345145,2.06054715668484,2.6005330754651,0.0093079045838531
