"","Estimate","Std. Error","z value","Pr(>|z|)"
"(Intercept)",1.56776023622126,0.754853669360454,2.07690616056691,0.037810221057137
"x2",-0.592163843549679,1.19870962840086,-0.49400107375433,0.621305421164207
