"","Estimate","Std. Error","z value","Pr(>|z|)"
"(Intercept)",-1.4219749030113,0.74810510644486,-1.90076887694137,0.0573322923335292
"x1",3.83236042700837,1.41873546701571,2.70125087876297,0.00690792093639616
