"","Estimate","Std. Error","z value","Pr(>|z|)"
"(Intercept)",0.940362223432264,0.661688207937405,1.42115608552786,0.155271388071587
"x1",-0.301889018163063,1.04860901965828,-0.287894737221926,0.773427315540324
