"","Estimate","Std. Error","z value","Pr(>|z|)"
"(Intercept)",-12.5687149945552,5.66444529071804,-2.21887834544907,0.0264950020968346
"x1",30.9535247329521,13.6132177378773,2.27378459148768,0.022978941135621
