"","Estimate","Std. Error","z value","Pr(>|z|)"
"(Intercept)",-0.321096740424788,0.623402494058263,-0.515071311849417,0.606503188854386
"x2",0.140520033255788,1.01974479887712,0.137799215461084,0.890399104416321
