"","Estimate","Std. Error","z value","Pr(>|z|)"
"(Intercept)",-8.36836496258413,2.9122375189834,-2.87351732406269,0.00405928814584851
"x2",14.2236492212655,4.86207822356367,2.92542582970627,0.00343985164288432
