"","Estimate","Std. Error","z value","Pr(>|z|)"
"(Intercept)",1.64934919691116,0.754529105629467,2.18593184093964,0.0288205923017624
"x2",-3.24282210832823,1.27122019689989,-2.55095231828165,0.0107429022207192
