"","Estimate","Std. Error","z value","Pr(>|z|)"
"(Intercept)",0.495008811565071,0.63391183789227,0.780879582894294,0.434873321458945
"x1",-0.232761624157104,1.03914383187059,-0.223993654216378,0.822762240994751
