"","Estimate","Std. Error","z value","Pr(>|z|)"
"(Intercept)",1.23933294509716,0.725272718751116,1.70878196994812,0.0874913437256279
"x1",-3.37538783861416,1.32278650125623,-2.55172534298513,0.0107190981911451
