"","Estimate","Std. Error","z value","Pr(>|z|)"
"(Intercept)",6.42678091790509,2.05512608713346,3.12719543493768,0.00176482568527706
"x2",-9.35325485112987,2.97603598588602,-3.14285677172188,0.00167307684339124
