"","Estimate","Std. Error","z value","Pr(>|z|)"
"(Intercept)",-3.26069192705137,1.08607913118107,-3.002259995094,0.00267983192370945
"x2",6.47279220357587,1.95142320672214,3.3169597354786,0.000910027303970016
