"","Estimate","Std. Error","z value","Pr(>|z|)"
"(Intercept)",0.627827362612704,0.638539235408683,0.983224409398864,0.32549700379013
"x1",-0.236364595342375,1.04136037954774,-0.226976750781537,0.820441820576594
