"","Estimate","Std. Error","z value","Pr(>|z|)"
"(Intercept)",0.647540327602789,0.665344872579593,0.973240125969898,0.330433972311828
"x2",-2.11676081056511,1.17012563174859,-1.80900302765089,0.0704505329900698
