"","Estimate","Std. Error","z value","Pr(>|z|)"
"(Intercept)",2.57835432108559,0.915971505321263,2.81488485843375,0.0048794712989221
"x2",-3.89893137844398,1.44495833413714,-2.69830021138446,0.00696945578052585
