"","Estimate","Std. Error","z value","Pr(>|z|)"
"(Intercept)",-0.48036389681951,0.639193271643201,-0.751515884365644,0.452342244844842
"x2",-0.330259236730986,1.0531566468342,-0.313589851731696,0.753832568172133
