"","Estimate","Std. Error","z value","Pr(>|z|)"
"(Intercept)",-16.4269005482622,7.21893965735515,-2.27552817005824,0.0228742647780998
"x1",27.0547264870709,11.7286130282166,2.30672854684376,0.0210699577857392
