"","Estimate","Std. Error","z value","Pr(>|z|)"
"(Intercept)",0.840236943185008,0.649786139791012,1.29309766972754,0.195977280999898
"x1",-0.658764366989766,1.05419855105102,-0.62489591389875,0.532039374310966
