"","Estimate","Std. Error","z value","Pr(>|z|)"
"(Intercept)",-0.307401006547347,0.617011559952703,-0.49820947693575,0.61833640347764
"x1",0.112082855139569,0.994656293789551,0.112685010731238,0.910280285255497
