"","Estimate","Std. Error","z value","Pr(>|z|)"
"(Intercept)",-6.30936537695279,2.75931765712584,-2.28656724631145,0.0222210948585873
"x1",25.5030094531706,10.0249213921741,2.54396104024112,0.0109603308635511
