"","Estimate","Std. Error","z value","Pr(>|z|)"
"(Intercept)",-22.2212079842302,10.3919706387799,-2.13830550110552,0.0324919563797326
"x2",37.5721768789718,17.3521707653065,2.16527242540124,0.0303668287633132
