"","Estimate","Std. Error","z value","Pr(>|z|)"
"(Intercept)",1.97643967131761,0.835847062068503,2.36459486550858,0.018049803969596
"x2",-5.12047968371109,1.65892883250703,-3.08661805339344,0.0020244754031675
