"","Estimate","Std. Error","z value","Pr(>|z|)"
"(Intercept)",-16.3664925397473,7.2762165474508,-2.24931355918499,0.0244925537593926
"x1",27.2364117421503,11.9212652185461,2.28469136814255,0.022330931126916
