"","Estimate","Std. Error","z value","Pr(>|z|)"
"(Intercept)",-2.37530241215525,0.891914347521316,-2.66315080450983,0.00774127122847058
"x1",4.75870798922172,1.57657677690543,3.01838011248797,0.00254129930375637
