"","Estimate","Std. Error","z value","Pr(>|z|)"
"(Intercept)",11.4443944673093,5.27783113462561,2.16838966147051,0.0301290516417239
"x1",-28.2952882627327,12.7905171355312,-2.21220830736626,0.026952275114671
