"","Estimate","Std. Error","z value","Pr(>|z|)"
"(Intercept)",2.71421046938739,0.954723651166348,2.84292786302251,0.00447011866270793
"x2",-3.81160975097627,1.46320699302855,-2.60496961068167,0.00918824090877117
