"","Estimate","Std. Error","z value","Pr(>|z|)"
"(Intercept)",0.227598016226555,0.622005698964633,0.365909856783316,0.71443234102924
"x1",-0.205138688725582,1.02004793871674,-0.201106909723925,0.840614979195559
