"","Estimate","Std. Error","z value","Pr(>|z|)"
"(Intercept)",2.80590786496921,1.02805577543719,2.72933427544432,0.00634623381249395
"x1",-7.04390168118366,2.14464470499884,-3.2844142737328,0.00102194582651628
