"","Estimate","Std. Error","z value","Pr(>|z|)"
"(Intercept)",-1.72644990032121,0.776619108409194,-2.22303299214157,0.0262135753734042
"x1",3.78230237615223,1.38563699591582,2.7296488093928,0.00634018272111802
