"","Estimate","Std. Error","z value","Pr(>|z|)"
"(Intercept)",-2.6633621491866,0.941827899921652,-2.82786499466427,0.00468595635183439
"x1",4.28101687370903,1.49195398960484,2.86940274535068,0.00411247781145779
