"","Estimate","Std. Error","z value","Pr(>|z|)"
"(Intercept)",-0.601922604087971,0.745609183614449,-0.807289686495093,0.419499604562654
"x2",4.87529786772047,1.89373867436504,2.57443011209302,0.0100405368897646
