"","Estimate","Std. Error","z value","Pr(>|z|)"
"(Intercept)",2.69139899543876,0.963927913513648,2.79211646193359,0.00523645051637485
"x2",-5.90615527553724,1.81497757001214,-3.25412025642705,0.00113744118700958
