"","Estimate","Std. Error","z value","Pr(>|z|)"
"(Intercept)",2.20822486893008,0.890477513194197,2.47982103558016,0.013144833968843
"x2",-5.5005410957135,1.76075038300506,-3.12397552134889,0.00178425299798386
