"","Estimate","Std. Error","z value","Pr(>|z|)"
"(Intercept)",-0.703990167290711,0.636560678147001,-1.10592782661347,0.26875775945576
"x1",0.900092260571592,1.03299791410827,0.871339862625561,0.383568611026654
