"","Estimate","Std. Error","z value","Pr(>|z|)"
"(Intercept)",-2.07051914614059,0.835118207693792,-2.47931266144754,0.013163585970143
"x1",1.83227973276446,1.27283609007331,1.43952528299141,0.150001751882718
