"","Estimate","Std. Error","z value","Pr(>|z|)"
"(Intercept)",-0.358429388215954,0.630618698375498,-0.56837735566561,0.569778763013513
"x2",-0.576960430214495,1.04198942761297,-0.553710445542831,0.579777025441179
