"","Estimate","Std. Error","z value","Pr(>|z|)"
"(Intercept)",0.266245424881829,0.622696100434763,0.427568800729501,0.668965084668885
"x1",-0.527189982910882,1.01410077250811,-0.519859561498034,0.603161462200694
