"","Estimate","Std. Error","z value","Pr(>|z|)"
"(Intercept)",3.21895704803336,1.11172534851309,2.89546069300177,0.00378602441933782
"x1",-7.43940706963616,2.26425863370185,-3.28558184957583,0.00101771969085479
