"","Estimate","Std. Error","z value","Pr(>|z|)"
"(Intercept)",2.71459421077741,0.963405846489864,2.81770576820552,0.00483681111494428
"x1",-4.01018572419952,1.48346377121862,-2.70325828106019,0.00686633689081848
