"","Estimate","Std. Error","z value","Pr(>|z|)"
"(Intercept)",2.50351294078601,0.914452854438815,2.73771679822944,0.00618673270551405
"x1",-2.88854378074139,1.37057611231724,-2.10753985479705,0.0350708108040961
