"","Estimate","Std. Error","z value","Pr(>|z|)"
"(Intercept)",20.3542510740094,8.95139808979936,2.27386279437222,0.0229742373008309
"x2",-28.1680097250858,12.3331485025738,-2.28392690797547,0.0223758269404994
