"","Estimate","Std. Error","z value","Pr(>|z|)"
"(Intercept)",-0.145553582385483,0.651848739176062,-0.223293493778116,0.823307090658432
"x2",2.02070191486011,1.20749544210505,1.67346545949472,0.0942357007477283
