"","Estimate","Std. Error","z value","Pr(>|z|)"
"(Intercept)",-1.51404338997893,0.99378037592765,-1.52351910608582,0.127628884359297
"x1",-2.88364150456819,2.14108925523105,-1.34681050662552,0.178041270023052
