"","Estimate","Std. Error","z value","Pr(>|z|)"
"(Intercept)",-14.4874350243002,6.43447418372623,-2.25153363128585,0.0243517592770223
"x2",34.6353553985448,14.875510483773,2.32834734890791,0.0198936669883007
