"","Estimate","Std. Error","z value","Pr(>|z|)"
"(Intercept)",-2.02001136095464,0.821630574954928,-2.45853966798332,0.0139503364054519
"x2",2.28153836503692,1.25159061315703,1.82291105498301,0.0683168632983141
