"","Estimate","Std. Error","z value","Pr(>|z|)"
"(Intercept)",0.363091664506983,0.621534056643566,0.584186273665784,0.559094995460154
"x1",0.297773329715482,1.03036471141709,0.288997989174092,0.772582916342267
