"","Estimate","Std. Error","z value","Pr(>|z|)"
"(Intercept)",0.052149820253238,0.647169349981307,0.0805814123532647,0.93577484891917
"x1",-1.78049101881488,1.16501536170593,-1.5282983189232,0.126438487119096
