"","Estimate","Std. Error","z value","Pr(>|z|)"
"(Intercept)",-11.6603962163664,5.22624304559967,-2.23112398612692,0.025672917318087
"x1",29.0718751004161,12.6310239978071,2.30162456388835,0.0213563536547627
