"","Estimate","Std. Error","z value","Pr(>|z|)"
"(Intercept)",2.07987025031367,0.847191335877354,2.45501832022368,0.0140877408625042
"x2",-1.15912183703107,1.26349756296791,-0.917391430742713,0.358937561535797
