"","Estimate","Std. Error","z value","Pr(>|z|)"
"(Intercept)",-3.82230304675845,1.23002185536276,-3.10750823661679,0.00188671727821061
"x2",5.98078102716637,1.91471997422004,3.12358000527083,0.00178665284834541
