"","Estimate","Std. Error","z value","Pr(>|z|)"
"(Intercept)",-2.74879340710286,0.958924735860062,-2.86653717889283,0.00414989411727221
"x2",4.44203760590374,1.52717910453735,2.90865530618258,0.00362986832651363
