"","Estimate","Std. Error","z value","Pr(>|z|)"
"(Intercept)",1.78659235689612,0.777515772592536,2.29782136886938,0.0215719580355632
"x1",-1.00272883547548,1.19766270932902,-0.837238086871092,0.402458752789425
