"","Estimate","Std. Error","z value","Pr(>|z|)"
"(Intercept)",-2.35851348231859,0.901957810238075,-2.61488226560847,0.00892582170608209
"x2",1.97618242470647,1.32135927472757,1.49556783117439,0.134766311320228
