"","Estimate","Std. Error","z value","Pr(>|z|)"
"(Intercept)",0.363796223883607,0.653271437865979,0.556883712950942,0.577606883189402
"x1",1.21060347574322,1.15334149746195,1.04964876266682,0.293879628910237
