"","Estimate","Std. Error","z value","Pr(>|z|)"
"(Intercept)",-5.79292545639508,1.86560428931616,-3.10512014234192,0.00190201750625356
"x1",9.21636197995709,2.90980225069798,3.16734993855557,0.00153835081088097
