"","Estimate","Std. Error","z value","Pr(>|z|)"
"(Intercept)",7.38789525808022,2.79961003397971,2.63890155000558,0.00831751315680277
"x1",-17.3102829791792,6.41035139986179,-2.70036412973436,0.0069263621912098
