"","Estimate","Std. Error","z value","Pr(>|z|)"
"(Intercept)",-3.37781250976288,1.10200267500387,-3.06515817645454,0.00217554904746245
"x2",5.58687082785589,1.76716096701493,3.16149515077462,0.00156961431861044
