"","Estimate","Std. Error","z value","Pr(>|z|)"
"(Intercept)",-1.18450905810381,0.813157235022717,-1.45667898788445,0.145205012564442
"x1",5.82433965952087,2.08069515226182,2.79922777403962,0.00512249892025541
