"","Estimate","Std. Error","z value","Pr(>|z|)"
"(Intercept)",-2.6865327513828,0.956457538372232,-2.8088364026645,0.00497209058065515
"x2",5.0364413579577,1.63341160945842,3.08338775651754,0.00204658297601823
