"","Estimate","Std. Error","z value","Pr(>|z|)"
"(Intercept)",2.74412855804674,0.959261602463788,2.86066757076345,0.0042275007467655
"x2",-5.20665017204745,1.66555587221014,-3.12607355833605,0.00177157233179391
