"","Estimate","Std. Error","z value","Pr(>|z|)"
"(Intercept)",0.432390025958389,0.621100762140672,0.696167276414416,0.486324078334757
"x2",-0.108517099523031,1.01832323362473,-0.106564493414103,0.915134488286583
