"","Estimate","Std. Error","z value","Pr(>|z|)"
"(Intercept)",-0.067308139339078,0.626112792618354,-0.107501619728293,0.914391040413125
"x1",-0.626140954591028,1.04026357667012,-0.601906063649083,0.547236667765448
