"","Estimate","Std. Error","z value","Pr(>|z|)"
"(Intercept)",-3.94502562571033,1.32316817377277,-2.98149978506648,0.00286840248064677
"x1",4.19156871180061,1.81473751888108,2.30973827795494,0.020902648257441
