"","Estimate","Std. Error","z value","Pr(>|z|)"
"(Intercept)",0.207239448196822,0.610791637531102,0.339296472745616,0.73438639956544
"x2",0.348539805246402,1.01039621066455,0.344953595003255,0.730129257627877
