"","Estimate","Std. Error","z value","Pr(>|z|)"
"(Intercept)",1.95151665860265,0.796468058018705,2.45021333744036,0.0142771595813971
"x2",-3.34837511546364,1.31921138643929,-2.53816420164573,0.0111435686418271
