"","Estimate","Std. Error","z value","Pr(>|z|)"
"(Intercept)",4.28704609677317,1.35371698303471,3.16687029157501,0.00154089030747382
"x1",-6.78228329134683,2.12752304913957,-3.18787770317684,0.00143321140022484
