"","Estimate","Std. Error","z value","Pr(>|z|)"
"(Intercept)",0.733522966307093,0.648550370837333,1.13101926895833,0.258046981311672
"x1",-0.442261263166436,1.04782977449432,-0.422073579059985,0.672971312154179
