"","Estimate","Std. Error","z value","Pr(>|z|)"
"(Intercept)",-0.91600438652527,0.65051893797469,-1.40811332776435,0.159097515155019
"x1",0.799830135975216,1.03825995561912,0.770356336721349,0.44108854648048
