"","Estimate","Std. Error","z value","Pr(>|z|)"
"(Intercept)",1.97643967131762,0.835847062068503,2.36459486550858,0.0180498039695959
"x2",-5.1204796837111,1.65892883250703,-3.08661805339344,0.00202447540316749
