"","Estimate","Std. Error","z value","Pr(>|z|)"
"(Intercept)",9.79494636278861,3.61684428234963,2.70814710232022,0.0067660025601385
"x1",-16.4290677688603,5.88957920810571,-2.78951469847783,0.00527871003017021
