"","Estimate","Std. Error","z value","Pr(>|z|)"
"(Intercept)",1.37153767943584,0.723252938902289,1.89634580886389,0.0579143326093182
"x2",-2.7876190360573,1.24998501852062,-2.23012195726673,0.0257393474984369
