"","Estimate","Std. Error","z value","Pr(>|z|)"
"(Intercept)",1.27132281118674,0.7462154520824,1.70369403050951,0.0884382639547902
"x2",-3.81754425506062,1.43915040279491,-2.65263745029479,0.00798656033416364
