"","Estimate","Std. Error","z value","Pr(>|z|)"
"(Intercept)",-3.46627703838776,1.27490539196407,-2.71885040273282,0.00655092285028657
"x1",10.4128115736901,3.36433066433297,3.09506187488696,0.00196771843229314
