"","Estimate","Std. Error","z value","Pr(>|z|)"
"(Intercept)",-3.53178220761998,1.14336787199598,-3.08892902636361,0.00200879421569505
"x2",4.84837818307332,1.68294721385826,2.88088547468944,0.00396559704722503
