"","Estimate","Std. Error","z value","Pr(>|z|)"
"(Intercept)",0.828393733901304,0.666845866702709,1.24225668218862,0.214141872281363
"x1",0.543917105189024,1.10438229802915,0.492507989452281,0.622360275347434
