"","Estimate","Std. Error","z value","Pr(>|z|)"
"(Intercept)",0.584872064765671,0.641891921198462,0.911169069823575,0.362206298295755
"x1",-0.150029128397872,1.04780432686885,-0.143184299349292,0.886144629355003
