"","Estimate","Std. Error","z value","Pr(>|z|)"
"(Intercept)",-1.58774935237981,0.765983947559576,-2.07282327186931,0.0381887298027835
"x1",3.80867486768098,1.39194242009161,2.73623018646872,0.00621475364640426
