"","Estimate","Std. Error","z value","Pr(>|z|)"
"(Intercept)",2.57009337437854,0.944350587758015,2.72154579845204,0.00649773808234352
"x2",-5.54717563155438,1.74385606598863,-3.18098250179241,0.0014677649474061
