"","Estimate","Std. Error","z value","Pr(>|z|)"
"(Intercept)",-3.03418980938121,1.08547672108734,-2.79526013818317,0.00518579680693997
"x2",7.72453371345966,2.3523973362796,3.28368579335169,0.00102459084286708
