"","Estimate","Std. Error","z value","Pr(>|z|)"
"(Intercept)",-0.0551204293483036,0.624140706340133,-0.0883141073613377,0.929627026713846
"x2",-0.665739152594896,1.0592779674294,-0.628483904192285,0.529686987588108
