"","Estimate","Std. Error","z value","Pr(>|z|)"
"(Intercept)",1.72970431599028,0.77690701562425,2.2263981161252,0.0259875265635274
"x1",-0.522759509864614,1.19224141215968,-0.438467834226346,0.661047182369634
