"","Estimate","Std. Error","z value","Pr(>|z|)"
"(Intercept)",-2.09224628525869,0.96916071133381,-2.15882284619156,0.0308639133444829
"x2",7.93833362115914,2.64441483698386,3.00192447498644,0.00268278725772595
