"","Estimate","Std. Error","z value","Pr(>|z|)"
"(Intercept)",2.88659960849853,0.992056110951223,2.90971405410803,0.00361759567256733
"x1",-4.68473192291445,1.58885227278188,-2.94850062725597,0.00319319491627482
