"","Estimate","Std. Error","z value","Pr(>|z|)"
"(Intercept)",0.680574958924509,0.64717670616045,1.05160607983282,0.292980317207044
"x2",-0.596504736533608,1.05140301129051,-0.567341666447623,0.570482073743694
