"","Estimate","Std. Error","z value","Pr(>|z|)"
"(Intercept)",0.215877397382999,0.637144255231312,0.338820283806257,0.734745119893336
"x1",0.591114709227935,1.06368380718065,0.555724083827802,0.578399489867699
