"","Estimate","Std. Error","z value","Pr(>|z|)"
"(Intercept)",5.79802096726964,1.98941333834728,2.9144375658436,0.003563300753369
"x1",-12.6294095077694,4.14091022722107,-3.04991144815155,0.0022890884761203
