"","Estimate","Std. Error","z value","Pr(>|z|)"
"(Intercept)",2.22487898843256,0.862784795444951,2.57871835500434,0.00991676033931221
"x2",-3.15646832805965,1.33489973640262,-2.36457333984192,0.0180508529573752
