"","Estimate","Std. Error","z value","Pr(>|z|)"
"(Intercept)",-4.41122231432374,1.65663960704313,-2.66275313928849,0.00775042496888379
"x1",13.5312131929669,4.6551684890835,2.90670750687069,0.00365254551940777
