"","Estimate","Std. Error","z value","Pr(>|z|)"
"(Intercept)",-3.67358622993239,1.1770502449794,-3.12101054785191,0.00180231578488632
"x2",6.01814774206195,1.86355936491673,3.22938343438866,0.00124057442658088
