"","Estimate","Std. Error","z value","Pr(>|z|)"
"(Intercept)",-2.54236990421753,1.07993534332112,-2.35418714642581,0.0185632625312275
"x2",9.41642466435525,3.15175015790127,2.98768119063904,0.00281102614137731
