"","Estimate","Std. Error","z value","Pr(>|z|)"
"(Intercept)",2.59876468012243,0.948953359655459,2.73855891196378,0.00617091034021916
"x2",-2.38676416876902,1.36989858153602,-1.74229260540793,0.0814572566897788
