"","Estimate","Std. Error","z value","Pr(>|z|)"
"(Intercept)",-0.279060290818985,0.620890278066342,-0.44945186078299,0.6531057272391
"x1",1.07739230012567,1.04066257407476,1.03529455845336,0.300531370318874
