"","Estimate","Std. Error","z value","Pr(>|z|)"
"(Intercept)",10.0251121913428,4.38787373312561,2.28473123911011,0.0223285917041766
"x2",-25.5107072878322,10.6877327791155,-2.38691477557165,0.0169904294383061
