"","Estimate","Std. Error","z value","Pr(>|z|)"
"(Intercept)",-2.05113536151146,0.892811037307698,-2.29739023802476,0.0215965181581436
"x1",6.3527735527503,2.02613385511151,3.1354165159047,0.00171610265247522
