"","Estimate","Std. Error","z value","Pr(>|z|)"
"(Intercept)",-0.00772510558629344,0.672256436522451,-0.0114913077311019,0.990831464762777
"x2",2.05056144420995,1.26414284639461,1.62209630822833,0.104782728529519
