"","Estimate","Std. Error","z value","Pr(>|z|)"
"(Intercept)",0.176556985668247,0.632153733636726,0.279294380897713,0.780018918181139
"x2",-0.842393474566652,1.03595994604215,-0.813152552649349,0.416130599009049
