"","Estimate","Std. Error","z value","Pr(>|z|)"
"(Intercept)",-0.33001372565685,0.630645009803504,-0.52329554745811,0.600768599014988
"x2",0.155725905006511,1.02016378664663,0.152647944423116,0.878675913846847
