"","Estimate","Std. Error","z value","Pr(>|z|)"
"(Intercept)",-6.7268200745652,2.17523299058521,-3.09245956809227,0.00198505272755704
"x2",10.2047410558338,3.25980616435296,3.13047480166949,0.00174523971318664
