"","Estimate","Std. Error","z value","Pr(>|z|)"
"(Intercept)",-1.49372377924028,0.732673767813507,-2.03872971144845,0.0414770107348685
"x2",2.15404328936519,1.1765141077946,1.83086906913763,0.0671200880377376
