"","Estimate","Std. Error","z value","Pr(>|z|)"
"(Intercept)",-0.558630823220646,0.666889750594461,-0.837665930122162,0.402218353173624
"x2",2.58560920070255,1.24092752035089,2.08361016924778,0.0371956412466877
