"","Estimate","Std. Error","z value","Pr(>|z|)"
"(Intercept)",-0.97738594472567,0.69454448964365,-1.40723302725667,0.15935830114961
"x2",3.21513825643229,1.31827225200782,2.43890308055519,0.0147319187741473
