"","Estimate","Std. Error","z value","Pr(>|z|)"
"(Intercept)",-1.1079917491826,0.680737589141553,-1.62763415280158,0.103602482881144
"x2",1.41785993224643,1.09019042108748,1.30056172281545,0.193408516162296
