"","Estimate","Std. Error","z value","Pr(>|z|)"
"(Intercept)",1.3891778616299,0.719464060764,1.93085094501417,0.0535014880859409
"x2",-1.41094942306982,1.12022908823411,-1.25951864479254,0.207843060102491
