"","Estimate","Std. Error","z value","Pr(>|z|)"
"(Intercept)",-0.185193190942819,0.659078778653458,-0.280987943992342,0.778719646774006
"x2",2.07193292072836,1.20712845210298,1.71641461778054,0.0860861829944886
