"","Estimate","Std. Error","z value","Pr(>|z|)"
"(Intercept)",0.706103877774468,0.643201066101366,1.09779649784223,0.272293361080031
"x2",-0.658878067365914,1.05957851949469,-0.621830336538091,0.534053436231356
