"","Estimate","Std. Error","z value","Pr(>|z|)"
"(Intercept)",2.48943408238809,0.899892933895571,2.76636696280247,0.00566847082874765
"x1",-3.66789595316879,1.39463677882869,-2.63000087825687,0.00853846475970979
