"","Estimate","Std. Error","z value","Pr(>|z|)"
"(Intercept)",0.442359434883866,0.631142739339848,0.700886514747135,0.483373840831633
"x1",-0.126974989065695,1.02957321610993,-0.123327789688866,0.901847535815119
