"","Estimate","Std. Error","z value","Pr(>|z|)"
"(Intercept)",-2.22896364099854,0.861971055070377,-2.58589151907955,0.00971274941649139
"x1",4.4263547767924,1.48393282195994,2.98285388077486,0.00285574296628882
