"","Estimate","Std. Error","z value","Pr(>|z|)"
"(Intercept)",12.9232427482926,5.1836691607658,2.4930685866502,0.0126644380318536
"x2",-22.070745826778,8.83101645375396,-2.49923051806748,0.0124463320329811
