"","Estimate","Std. Error","z value","Pr(>|z|)"
"(Intercept)",13.8910705025703,6.58405865781001,2.10980357626261,0.0348752783081121
"x1",-37.4995133749522,17.4000754213493,-2.15513510527325,0.0311512633196304
