"","Estimate","Std. Error","z value","Pr(>|z|)"
"(Intercept)",1.1332059221687,0.723968398060864,1.56526987255794,0.117519644148608
"x2",0.67724296558029,1.2165031255773,0.556712885763364,0.577723611478656
