"","Estimate","Std. Error","z value","Pr(>|z|)"
"(Intercept)",0.329764639524398,0.641411004606734,0.51412376332175,0.6071654642396
"x1",0.939813375443597,1.09289872398279,0.859927232798561,0.389829155695727
