"","Estimate","Std. Error","z value","Pr(>|z|)"
"(Intercept)",2.14950215528927,0.851575698345851,2.52414689553094,0.0115979453926367
"x1",-2.23412683987082,1.28108615553589,-1.74393176463317,0.0811709889423787
