"","Estimate","Std. Error","z value","Pr(>|z|)"
"(Intercept)",19.7887130322242,9.04904255457617,2.1868294808954,0.0287549744608023
"x2",-31.9141682727741,14.5745816683553,-2.18971418864576,0.0285449714172666
