"","Estimate","Std. Error","z value","Pr(>|z|)"
"(Intercept)",0.602822113196156,0.64269214073207,0.937964034396781,0.348262893386563
"x1",0.0843365961508521,1.05452898523411,0.0799756074339947,0.936256656262462
