"","Estimate","Std. Error","z value","Pr(>|z|)"
"(Intercept)",-0.567356338894859,0.633865107928391,-0.895074254440511,0.370747395546428
"x1",0.880031350493773,1.03732635472632,0.848364978373611,0.396234740399375
