"","Estimate","Std. Error","z value","Pr(>|z|)"
"(Intercept)",10.7772589059438,4.70729018288714,2.28948258705686,0.0220513285012401
"x1",-28.6001081128066,12.2227555615762,-2.33990673941927,0.0192885557538148
