"","Estimate","Std. Error","z value","Pr(>|z|)"
"(Intercept)",1.67070607475496,0.779212865668469,2.14409457077137,0.032025310009207
"x1",-3.63013995867403,1.37788908624983,-2.63456615985987,0.00842448840497878
