"","Estimate","Std. Error","z value","Pr(>|z|)"
"(Intercept)",1.77592725662443,0.772925286051185,2.29767001891929,0.0215805771790843
"x2",-3.62048135465301,1.35047090448743,-2.6809028929262,0.00734238191495514
