"","Estimate","Std. Error","z value","Pr(>|z|)"
"(Intercept)",-0.842480384727698,0.657583666057529,-1.28117596013097,0.200131867979302
"x2",0.911152148743145,1.06225373546323,0.857753772309218,0.391028440861635
