"","Estimate","Std. Error","z value","Pr(>|z|)"
"(Intercept)",-0.818643051344183,0.714659511269314,-1.14550081323368,0.252001758754476
"x2",3.59823642975682,1.4452739716364,2.48965697879603,0.0127866437556917
