"","Estimate","Std. Error","z value","Pr(>|z|)"
"(Intercept)",1.19302657909397,0.708419550388021,1.68406783584744,0.0921685595370043
"x2",-0.191181515625106,1.12162694144184,-0.170450181393952,0.864656110440746
