"","Estimate","Std. Error","z value","Pr(>|z|)"
"(Intercept)",3.28261210334689,1.08491654023045,3.02568168298885,0.00248073315833298
"x1",-5.35928440504191,1.71376760951829,-3.12719436128701,0.00176483213059939
