"","Estimate","Std. Error","z value","Pr(>|z|)"
"(Intercept)",2.10683162302209,0.834283465254209,2.52531868455541,0.0115593413089852
"x2",-4.66254860910369,1.53522925033695,-3.03703737280953,0.00238915831881421
