"","Estimate","Std. Error","z value","Pr(>|z|)"
"(Intercept)",0.423019792122021,0.629154644075885,0.672362186475411,0.501353149460172
"x1",-0.342179716470558,1.02569480056671,-0.333607732321057,0.738675582686177
