"","Estimate","Std. Error","z value","Pr(>|z|)"
"(Intercept)",-3.05714613890563,1.12534097433223,-2.71663985284079,0.00659483263761841
"x1",8.30896954360883,2.60309801196931,3.19195416592204,0.00141313754801936
