"","Estimate","Std. Error","z value","Pr(>|z|)"
"(Intercept)",5.480226976042,1.80712823336817,3.03256120669855,0.00242487916042366
"x2",-7.87801644507429,2.61898156091101,-3.00804578491723,0.00262933521992319
