"","Estimate","Std. Error","z value","Pr(>|z|)"
"(Intercept)",-0.12844516186707,0.675652762470254,-0.190105286327051,0.849226627732529
"x2",2.35103551110214,1.30048550249557,1.80781370233703,0.0706355004349643
