"","Estimate","Std. Error","z value","Pr(>|z|)"
"(Intercept)",0.413673257948549,0.627867957407626,0.658853908800418,0.509989585780595
"x1",-0.0710775040207855,1.03952419189879,-0.0683750359777155,0.945487093716502
