"","Estimate","Std. Error","z value","Pr(>|z|)"
"(Intercept)",0.329747854400741,0.627912346546306,0.5251494993122,0.599479268098247
"x1",-0.157573378349181,1.02911486239421,-0.153115443287438,0.878307237499473
