"","Estimate","Std. Error","z value","Pr(>|z|)"
"(Intercept)",0.98950675960921,0.673415939798121,1.46938422619733,0.141728603265829
"x1",-1.70072575562045,1.10429394575333,-1.54010239951125,0.123535394991184
