"","Estimate","Std. Error","z value","Pr(>|z|)"
"(Intercept)",1.46554973502385,0.716464432968085,2.04553033980004,0.0408026012118433
"x2",-1.60127639204713,1.13763095371448,-1.40755346610323,0.159263334836682
