"","Estimate","Std. Error","z value","Pr(>|z|)"
"(Intercept)",0.0630813349203176,0.623203694675157,0.101221054142175,0.919374983764277
"x2",-1.17851773018036,1.06128656693694,-1.11046136538011,0.266800267517267
