"","Estimate","Std. Error","z value","Pr(>|z|)"
"(Intercept)",-0.469911656713997,0.627697905938738,-0.748627089987232,0.45408199953795
"x2",-0.0796665972797294,1.03064963339712,-0.0772974585137535,0.938386912672268
