"","Estimate","Std. Error","z value","Pr(>|z|)"
"(Intercept)",-0.551301815010104,0.645720164726977,-0.853778223331783,0.39322788265015
"x2",0.341066066519182,1.05282673546968,0.323952702784497,0.745973842531756
