"","Estimate","Std. Error","z value","Pr(>|z|)"
"(Intercept)",13.4139712294792,5.93218032840557,2.26122108346031,0.0237455701716279
"x2",-32.238284967095,13.7366787437635,-2.34687624049819,0.0189315418168756
