"","Estimate","Std. Error","z value","Pr(>|z|)"
"(Intercept)",2.19009571580029,0.863869377215866,2.53521628797478,0.0112377916957222
"x1",-5.17129203299709,1.66611901083,-3.10379510670186,0.00191055592083388
