"","Estimate","Std. Error","z value","Pr(>|z|)"
"(Intercept)",-2.30561772026838,0.879111456994522,-2.62266826569495,0.0087244174651594
"x1",4.60218552290255,1.54672764828152,2.97543366992616,0.00292574614486482
