"","Estimate","Std. Error","z value","Pr(>|z|)"
"(Intercept)",-0.117746203927137,0.660999160304487,-0.178133666422356,0.858618002857306
"x1",-1.73333191523068,1.19103922055144,-1.45531052657373,0.145583313734653
