"","Estimate","Std. Error","z value","Pr(>|z|)"
"(Intercept)",-4.70955205202731,1.48477314466961,-3.17190007708233,0.00151445105933765
"x2",7.03955178227207,2.22988908397406,3.15690669677899,0.00159452358088712
