"","Estimate","Std. Error","z value","Pr(>|z|)"
"(Intercept)",-1.11838998884428,0.678320647640838,-1.64876300424287,0.0991961969285523
"x2",1.70058293920352,1.09728887296493,1.54980423214213,0.121188510943516
