"","Estimate","Std. Error","z value","Pr(>|z|)"
"(Intercept)",-12.2441977155113,5.57331413535428,-2.19693299500925,0.0280252319680603
"x2",33.367512536249,14.9722171652404,2.22862867723527,0.025838621349783
