"","Estimate","Std. Error","z value","Pr(>|z|)"
"(Intercept)",-1.14221992562994,0.714840142144548,-1.59786763261956,0.110072438867187
"x1",3.19174308502142,1.30943560043113,2.4374952719863,0.0147894076239194
