"","Estimate","Std. Error","z value","Pr(>|z|)"
"(Intercept)",-1.07908707123946,0.717226982092006,-1.50452659783097,0.132445830132462
"x2",-0.797579582986464,1.21940192067236,-0.654074402758601,0.513063871889002
