"","Estimate","Std. Error","z value","Pr(>|z|)"
"(Intercept)",1.81388647938503,0.781163612467952,2.32203145465822,0.020231241994535
"x2",-3.3575703753502,1.32063721471702,-2.54238661301819,0.0110098316953272
