"","Estimate","Std. Error","z value","Pr(>|z|)"
"(Intercept)",-1.43143241774795,0.723871431599644,-1.97746775913605,0.0479887813818213
"x1",2.56862235925295,1.19571639399302,2.14818695483065,0.0316989066040364
