"","Estimate","Std. Error","z value","Pr(>|z|)"
"(Intercept)",0.597022981569299,0.63083330554888,0.946403711278111,0.343942713193908
"x2",-0.432762996674555,1.01836850057134,-0.424957170642807,0.67086789692945
