"","Estimate","Std. Error","z value","Pr(>|z|)"
"(Intercept)",1.72881371195757,0.799457501637746,2.16248356969066,0.0305809221909907
"x1",-0.0991586117613596,1.25166896337212,-0.0792211156967703,0.936856749477188
