"","Estimate","Std. Error","z value","Pr(>|z|)"
"(Intercept)",0.850305248943611,0.699228519068622,1.21606202515341,0.223961295180079
"x2",-3.33046503603897,1.37700979621285,-2.41862116391522,0.0155794560732803
