"","Estimate","Std. Error","z value","Pr(>|z|)"
"(Intercept)",2.72568909493698,0.974486423237537,2.79705189312071,0.0051571249468219
"x1",-5.45826112491338,1.74147013483206,-3.1342835089387,0.00172274321865974
