"","Estimate","Std. Error","z value","Pr(>|z|)"
"(Intercept)",-1.99528064076114,0.818092121639777,-2.43894371792973,0.0147302622472627
"x1",3.09573306056006,1.31755714274047,2.3496006056489,0.0187935645546157
