"","Estimate","Std. Error","z value","Pr(>|z|)"
"(Intercept)",4.65134517671023,1.64411486718995,2.82908771736862,0.00466809024917809
"x2",-12.9030946574899,4.27525780276138,-3.01808575126295,0.00254376913871684
