"","Estimate","Std. Error","z value","Pr(>|z|)"
"(Intercept)",-0.538315833694223,0.622569866532801,-0.864667345196447,0.387221397435787
"x2",0.320736957941137,1.01414080364832,0.316264720625875,0.751801586723126
