"","Estimate","Std. Error","z value","Pr(>|z|)"
"(Intercept)",0.141210075472565,0.611857988382772,0.230788970894706,0.817478749910421
"x2",-0.0328991565835202,1.00372222315235,-0.0327771527068468,0.973852297919895
