"","Estimate","Std. Error","z value","Pr(>|z|)"
"(Intercept)",-0.981594079717461,0.669876442323384,-1.46533601974854,0.142829263816729
"x2",1.45212750590251,1.10176404146161,1.31800226841321,0.187502888547801
