"","Estimate","Std. Error","z value","Pr(>|z|)"
"(Intercept)",2.02912157472602,0.807891066415443,2.51162769224457,0.0120175799843005
"x1",-3.13743137498246,1.27946010917006,-2.45215255442204,0.014200444365721
