"","Estimate","Std. Error","z value","Pr(>|z|)"
"(Intercept)",-1.51401828908941,0.771497701157685,-1.96244044125798,0.0497112283060692
"x2",4.02403462584614,1.47828975726302,2.72208787626077,0.00648708898824428
