"","Estimate","Std. Error","z value","Pr(>|z|)"
"(Intercept)",0.812326614975744,0.663151068401537,1.22494956832955,0.220594222546734
"x1",-0.0520770355775121,1.08038600107646,-0.0482022494975168,0.96155505743369
