"","Estimate","Std. Error","z value","Pr(>|z|)"
"(Intercept)",0.104762626136998,0.620543392496034,0.168824013604605,0.865935069312097
"x2",-0.207912103683255,1.01245303294617,-0.205354813426007,0.83729492153744
