"","Estimate","Std. Error","z value","Pr(>|z|)"
"(Intercept)",1.55691488134041,0.795202938232769,1.95788371305624,0.0502436594421641
"x2",0.244089884700349,1.28171874964617,0.190439505365534,0.848964743267736
