"","Estimate","Std. Error","z value","Pr(>|z|)"
"(Intercept)",1.24215317680667,0.721607264277548,1.72137011127553,0.0851836843357507
"x1",-3.39201839859845,1.3264317483603,-2.55725061073936,0.0105503178266461
