"","Estimate","Std. Error","z value","Pr(>|z|)"
"(Intercept)",-0.086521668404,0.618907730702869,-0.139797362533735,0.888820097225749
"x1",-0.593735331902397,1.03289798928039,-0.574824753329268,0.565409824026622
