"","Estimate","Std. Error","z value","Pr(>|z|)"
"(Intercept)",0.20394384775287,0.675130525160855,0.30208062019456,0.762590605588069
"x2",1.93182684898109,1.25504923677769,1.53924387376308,0.123744770362815
