"","Estimate","Std. Error","z value","Pr(>|z|)"
"(Intercept)",2.95817146386622,1.0277649206649,2.8782568896713,0.00399879361912301
"x2",-6.22063983220269,1.90030998664062,-3.27348689210415,0.00106229317562525
