"","Estimate","Std. Error","z value","Pr(>|z|)"
"(Intercept)",2.16812530434248,0.849008997273926,2.55371298926641,0.0106581070620248
"x2",-3.38797022064051,1.36110983678517,-2.48912330884523,0.0128058542103282
