"","Estimate","Std. Error","z value","Pr(>|z|)"
"(Intercept)",2.09246373610911,0.850732210987803,2.45960327948498,0.0139090671376484
"x1",-1.17907782036557,1.2668422712065,-0.930721880035353,0.351997448560501
