"","Estimate","Std. Error","z value","Pr(>|z|)"
"(Intercept)",11.3343472143208,5.06729525410045,2.23676471292038,0.0253017219733864
"x1",-28.7593952671078,12.4926771836509,-2.30210024995644,0.021329519338298
