"","Estimate","Std. Error","z value","Pr(>|z|)"
"(Intercept)",-0.938248343772357,0.686842828328964,-1.36603063331831,0.171929348643892
"x2",2.43544187106029,1.20364951518283,2.02338125869669,0.043033854900753
