"","Estimate","Std. Error","z value","Pr(>|z|)"
"(Intercept)",0.0907953624356023,0.655224627566434,0.138571351893205,0.889788882738978
"x1",-1.50061081582232,1.13447997697795,-1.32273010213867,0.185925149216461
