"","Estimate","Std. Error","z value","Pr(>|z|)"
"(Intercept)",21.8300315325183,10.2400465353938,2.1318293288087,0.0330208796383881
"x1",-37.0295635956797,17.1675120294337,-2.15695573896745,0.0310091132790983
