"","Estimate","Std. Error","z value","Pr(>|z|)"
"(Intercept)",-0.215718715797049,0.627464114038501,-0.343794507081265,0.731000831438528
"x2",-0.326619646480671,1.03672147292856,-0.315050527079395,0.752723290705748
