"","Estimate","Std. Error","z value","Pr(>|z|)"
"(Intercept)",3.07818913434488,1.03835685522548,2.96448096707221,0.0030319399782917
"x2",-5.0295486500073,1.6698331899084,-3.01200663659296,0.00259526923515807
