"","Estimate","Std. Error","z value","Pr(>|z|)"
"(Intercept)",-0.0561732541824906,0.634104402754014,-0.0885867594334961,0.929410331152344
"x1",1.18313368152468,1.10600430317522,1.06973696045126,0.284737724701592
