"","Estimate","Std. Error","z value","Pr(>|z|)"
"(Intercept)",1.88806819160891,0.797786168635371,2.36663440134403,0.0179506552762496
"x1",-2.60172520014416,1.25090647189561,-2.07987188378803,0.037537285530446
