"","Estimate","Std. Error","z value","Pr(>|z|)"
"(Intercept)",3.47293775978163,1.1191344317879,3.10323555520792,0.00191417218181671
"x1",-5.4065652308823,1.74551443168534,-3.0974050587838,0.00195222919066609
