"","Estimate","Std. Error","z value","Pr(>|z|)"
"(Intercept)",-1.09513023490038,0.706795070086805,-1.54943106035797,0.12127813198153
"x2",3.08165249846313,1.28757400305559,2.39337893678341,0.0166939895692497
