"","Estimate","Std. Error","z value","Pr(>|z|)"
"(Intercept)",-1.10840469883687,0.681492614945623,-1.62643684543127,0.103856758030153
"x1",1.17004268041699,1.09218656268171,1.07128463249366,0.284041467487854
