"","Estimate","Std. Error","z value","Pr(>|z|)"
"(Intercept)",3.68858213263102,1.22063127474181,3.02186434917559,0.00251223101397069
"x1",-7.38741243295093,2.24210814953022,-3.29485106884732,0.000984738544306676
