"","Estimate","Std. Error","z value","Pr(>|z|)"
"(Intercept)",-2.30705485831918,0.951489695863182,-2.42467666055621,0.0153220265396888
"x2",6.92680092990259,2.16221970663938,3.20356016950217,0.00135739672615503
