"","Estimate","Std. Error","z value","Pr(>|z|)"
"(Intercept)",1.15676881575239,0.721091047783383,1.60419245157498,0.108671638077449
"x2",-3.61436818151855,1.39231636045636,-2.5959388858534,0.00943328422396101
