"","Estimate","Std. Error","z value","Pr(>|z|)"
"(Intercept)",4.23084273320861,1.32587240940923,3.1909878380332,0.0014178724860194
"x1",-7.06199450253237,2.11766015734966,-3.33481011012208,0.000853576657720404
