"","Estimate","Std. Error","z value","Pr(>|z|)"
"(Intercept)",2.75852782272723,0.958938275810773,2.87664794733,0.00401923733480062
"x2",-4.10141178771612,1.47782006578656,-2.77531201711838,0.00551487706210575
