"","Estimate","Std. Error","z value","Pr(>|z|)"
"(Intercept)",0.284043026974649,0.627983284577505,0.452309852746714,0.651045778970084
"x1",-0.315546766201048,1.02621128247068,-0.307487134073741,0.758472614529871
