"","Estimate","Std. Error","z value","Pr(>|z|)"
"(Intercept)",1.7997705551135,0.769761983411297,2.33808708912538,0.0193827308332521
"x1",-2.46763746333926,1.22143188005723,-2.02028250910205,0.0433540920305317
