"","Estimate","Std. Error","z value","Pr(>|z|)"
"(Intercept)",1.77526849161721,0.78655396326095,2.25702059176866,0.0240067881047226
"x2",-0.960675544647442,1.19658607107092,-0.802847006055868,0.422063169218714
