"","Estimate","Std. Error","z value","Pr(>|z|)"
"(Intercept)",-0.403402773169527,0.827304227283184,-0.487611159070559,0.62582528989116
"x1",5.77995230582796,2.43210743625164,2.37652014038328,0.0174768072747627
