"","Estimate","Std. Error","z value","Pr(>|z|)"
"(Intercept)",-1.51986645617668,0.739023653666048,-2.05658702348312,0.0397259675132359
"x2",2.43492495824275,1.19181458997643,2.04304006572944,0.0410484720932022
