"","Estimate","Std. Error","z value","Pr(>|z|)"
"(Intercept)",0.488271198374411,0.627084269214483,0.778637293813866,0.436193403925253
"x1",-0.219580988681527,1.02404000400072,-0.2144261823988,0.830214725855564
