"","Estimate","Std. Error","z value","Pr(>|z|)"
"(Intercept)",-2.41581209965439,0.949773513504152,-2.54356650854723,0.0109727165450716
"x1",6.77250181496821,2.1062158142877,3.2154833180087,0.00130225063479031
