"","Estimate","Std. Error","z value","Pr(>|z|)"
"(Intercept)",-3.19120656041221,1.06390576014513,-2.99951995746022,0.00270405407993965
"x1",5.16981552171506,1.69352114533291,3.05270207931108,0.00226790973434675
