"","Estimate","Std. Error","z value","Pr(>|z|)"
"(Intercept)",0.798999001833498,0.654319163406507,1.22111508651796,0.222042448343783
"x2",-1.35986609577734,1.09290016767279,-1.2442729317839,0.213399129735558
