"","Estimate","Std. Error","z value","Pr(>|z|)"
"(Intercept)",-2.13857614462227,0.845998110892414,-2.52787342795171,0.0114755714419163
"x2",2.17529335135415,1.2508048936048,1.73911483915369,0.0820145649800883
