"","Estimate","Std. Error","z value","Pr(>|z|)"
"(Intercept)",-10.762845140253,4.7473827940507,-2.26711129208724,0.023383427937657
"x1",27.7952450015802,11.958427557627,2.32432273119826,0.0201082033992484
