"","Estimate","Std. Error","z value","Pr(>|z|)"
"(Intercept)",2.41329787175507,0.894521093832232,2.69786580595459,0.00697855656853466
"x1",-2.96647181022653,1.34266274372814,-2.20939459598738,0.0271472065858006
