"","Estimate","Std. Error","z value","Pr(>|z|)"
"(Intercept)",2.10578670747306,0.831255636001467,2.53326006618419,0.0113007075493499
"x1",-3.29650804804444,1.32988660190266,-2.47878882554959,0.0131829330379831
