"","Estimate","Std. Error","z value","Pr(>|z|)"
"(Intercept)",-0.452792822804944,0.621422391597688,-0.728639374646294,0.46622228632768
"x1",0.151577630922673,1.03176645419841,0.146910795854897,0.883202430525497
