"","Estimate","Std. Error","z value","Pr(>|z|)"
"(Intercept)",-0.169516408421717,0.629877326813773,-0.269126068212701,0.787832670701706
"x1",-0.416660776350474,1.03728390738983,-0.401684411935915,0.687916297980768
