"","Estimate","Std. Error","z value","Pr(>|z|)"
"(Intercept)",0.284145255920768,0.624958245547246,0.454662784186416,0.649351858722929
"x1",0.189438284347584,1.02928823270373,0.184047848142564,0.85397591861912
