"","Estimate","Std. Error","z value","Pr(>|z|)"
"(Intercept)",0.659803210602267,0.64067996937007,1.02984835197985,0.303081198891572
"x2",-0.558039528343713,1.04144212131062,-0.535833453366991,0.592073659577582
