"","Estimate","Std. Error","z value","Pr(>|z|)"
"(Intercept)",-1.15400309158503,0.760118598670868,-1.51818820589695,0.128966959869835
"x1",4.45631132863741,1.61270114285536,2.7632592364555,0.00572272946876837
