"","Estimate","Std. Error","z value","Pr(>|z|)"
"(Intercept)",-1.5781740288466,0.754048117884299,-2.09293543928553,0.0363549181297585
"x2",3.91894010196683,1.41755989297462,2.76456756528522,0.00569983016798965
