"","Estimate","Std. Error","z value","Pr(>|z|)"
"(Intercept)",2.46322789768909,0.903344238298176,2.72678763339389,0.00639541853367141
"x2",-3.6371389639045,1.40841802171552,-2.58242858854808,0.00981076636194319
