"","Estimate","Std. Error","z value","Pr(>|z|)"
"(Intercept)",0.368644188962624,0.633947604735456,0.581505768314178,0.560899631710938
"x1",0.019630768529029,1.03893704986089,0.0188950509866382,0.984924827577942
