"","Estimate","Std. Error","z value","Pr(>|z|)"
"(Intercept)",-0.594444336941793,0.68252891952728,-0.870943809023514,0.383784834864518
"x2",2.64668337456908,1.27624203024373,2.07380991367573,0.0380969681030491
