"","Estimate","Std. Error","z value","Pr(>|z|)"
"(Intercept)",-0.44008403075177,0.660562773430879,-0.666225903809307,0.505266718093342
"x1",2.32132624113106,1.21730876926139,1.90693298179355,0.0565292665449694
