"","Estimate","Std. Error","z value","Pr(>|z|)"
"(Intercept)",-5.93036149852931,2.23712405227878,-2.65088629863351,0.00802808625543728
"x1",15.6564659710439,5.60425912986998,2.79367274214658,0.00521131874145567
