"","Estimate","Std. Error","z value","Pr(>|z|)"
"(Intercept)",2.65026279706429,0.951971225131386,2.78397364027313,0.00536973979539699
"x1",-2.82053103608969,1.40612354069989,-2.00589134201237,0.0448678421960377
