"","Estimate","Std. Error","z value","Pr(>|z|)"
"(Intercept)",1.79433267696368,0.764142511327843,2.34816496970662,0.0188661632575346
"x2",-1.90206233580857,1.16627092008455,-1.6308923621886,0.102913033656453
