"","Estimate","Std. Error","z value","Pr(>|z|)"
"(Intercept)",-1.48516141704528,0.729055373614612,-2.037103724621,0.0416396487408223
"x2",2.99768858635126,1.24878057551295,2.40049264469054,0.0163730197963516
