"","Estimate","Std. Error","z value","Pr(>|z|)"
"(Intercept)",1.10997096702745,0.71220170907332,1.5585064636698,0.119113236968905
"x1",-3.49712653355544,1.35748954183141,-2.57617198938962,0.00999009407442706
