"","Estimate","Std. Error","z value","Pr(>|z|)"
"(Intercept)",1.81492619839638,0.772585810332166,2.34915807943207,0.0188159165757141
"x1",-2.75507632613439,1.23434961602616,-2.23200646750636,0.0256145354838106
