"","Estimate","Std. Error","z value","Pr(>|z|)"
"(Intercept)",-0.216254475398194,0.628752529284382,-0.343942116056893,0.730889817844836
"x1",1.21398635142279,1.0668206755332,1.13794790377121,0.255142236578907
