"","Estimate","Std. Error","z value","Pr(>|z|)"
"(Intercept)",1.94249608602571,0.811116141905444,2.39484333459629,0.0166274681231869
"x1",-1.2954534690002,1.2497973445665,-1.03653082208263,0.299954567767872
