"","Estimate","Std. Error","z value","Pr(>|z|)"
"(Intercept)",-0.816252098426809,0.686710308921884,-1.18864110210942,0.234580926542798
"x1",2.82020122111888,1.27714918894599,2.20820029917283,0.0272303135619436
