"","Estimate","Std. Error","z value","Pr(>|z|)"
"(Intercept)",-2.25279826377712,0.890054290637822,-2.53107960657405,0.0113712037377576
"x1",4.8598845612116,1.60945686453214,3.01958049843376,0.00253125016939396
