"","Estimate","Std. Error","z value","Pr(>|z|)"
"(Intercept)",-5.02531104722711,1.97958037044146,-2.53857389286318,0.0111305295263436
"x2",15.8724938411682,5.65314289413398,2.80772910545715,0.00498921765253408
