"","Estimate","Std. Error","z value","Pr(>|z|)"
"(Intercept)",0.541054164393588,0.639461267066323,0.846109361518954,0.397491738805675
"x1",-0.32300534768252,1.04529831367707,-0.309007814760817,0.757315582232615
