"","Estimate","Std. Error","z value","Pr(>|z|)"
"(Intercept)",2.51066272410689,0.910445984722875,2.75761853666815,0.00582240990317344
"x2",-3.19291829743814,1.38359545491218,-2.30769643402796,0.0210160265612993
