"","Estimate","Std. Error","z value","Pr(>|z|)"
"(Intercept)",1.68024031072091,0.758022183456539,2.21661100082732,0.0266496851839589
"x1",-1.40983337215675,1.16108896673257,-1.21423371726989,0.224658488479949
