"","Estimate","Std. Error","z value","Pr(>|z|)"
"(Intercept)",23.8184404422494,11.2599511259083,2.11532360806123,0.0344023756935898
"x2",-39.6230033076078,18.7482525847382,-2.11342380461966,0.0345645102835038
