"","Estimate","Std. Error","z value","Pr(>|z|)"
"(Intercept)",1.76049668391656,0.778376471328821,2.26175475334075,0.0237125597823008
"x2",-2.90379394824469,1.27109878943277,-2.28447542581684,0.0223436052120499
