"","Estimate","Std. Error","z value","Pr(>|z|)"
"(Intercept)",-5.06222491813328,1.60727567419671,-3.14956855217963,0.00163511741818189
"x2",8.96781480043671,2.7296006501727,3.28539444034398,0.00101839694215223
