"","Estimate","Std. Error","z value","Pr(>|z|)"
"(Intercept)",-1.08931278439067,0.706084740287898,-1.54275078080078,0.122891255707795
"x2",3.06890340946161,1.28563345111221,2.38707495266763,0.0169830284284
