"","Estimate","Std. Error","z value","Pr(>|z|)"
"(Intercept)",-1.24086032506892,0.80088904067408,-1.54935360836569,0.121296739368203
"x2",5.1553323526642,1.83699887378297,2.80638841223007,0.00501002615795542
