"","Estimate","Std. Error","z value","Pr(>|z|)"
"(Intercept)",-1.69418942714255,0.790152909477064,-2.14412856906873,0.0320225865253755
"x2",4.42395956661346,1.52183147779108,2.90699701719588,0.0036491667735296
