"","Estimate","Std. Error","z value","Pr(>|z|)"
"(Intercept)",-2.81855616745531,0.971974188961606,-2.89982614709808,0.0037336968526667
"x2",4.53209408070743,1.5422922875021,2.93854421592656,0.00329757617633903
