"","Estimate","Std. Error","z value","Pr(>|z|)"
"(Intercept)",-1.45580102622509,0.767383829312473,-1.89709630385278,0.0578152289566043
"x2",4.25156152150976,1.50039202133531,2.83363378440655,0.00460220394520343
