"","Estimate","Std. Error","z value","Pr(>|z|)"
"(Intercept)",3.34839506168972,1.17632504914659,2.8464879364075,0.0044204404076791
"x1",-2.88598433906864,1.63704106923755,-1.76292726755645,0.0779127574381893
