"","Estimate","Std. Error","z value","Pr(>|z|)"
"(Intercept)",-2.97421479492955,1.01529146091648,-2.92941968825857,0.00339595557387804
"x2",5.20468022742784,1.6853875950861,3.0881206451279,0.0020142667938022
