"","Estimate","Std. Error","z value","Pr(>|z|)"
"(Intercept)",3.03896569592899,1.0731807076618,2.83173716619465,0.0046295886295031
"x1",-3.05571318406602,1.50921891099337,-2.02469844620138,0.0428983382829707
