"","Estimate","Std. Error","z value","Pr(>|z|)"
"(Intercept)",0.718581830980948,0.639503232016786,1.1236562928928,0.261158865001399
"x2",-1.4388891731886,1.05630383028712,-1.36219251689875,0.173137136793823
