"","Estimate","Std. Error","z value","Pr(>|z|)"
"(Intercept)",-0.507198684466769,0.662200331135672,-0.765929373059848,0.443718327381619
"x2",-0.553156799675927,1.09194661446528,-0.50657861139741,0.612450518856986
