"","Estimate","Std. Error","z value","Pr(>|z|)"
"(Intercept)",-1.30355628328734,0.739410645407117,-1.76296661589124,0.0779061203632583
"x1",4.01954158272584,1.47077126187069,2.73294813879714,0.00627702150674825
