"","Estimate","Std. Error","z value","Pr(>|z|)"
"(Intercept)",-1.58931645800357,0.753508185624926,-2.10922255169061,0.0349253762066018
"x2",3.46808442202829,1.32195000302434,2.62346110979541,0.00870413815360741
