"","Estimate","Std. Error","z value","Pr(>|z|)"
"(Intercept)",-2.19688274381929,0.854359714367298,-2.57137913559771,0.0101294365842653
"x2",3.6760503998692,1.38049117184022,2.66285686924674,0.00774803630450664
