"","Estimate","Std. Error","z value","Pr(>|z|)"
"(Intercept)",-0.234924954705277,0.655691553816645,-0.358285772232123,0.720129464457549
"x1",1.8462632449568,1.17321520653201,1.57367824306872,0.115561854223415
