"","Estimate","Std. Error","z value","Pr(>|z|)"
"(Intercept)",0.0396919477683297,0.618861588975035,0.0641370356077002,0.948861112388851
"x1",-0.32924352270946,1.01723114486635,-0.323666380420076,0.746190626356805
