"","Estimate","Std. Error","z value","Pr(>|z|)"
"(Intercept)",-2.22851169441738,0.865442428953901,-2.57499704181488,0.0100240943959537
"x1",4.43224670908153,1.49785035146644,2.95907178226599,0.00308567216239624
