"","Estimate","Std. Error","z value","Pr(>|z|)"
"(Intercept)",-5.94095331506405,2.54302256042966,-2.33617798265238,0.0194819673120225
"x1",24.0737325410541,9.5290774699608,2.52634450889327,0.0115256396165696
