"","Estimate","Std. Error","z value","Pr(>|z|)"
"(Intercept)",0.878964598475647,0.669844149679938,1.31219269272655,0.189455126765226
"x1",0.112081247240805,1.08262615337065,0.103527193474729,0.917544568174625
