"","Estimate","Std. Error","z value","Pr(>|z|)"
"(Intercept)",1.1958742124914,0.716447257308831,1.66917271340171,0.0950831561388149
"x2",-3.36201586842477,1.33970257161821,-2.50952408366571,0.0120893971483018
