"","Estimate","Std. Error","z value","Pr(>|z|)"
"(Intercept)",-2.38655597455708,0.891543329271006,-2.67688164579562,0.00743108798127596
"x2",2.63345550709035,1.3190503407467,1.99647839490309,0.0458818751412597
