"","Estimate","Std. Error","z value","Pr(>|z|)"
"(Intercept)",0.329747854400741,0.627912346546306,0.525149499312199,0.599479268098248
"x1",-0.157573378349179,1.02911486239421,-0.153115443287436,0.878307237499474
