"","Estimate","Std. Error","z value","Pr(>|z|)"
"(Intercept)",-7.28099554014543,2.46546875864716,-2.95318913071144,0.00314509205435425
"x1",11.6294119897412,3.86607294939005,3.00806843067355,0.00262913929478853
