"","Estimate","Std. Error","z value","Pr(>|z|)"
"(Intercept)",0.0823484685139278,0.623507485968547,0.132072942774711,0.894926596948243
"x1",0.596969339718657,1.03499561635461,0.576784413658928,0.564085099890988
