"","Estimate","Std. Error","z value","Pr(>|z|)"
"(Intercept)",-2.03566618898631,0.819449459756684,-2.48418760272385,0.0129847381577086
"x2",3.13195932261556,1.30569316900851,2.39869472932438,0.0164536253458653
