"","Estimate","Std. Error","z value","Pr(>|z|)"
"(Intercept)",0.90934804449273,0.695182560012014,1.30807085332666,0.190849278344276
"x1",-2.66444930201815,1.24947725843322,-2.13245121832729,0.0329697706650375
