"","Estimate","Std. Error","z value","Pr(>|z|)"
"(Intercept)",2.50376773130111,0.909503734935956,2.7528943918822,0.0059070948202041
"x2",-4.24283393922665,1.47768363951285,-2.87127354311467,0.0040882158584738
