"","Estimate","Std. Error","z value","Pr(>|z|)"
"(Intercept)",0.653792149430332,0.640559730425634,1.02065758800652,0.307416695081226
"x1",-0.286452139302861,1.03849432948913,-0.275834090922553,0.782675498304677
