"","Estimate","Std. Error","z value","Pr(>|z|)"
"(Intercept)",-3.87781494349434,1.2361493217317,-3.13701174714231,0.00170679288582901
"x1",6.80744188335548,2.06503974680752,3.29651857494731,0.000978911411944692
