"","Estimate","Std. Error","z value","Pr(>|z|)"
"(Intercept)",-0.970875569116231,0.666880364127961,-1.4558466875626,0.145435006120844
"x2",0.36221121891543,1.06047103134905,0.341556919715812,0.732684362411437
