"","Estimate","Std. Error","z value","Pr(>|z|)"
"(Intercept)",-2.7488464035427,0.96023103984074,-2.86269271611821,0.00420057723330104
"x1",4.76903144098848,1.58781415531914,3.00351991762534,0.00266876079560895
