"","Estimate","Std. Error","z value","Pr(>|z|)"
"(Intercept)",-0.447710434738076,0.643345419385431,-0.695909881764232,0.486485268417225
"x2",0.13455345249305,1.03530008524502,0.129965653833793,0.896593600436764
