"","Estimate","Std. Error","z value","Pr(>|z|)"
"(Intercept)",0.0108519792402424,0.630010148127245,0.0172250864093233,0.986257049096038
"x2",-1.36664346284106,1.09304194369264,-1.25031200378652,0.211185595145458
