"","Estimate","Std. Error","z value","Pr(>|z|)"
"(Intercept)",-0.0736985475662801,0.61372868460337,-0.120083270368744,0.904417184797899
"x2",-0.617003541585946,1.01566012461215,-0.607490169825819,0.543525664371185
