"","Estimate","Std. Error","z value","Pr(>|z|)"
"(Intercept)",-1.46239034623498,0.7240818484426,-2.01964784696699,0.0434199283613027
"x1",2.6487366095665,1.20502087113972,2.19808359589765,0.0279431492824077
