"","Estimate","Std. Error","z value","Pr(>|z|)"
"(Intercept)",-0.287844914209849,0.658980614413733,-0.436803310922783,0.662253997643958
"x1",1.97093808007433,1.19187597797055,1.65364359757491,0.0981999488849769
