"","Estimate","Std. Error","z value","Pr(>|z|)"
"(Intercept)",0.945513214660856,0.677278817754544,1.39604722586131,0.162700274297658
"x1",-0.0199570388750608,1.0905330701907,-0.0183002601393564,0.985399319940807
