"","Estimate","Std. Error","z value","Pr(>|z|)"
"(Intercept)",7.21177667825844,3.11111796125364,2.31806597116376,0.0204457359527166
"x2",-19.349121428076,7.96527300808826,-2.42918496433558,0.0151328099258145
