"","Estimate","Std. Error","z value","Pr(>|z|)"
"(Intercept)",-0.669390325078938,0.652012443374017,-1.02665268413436,0.304584036713593
"x2",0.835300705253005,1.07785974330958,0.774962336647073,0.438361915289802
