"","Estimate","Std. Error","z value","Pr(>|z|)"
"(Intercept)",2.10189768271448,0.838858707067092,2.50566354620477,0.0122221859955776
"x2",-4.163024684129,1.44157709996661,-2.88782659229634,0.00387913664287657
