"","Estimate","Std. Error","z value","Pr(>|z|)"
"(Intercept)",-0.891536566602243,0.670292896741437,-1.33007013939184,0.18349516289154
"x2",0.746686769552968,1.08052284469442,0.691042094315127,0.489539088133798
