"","Estimate","Std. Error","z value","Pr(>|z|)"
"(Intercept)",3.39098305080886,1.12141539301652,3.02384207665223,0.00249586686463912
"x1",-4.88954818770975,1.69565452070505,-2.88357570955945,0.003931881197708
