"","Estimate","Std. Error","z value","Pr(>|z|)"
"(Intercept)",-1.65823890964113,0.764572643373389,-2.16884415629204,0.0300945176001355
"x2",2.75745129551224,1.26752179306947,2.17546657626667,0.0295951701673907
