"","Estimate","Std. Error","z value","Pr(>|z|)"
"(Intercept)",3.46032823026734,1.13194731964842,3.0569693219841,0.00223587157910939
"x2",-5.69853166794102,1.8113819014175,-3.1459581568534,0.00165543687664008
