"","Estimate","Std. Error","z value","Pr(>|z|)"
"(Intercept)",-0.547446460365397,0.692445921774081,-0.790598143697362,0.429178530427245
"x2",2.91456909348203,1.34423951193674,2.16819180480926,0.0301440960914937
