"","Estimate","Std. Error","z value","Pr(>|z|)"
"(Intercept)",1.0184816154434,0.676265964782782,1.50603707488154,0.132057656451151
"x2",-1.7823491862323,1.12656376435928,-1.58211123295448,0.113624179727154
