"","Estimate","Std. Error","z value","Pr(>|z|)"
"(Intercept)",-0.586579998439237,0.642363833257579,-0.91315850623867,0.361159183444235
"x2",0.406458519577465,1.03257363968724,0.393636350914962,0.69384953942334
