"","Estimate","Std. Error","z value","Pr(>|z|)"
"(Intercept)",0.651709930095984,0.74952635801959,0.86949567966888,0.384576070110399
"x2",2.39138759919787,1.52419488191781,1.56895133789514,0.11665927822928
