"","Estimate","Std. Error","z value","Pr(>|z|)"
"(Intercept)",-0.689873317938771,0.655685830694446,-1.05214004275206,0.292735302906847
"x2",-0.19343635809494,1.07867463668547,-0.179327807956371,0.857680313164605
