"","Estimate","Std. Error","z value","Pr(>|z|)"
"(Intercept)",2.70507837926933,0.956608601170775,2.82777969585328,0.00468720502254816
"x2",-4.05744026407452,1.4876427826328,-2.7274291324788,0.00638299669074644
