"","Estimate","Std. Error","z value","Pr(>|z|)"
"(Intercept)",2.96585876430729,1.00365337077467,2.95506282414824,0.00312605387325733
"x1",-4.8332273427241,1.6032422347682,-3.01465819569236,0.00257269006120988
