"","Estimate","Std. Error","z value","Pr(>|z|)"
"(Intercept)",2.24995625519231,0.85548853546872,2.63002502302333,0.00853785835505341
"x2",-3.58546609155563,1.37754312361954,-2.60279771288373,0.00924664940408646
