"","Estimate","Std. Error","z value","Pr(>|z|)"
"(Intercept)",0.179998041688128,0.634354562321036,0.28374989694964,0.776602053334276
"x2",-1.12795183112512,1.06826376256797,-1.0558739055359,0.29102582730533
