"","Estimate","Std. Error","z value","Pr(>|z|)"
"(Intercept)",2.34269595328832,0.919853305893774,2.54681473478213,0.0108711130679938
"x2",-5.40136872673812,1.73874664199759,-3.10647255688308,0.00189333881581185
