"","Estimate","Std. Error","z value","Pr(>|z|)"
"(Intercept)",10.4971359826167,3.93268046109201,2.669206432221,0.00760307051317682
"x2",-16.4490592912248,6.09531070728531,-2.69864164128079,0.00696231031199374
