"","Estimate","Std. Error","z value","Pr(>|z|)"
"(Intercept)",1.63060124799467,0.780975090429554,2.08790429807154,0.0368064683997698
"x1",-3.88315505294281,1.42848791565729,-2.7183674502112,0.0065604935834375
