"","Estimate","Std. Error","z value","Pr(>|z|)"
"(Intercept)",0.257974480845677,0.629435603956491,0.409850474336226,0.681915637449573
"x1",0.508923055152671,1.04853168246581,0.48536736053206,0.627415780922112
