"","Estimate","Std. Error","z value","Pr(>|z|)"
"(Intercept)",2.2891415515779,0.882573438144092,2.59371226534031,0.00949459098908647
"x2",-4.90094170340926,1.589760898519,-3.08281686131224,0.00205051303527442
