"","Estimate","Std. Error","z value","Pr(>|z|)"
"(Intercept)",0.334960829516393,0.622331966105555,0.538234973871774,0.59041483762475
"x1",0.356653990494888,1.0383062568382,0.343495946543704,0.731225389733953
