"","Estimate","Std. Error","z value","Pr(>|z|)"
"(Intercept)",2.12881293664366,0.834714638255771,2.55034815382182,0.0107615391836506
"x1",-3.92177829287582,1.40189742883774,-2.79747876856241,0.00515031520438148
