"","Estimate","Std. Error","z value","Pr(>|z|)"
"(Intercept)",-0.658529186075237,0.666482897595714,-0.988066143108594,0.32312025576988
"x1",2.45160733795406,1.20819278050026,2.0291524477898,0.0424427652510619
