"","Estimate","Std. Error","z value","Pr(>|z|)"
"(Intercept)",2.50869310546802,0.909986269786716,2.75684720611885,0.00583616155936537
"x2",-3.65213437467347,1.40191766168335,-2.60509905431121,0.009184770222983
