"","Estimate","Std. Error","z value","Pr(>|z|)"
"(Intercept)",-0.0217412333830028,0.667852986393674,-0.0325539210364288,0.974030316021517
"x2",2.53230046304836,1.31844616161858,1.92067035937183,0.0547732786972294
