"","Estimate","Std. Error","z value","Pr(>|z|)"
"(Intercept)",-17.8229035205313,7.41778637241805,-2.4027253719254,0.01627340349536
"x2",29.718999008998,12.3998014162103,2.39673185170097,0.01654202444234
