"","Estimate","Std. Error","z value","Pr(>|z|)"
"(Intercept)",-0.429484977904674,0.618885124439223,-0.693965585768174,0.487703791204262
"x2",0.103807827987336,1.02422890446567,0.101352175802431,0.919270899088927
