"","Estimate","Std. Error","z value","Pr(>|z|)"
"(Intercept)",-0.263149638107475,0.619034211736535,-0.425097083680205,0.67076590377626
"x1",-0.233160083180202,1.02230772458937,-0.228072308926216,0.819590027075669
