"","Estimate","Std. Error","z value","Pr(>|z|)"
"(Intercept)",13.1706165841099,6.11745263230643,2.15295767302806,0.0313220052155216
"x2",-32.5964808677607,15.2441129197852,-2.13829962027204,0.0324924333687689
