"","Estimate","Std. Error","z value","Pr(>|z|)"
"(Intercept)",-0.295043678312593,0.639017153250505,-0.461714801882527,0.644285854935865
"x2",1.65655215551462,1.10813796773552,1.4948970288418,0.134941317829298
