"","Estimate","Std. Error","z value","Pr(>|z|)"
"(Intercept)",-19.1398087181644,8.85711406732011,-2.16095316969938,0.0306989570815291
"x2",32.1626847129778,14.7808274780748,2.1759732167016,0.0295572633223406
