"","Estimate","Std. Error","z value","Pr(>|z|)"
"(Intercept)",-1.7288349931741,0.916951060725638,-1.88541686380292,0.0593735789978614
"x1",7.71267052089621,2.66701997428785,2.8918683006698,0.00382958441285654
