"","Estimate","Std. Error","z value","Pr(>|z|)"
"(Intercept)",1.66209113102356,0.787160480870696,2.11150225578535,0.0347291642299825
"x1",-4.30912524934566,1.48230486188008,-2.90704386132835,0.00364862034377089
