"","Estimate","Std. Error","z value","Pr(>|z|)"
"(Intercept)",1.46316018740032,0.729382896562986,2.0060248112412,0.0448536009030352
"x2",-1.03314036540237,1.15722443991369,-0.892774408981052,0.371977993480844
