"","Estimate","Std. Error","z value","Pr(>|z|)"
"(Intercept)",0.725233992806814,0.650790722024325,1.11438895525574,0.265112359494332
"x2",-1.4420235341216,1.07652151813844,-1.33952132848696,0.180401015791288
