"","Estimate","Std. Error","z value","Pr(>|z|)"
"(Intercept)",-9.84264976028222,4.32653555803715,-2.27494946666926,0.0229089614207993
"x2",26.234415490467,11.1055325111327,2.36228343523089,0.0181627498917568
