"","Estimate","Std. Error","z value","Pr(>|z|)"
"(Intercept)",1.76876735470368,0.797306948907418,2.21842711533807,0.0265257240088039
"x1",-4.74515102542278,1.59560869870353,-2.97388139665967,0.00294058711300497
