"","Estimate","Std. Error","z value","Pr(>|z|)"
"(Intercept)",0.435504909636051,0.644527393313737,0.675696509029616,0.499233352860948
"x1",0.717211009443973,1.08675135366542,0.659958698947049,0.5092803337298
