"","Estimate","Std. Error","z value","Pr(>|z|)"
"(Intercept)",-1.29429208399318,0.719160227145784,-1.79972700816617,0.0719037543147466
"x1",2.58141911617103,1.22316340307192,2.11044502287095,0.034820041895867
