"","Estimate","Std. Error","z value","Pr(>|z|)"
"(Intercept)",-0.0658139483995891,0.626445379949935,-0.105059356339812,0.916328709711298
"x1",-0.632584918443713,1.04644201203608,-0.604510246308711,0.545504459071099
