"","Estimate","Std. Error","z value","Pr(>|z|)"
"(Intercept)",-1.04691239405517,0.867667781828512,-1.2065820766664,0.227593132700088
"x2",7.57774098458793,2.83051100905557,2.67716357941894,0.00742483751979173
