"","Estimate","Std. Error","z value","Pr(>|z|)"
"(Intercept)",-1.11622863467745,0.691680229871657,-1.61379288646803,0.106572358046793
"x1",0.914173065668965,1.10307312469879,0.82875110017624,0.40724526375089
