"","Estimate","Std. Error","z value","Pr(>|z|)"
"(Intercept)",-2.87882547987596,1.27836286856354,-2.25196268654988,0.0243246301072548
"x1",-1.0778128420201,1.96555898483469,-0.548349273838126,0.583452099972446
