"","Estimate","Std. Error","z value","Pr(>|z|)"
"(Intercept)",-0.265129163421796,0.615394534922721,-0.4308279459373,0.666593478060619
"x1",0.0292736886661888,1.01685715927337,0.0287883980549513,0.977033354057173
