"","Estimate","Std. Error","z value","Pr(>|z|)"
"(Intercept)",-0.570708806660018,0.629019584374116,-0.907298947182832,0.364248730786118
"x1",0.384463412061099,1.02532281948463,0.374968161007424,0.707684145779054
