"","Estimate","Std. Error","z value","Pr(>|z|)"
"(Intercept)",0.754086709885434,0.647127125713826,1.16528372853112,0.243904163297902
"x1",-0.2165921982124,1.0440780274063,-0.207448286935469,0.835659775164207
