"","Estimate","Std. Error","z value","Pr(>|z|)"
"(Intercept)",4.00091506920984,1.31894537448361,3.0334198418007,0.00241798939404537
"x1",-7.97005524709177,2.425585385675,-3.28582753431863,0.00101683247751623
