"","Estimate","Std. Error","z value","Pr(>|z|)"
"(Intercept)",-10.172312049533,4.27840149953575,-2.37759641086439,0.0174258869101289
"x1",25.5478261381343,10.4639869631667,2.44150018803184,0.0146263807161136
