"","Estimate","Std. Error","z value","Pr(>|z|)"
"(Intercept)",-0.545835839394326,0.640223597324028,-0.852570635752542,0.393897452331565
"x2",0.826831326873298,1.03998226104703,0.795043682803648,0.426588092392958
