"","Estimate","Std. Error","z value","Pr(>|z|)"
"(Intercept)",0.0560885881103118,0.632595638288352,0.0886642030319301,0.929348782293115
"x1",0.647728097950294,1.05464911646279,0.614164548037285,0.539106597756424
