"","Estimate","Std. Error","z value","Pr(>|z|)"
"(Intercept)",0.997244347521553,0.669645565271983,1.4892122030503,0.136431498388435
"x1",-0.95533034943104,1.07443405083015,-0.88914749927454,0.373923814077384
