"","Estimate","Std. Error","z value","Pr(>|z|)"
"(Intercept)",1.20104809403382,0.694364478192485,1.72970843376132,0.0836823811207471
"x2",-1.83880931862137,1.11845898397717,-1.64405610305233,0.100164614206342
