"","Estimate","Std. Error","z value","Pr(>|z|)"
"(Intercept)",2.48628375662761,0.917801106621372,2.70895702640866,0.006749508139128
"x1",-4.20576029557047,1.48892695498989,-2.82469215932693,0.00473260608355273
