"","Estimate","Std. Error","z value","Pr(>|z|)"
"(Intercept)",2.7319818841808,0.943498348720579,2.89558735093228,0.00378449686350472
"x2",-4.1335445629971,1.46680111345009,-2.8180675110578,0.00483136501506033
