"","Estimate","Std. Error","z value","Pr(>|z|)"
"(Intercept)",-16.5967514062459,7.39849578036768,-2.24326023815359,0.0248800378300803
"x2",27.2966403977984,11.9272420603379,2.28859616160292,0.0221028271304075
