"","Estimate","Std. Error","z value","Pr(>|z|)"
"(Intercept)",9.38112620405856,3.97852043322994,2.35794345196879,0.0183764920180618
"x1",-24.1538970935754,10.0309756191143,-2.40793099402509,0.016043213114266
