"","Estimate","Std. Error","z value","Pr(>|z|)"
"(Intercept)",-0.520691520405195,0.638573174204798,-0.815398362221528,0.414844321514529
"x2",0.786133952150836,1.04885014640623,0.749519800177783,0.453543969111521
