"","Estimate","Std. Error","z value","Pr(>|z|)"
"(Intercept)",0.915478542600804,0.683677491187558,1.33905028964842,0.180554301869212
"x2",0.0394765835090001,1.11015898359631,0.0355593965299614,0.971633684705559
