"","Estimate","Std. Error","z value","Pr(>|z|)"
"(Intercept)",0.202923115264319,0.646837480770332,0.313715765237743,0.75373692590799
"x2",1.22200668157301,1.13181759659927,1.07968517652025,0.280282397109915
