"","Estimate","Std. Error","z value","Pr(>|z|)"
"(Intercept)",1.66296418742001,0.792141499641206,2.09932718860612,0.0357880682814929
"x1",-4.36481783159257,1.51437149409788,-2.88226359820166,0.00394829280996512
