"","Estimate","Std. Error","z value","Pr(>|z|)"
"(Intercept)",0.232833207536944,0.612927547311807,0.379870685463738,0.704041408693509
"x2",0.294050699619279,1.00676544510715,0.292074684374952,0.770229522113083
