"","Estimate","Std. Error","z value","Pr(>|z|)"
"(Intercept)",-2.2835591910751,0.862680096552653,-2.6470521346214,0.00811968339820378
"x1",3.57821694670536,1.35811024270092,2.63470286446646,0.00842109653431528
