"","Estimate","Std. Error","z value","Pr(>|z|)"
"(Intercept)",1.56694409764557,0.734656523368434,2.13289346490936,0.0329334665672197
"x2",-1.7821432115321,1.15735914566473,-1.5398359430672,0.123600348185329
