"","Estimate","Std. Error","z value","Pr(>|z|)"
"(Intercept)",-2.91185503774618,1.02165602786246,-2.85013248914946,0.00437010211958665
"x1",6.22858577020198,1.90010059296324,3.2780294860539,0.00104534475519608
