"","Estimate","Std. Error","z value","Pr(>|z|)"
"(Intercept)",0.0709741897684429,0.620261487516162,0.114426239895466,0.908899914173955
"x1",0.621442138535025,1.03015031231849,0.603253846651164,0.546339831240689
