"","Estimate","Std. Error","z value","Pr(>|z|)"
"(Intercept)",1.23877029329591,0.717065972483886,1.7275541454085,0.0840681898325823
"x2",-2.45549841162931,1.21035687330154,-2.02873918080982,0.042484862901733
