"","Estimate","Std. Error","z value","Pr(>|z|)"
"(Intercept)",-1.04283661801543,0.674838937334781,-1.54531186676043,0.12227084647592
"x2",2.06775967555374,1.12102609456893,1.84452412443517,0.0651067933483992
