"","Estimate","Std. Error","z value","Pr(>|z|)"
"(Intercept)",-2.13196206495805,0.839211006119258,-2.54043625430609,0.0110714273954276
"x2",3.9501179271986,1.42196849578239,2.77792225278885,0.00547077065814167
