"","Estimate","Std. Error","z value","Pr(>|z|)"
"(Intercept)",2.45743784805866,0.958960527111939,2.56260584099287,0.0103889916911889
"x1",-6.76857823482528,2.09188396383177,-3.23563751711498,0.00121371406038346
