"","Estimate","Std. Error","z value","Pr(>|z|)"
"(Intercept)",-13.8489816229617,5.50422506885621,-2.51606383273123,0.011867368714575
"x1",20.6048852824622,7.92254971062348,2.60078964917478,0.0093009464946775
