"","Estimate","Std. Error","z value","Pr(>|z|)"
"(Intercept)",-0.622789834639958,0.654472823496217,-0.951590061926471,0.34130492360425
"x1",1.77921384006399,1.12393036866474,1.58302853065331,0.113414961668984
