"","Estimate","Std. Error","z value","Pr(>|z|)"
"(Intercept)",-0.6507182669163,0.641114937703044,-1.01497910694089,0.310115786973874
"x2",0.539222350155643,1.04117632931669,0.517897242736518,0.604529965893059
