"","Estimate","Std. Error","z value","Pr(>|z|)"
"(Intercept)",1.59971450696334,0.750781007149414,2.1307338514558,0.0331110746121487
"x1",-3.20649664340698,1.28788898045045,-2.48973063057459,0.0127839945249293
