"","Estimate","Std. Error","z value","Pr(>|z|)"
"(Intercept)",7.87190950806612,3.32315587352806,2.36880537887885,0.0178456412804223
"x1",-25.8405519535943,10.6337997718454,-2.43003935639366,0.0150971833687596
