"","Estimate","Std. Error","z value","Pr(>|z|)"
"(Intercept)",1.57225700141107,0.774827356824411,2.0291707405052,0.0424409026700351
"x1",-4.16854656082066,1.47994901881745,-2.8166825396131,0.00485224608462353
