"","Estimate","Std. Error","z value","Pr(>|z|)"
"(Intercept)",3.18911820547328,1.07649250298012,2.96250851412772,0.00305143370227589
"x1",-5.55170857272447,1.77480532740731,-3.1280662092865,0.0017596053871277
