"","Estimate","Std. Error","z value","Pr(>|z|)"
"(Intercept)",-1.11482987119411,0.719312261774797,-1.5498552303883,0.121176267215677
"x2",3.14316520382011,1.33352502445173,2.35703503585349,0.0184215087205306
