"","Estimate","Std. Error","z value","Pr(>|z|)"
"(Intercept)",2.27972304964641,0.885532691983368,2.57440868110742,0.0100411589171448
"x2",-1.52591445562391,1.31739202785465,-1.1582842641828,0.246748050810599
