"","Estimate","Std. Error","z value","Pr(>|z|)"
"(Intercept)",-11.127223746272,4.70546128995217,-2.36474663388107,0.018042409515536
"x1",30.5280146610634,12.7191740833702,2.40015699611955,0.0163880414650852
