"","Estimate","Std. Error","z value","Pr(>|z|)"
"(Intercept)",5.19448407446394,1.62763153888119,3.19143734338949,0.00141566812518672
"x2",-7.02059257623184,2.27571732246881,-3.08500203734247,0.00203550758837102
