"","Estimate","Std. Error","z value","Pr(>|z|)"
"(Intercept)",-1.16628162779162,0.70609305263325,-1.65173927634916,0.0985877122727156
"x2",2.63472907818865,1.23026887613896,2.1415880132296,0.0322266491552111
