"","Estimate","Std. Error","z value","Pr(>|z|)"
"(Intercept)",0.826978422393064,0.695338245389934,1.18931818848726,0.234314480645579
"x1",-2.85114196193543,1.3031213364369,-2.18793283650106,0.0286744949974283
