"","Estimate","Std. Error","z value","Pr(>|z|)"
"(Intercept)",-0.528386904323044,0.679994701003495,-0.777045620419222,0.437131855382287
"x2",2.8847249095516,1.31632921976516,2.19149196586721,0.0284162104990658
