"","Estimate","Std. Error","z value","Pr(>|z|)"
"(Intercept)",-6.95984963787121,2.42802452787039,-2.86646595122153,0.00415082807362109
"x1",13.0152588216245,4.30981253253673,3.01991298307441,0.0025284731806331
