"","Estimate","Std. Error","z value","Pr(>|z|)"
"(Intercept)",0.459709642126517,0.653634197794919,0.703313326746643,0.481860507329048
"x2",-1.69413754546972,1.11998154885839,-1.51264772816711,0.130369163790789
