"","Estimate","Std. Error","z value","Pr(>|z|)"
"(Intercept)",-0.588857082832128,0.641063374733182,-0.918562978390735,0.358324203710254
"x2",0.157900117287962,1.04521516227344,0.151069485965469,0.879920902881415
