"","Estimate","Std. Error","z value","Pr(>|z|)"
"(Intercept)",1.76632670698167,0.822393050077422,2.14778895178575,0.0317305250980566
"x1",-5.01540101353448,1.67981223216623,-2.98569144663673,0.00282937970279392
