"","Estimate","Std. Error","z value","Pr(>|z|)"
"(Intercept)",-0.73183491963803,0.648762183004737,-1.12804805645197,0.259299624315324
"x2",1.19681660598327,1.05866480568698,1.13049626241863,0.258267172466879
