"","Estimate","Std. Error","z value","Pr(>|z|)"
"(Intercept)",0.196558563203517,0.665196100780218,0.295489650304581,0.767619857431102
"x1",1.57235821679467,1.20042078067613,1.3098392181357,0.190250232781841
