"","Estimate","Std. Error","z value","Pr(>|z|)"
"(Intercept)",-16.3422571361024,7.40204106667719,-2.20780417034873,0.027257927239403
"x1",28.6846909617451,12.7035656625692,2.25800312476551,0.0239454646222131
