"","Estimate","Std. Error","z value","Pr(>|z|)"
"(Intercept)",1.73490365597698,0.775356323345319,2.23755659654859,0.0252499846573488
"x1",-1.77471969914201,1.19030227992705,-1.49098235723011,0.135966126994441
