"","Estimate","Std. Error","z value","Pr(>|z|)"
"(Intercept)",0.445188594802641,0.691455289724233,0.643842922917245,0.519677296902405
"x1",-3.12673483730605,1.40593116287202,-2.22396011972505,0.0261511275421606
