"","Estimate","Std. Error","z value","Pr(>|z|)"
"(Intercept)",1.05651993945426,0.673621781143017,1.56841712817174,0.116783816374408
"x2",-1.07252211371503,1.08131617703186,-0.991867260008103,0.321262281959477
