"","Estimate","Std. Error","z value","Pr(>|z|)"
"(Intercept)",1.88626047126485,0.784775074586597,2.40356827369739,0.0162359349462013
"x2",-3.50767591506336,1.334858453601,-2.62775120882729,0.00859513526190558
