"","Estimate","Std. Error","z value","Pr(>|z|)"
"(Intercept)",0.107393294096281,0.648529199793836,0.1655951561324,0.868475559509089
"x2",1.44478819420341,1.15982658404275,1.24569329077403,0.212877017722899
