"","Estimate","Std. Error","z value","Pr(>|z|)"
"(Intercept)",2.00486349342942,0.799407876811727,2.50793562533485,0.0121438788929014
"x2",-2.85288812343607,1.26398629379229,-2.25705621765617,0.0240045621853794
