"","Estimate","Std. Error","z value","Pr(>|z|)"
"(Intercept)",-3.91073944153745,1.51567833962844,-2.58019088832275,0.00987457150366536
"x1",12.4199693946895,4.21244014949527,2.94840257758384,0.00319420800056801
