"","Estimate","Std. Error","z value","Pr(>|z|)"
"(Intercept)",9.44188453678218,3.22310628840624,2.92943629279164,0.00339577414467989
"x1",-13.0000900723529,4.39625899725647,-2.95708011754215,0.00310567410458471
