"","Estimate","Std. Error","z value","Pr(>|z|)"
"(Intercept)",-0.178544899858695,0.655951739891247,-0.272192127866445,0.785474294463735
"x1",1.72215275959913,1.16961064764433,1.47241542565268,0.140908730123449
