"","Estimate","Std. Error","z value","Pr(>|z|)"
"(Intercept)",1.30300340741606,0.705975134800576,1.84567889601966,0.0649388432620023
"x1",-0.729961666594795,1.1337351892484,-0.643855525979325,0.51966912356319
