"","Estimate","Std. Error","z value","Pr(>|z|)"
"(Intercept)",2.0021193512323,0.833930728266595,2.40082213470404,0.0163582855161861
"x1",-4.74659422264866,1.57815005299903,-3.00769512609304,0.00263237073186587
