"","Estimate","Std. Error","z value","Pr(>|z|)"
"(Intercept)",2.39524705193675,0.882354464363171,2.71460863935844,0.00663541326879684
"x1",-3.57609670597553,1.39107499955054,-2.57074327921282,0.0101480522524878
