"","Estimate","Std. Error","z value","Pr(>|z|)"
"(Intercept)",-3.81834798771385,1.34661817526612,-2.83550902389926,0.0045752722510282
"x2",9.36110918056952,2.91216994716295,3.21447901407304,0.0013068146696499
