"","Estimate","Std. Error","z value","Pr(>|z|)"
"(Intercept)",1.46089137089695,0.752521133745697,1.94132935991487,0.0522183405148679
"x1",-3.91817057877827,1.42421104222118,-2.75111655690266,0.0059392506590519
