"","Estimate","Std. Error","z value","Pr(>|z|)"
"(Intercept)",-1.90404167986139,0.887249801182685,-2.14600406483422,0.0318726543939078
"x2",6.59019691251981,2.11397928745279,3.11743684133281,0.00182431031169681
