"","Estimate","Std. Error","z value","Pr(>|z|)"
"(Intercept)",0.563520350151361,0.634593196340006,0.888002508380873,0.374539402028985
"x2",-0.365965445204624,1.02767847431879,-0.356108894318534,0.721759016584324
