"","Estimate","Std. Error","z value","Pr(>|z|)"
"(Intercept)",0.332208813308689,0.631945970609225,0.525691797652297,0.599102363725327
"x1",0.631181846306744,1.0489037019514,0.601753855127483,0.547337995527359
