"","Estimate","Std. Error","z value","Pr(>|z|)"
"(Intercept)",-0.110232908297801,0.625680926194076,-0.176180707582588,0.860151976829092
"x2",-0.0287467008603145,1.01495728915807,-0.028323064593349,0.977404485091961
