"","Estimate","Std. Error","z value","Pr(>|z|)"
"(Intercept)",-2.1626673679281,0.84647417904468,-2.55491239008478,0.0106214527999356
"x1",3.63705812535242,1.37859056862355,2.6382438761233,0.00833366259015614
