"","Estimate","Std. Error","z value","Pr(>|z|)"
"(Intercept)",3.10368661804851,1.04179377296228,2.9791756282276,0.00289025063831911
"x2",-4.52645421213899,1.61827173844521,-2.7970915542824,0.00515649190833131
