"","Estimate","Std. Error","z value","Pr(>|z|)"
"(Intercept)",1.40627280583263,0.719899613015821,1.95342903428081,0.0507687786450455
"x1",-1.19589114258031,1.1313126724586,-1.0570827779922,0.290473810350565
