"","Estimate","Std. Error","z value","Pr(>|z|)"
"(Intercept)",-18.8613267479137,9.02798078302741,-2.08920767569344,0.036689032790766
"x1",32.767421392352,15.2552055757482,2.1479501688554,0.0317177142983433
