"","Estimate","Std. Error","z value","Pr(>|z|)"
"(Intercept)",-4.11627027651637,1.30726972286902,-3.14875362330165,0.00163968371229141
"x2",6.14521219434037,1.97232166138109,3.1157251449732,0.00183493214202798
