"","Estimate","Std. Error","z value","Pr(>|z|)"
"(Intercept)",0.0767765124731186,0.631023979098016,0.121669722571974,0.90316059293594
"x1",-0.654247820190251,1.04620716090914,-0.625352076181276,0.531740008202794
