"","Estimate","Std. Error","z value","Pr(>|z|)"
"(Intercept)",-2.17874624756459,0.908979336251419,-2.39691504600052,0.016533756590952
"x1",6.63527771451689,2.06424601159151,3.21438320687424,0.00130725083354292
