"","Estimate","Std. Error","z value","Pr(>|z|)"
"(Intercept)",1.79590119094656,0.784628753301062,2.28885467603743,0.0220877974315171
"x1",-1.61324151375625,1.199323479543,-1.3451262659937,0.178584462307585
