"","Estimate","Std. Error","z value","Pr(>|z|)"
"(Intercept)",3.70457082382737,1.21700756967659,3.04399982065176,0.00233455279618957
"x2",-7.52978940360233,2.2836615913712,-3.29724396646753,0.000976386497082642
