"","Estimate","Std. Error","z value","Pr(>|z|)"
"(Intercept)",-1.89133861367367,0.845023522693329,-2.23820824258884,0.0252074783961318
"x2",-0.0893118248022925,1.34190281062581,-0.0665561053267643,0.946935091093513
