"","Estimate","Std. Error","z value","Pr(>|z|)"
"(Intercept)",-0.462489596030941,0.620931696363485,-0.74483167591465,0.456373483236518
"x1",0.16780298852223,1.00869963479232,0.166355754214959,0.867876991726568
