"","Estimate","Std. Error","z value","Pr(>|z|)"
"(Intercept)",3.7815236890785,1.26278602344748,2.99458785484078,0.00274815900037441
"x1",-8.85385269083554,2.64233811219239,-3.35076448013285,0.000805888116031334
