"","Estimate","Std. Error","z value","Pr(>|z|)"
"(Intercept)",-0.268124796731908,0.621103926794157,-0.431690712560522,0.665966218424832
"x2",-0.218917873082348,1.0080035362227,-0.21717966774472,0.828068329327313
