"","Estimate","Std. Error","z value","Pr(>|z|)"
"(Intercept)",-5.38594366960455,1.7751957618424,-3.03399984687588,0.00241334552480693
"x2",9.30858598435628,2.89574989297166,3.21456835997797,0.00130640804193115
