"","Estimate","Std. Error","z value","Pr(>|z|)"
"(Intercept)",0.228042343553016,0.62853369082065,0.362816420000128,0.716742025110149
"x1",0.581093925864437,1.06865889801162,0.54375996582786,0.58660666134422
