"","Estimate","Std. Error","z value","Pr(>|z|)"
"(Intercept)",-0.153762799213418,0.618685428730895,-0.248531470231698,0.80372322400147
"x2",-0.455197411877152,1.02649190640549,-0.443449586924786,0.657440575883385
