"","Estimate","Std. Error","z value","Pr(>|z|)"
"(Intercept)",1.46700483027167,0.73359048472829,1.99975989439806,0.0455261971893675
"x2",-3.18531021760911,1.26620366222615,-2.51563813360713,0.0118817106589662
