"","Estimate","Std. Error","z value","Pr(>|z|)"
"(Intercept)",-1.84920843524053,0.819130169254007,-2.25752695316378,0.0239751672493473
"x2",4.40945174369463,1.53222564706491,2.87780833857027,0.00400448353496262
