"","Estimate","Std. Error","z value","Pr(>|z|)"
"(Intercept)",1.60433799871091,0.768707087999679,2.08706023888202,0.0368826896469586
"x1",-4.26049786881868,1.47284830470694,-2.89269292377427,0.0038195452701281
