"","Estimate","Std. Error","z value","Pr(>|z|)"
"(Intercept)",0.0134483161604381,0.616340114937499,0.0218196347025081,0.98259183168735
"x2",0.480904324312791,1.02401757207209,0.469625070339064,0.638622909901856
