"","Estimate","Std. Error","z value","Pr(>|z|)"
"(Intercept)",-2.35320030599818,0.880737543070046,-2.67185193195634,0.00754339256102234
"x1",4.0363078066237,1.4516219882204,2.78055019790102,0.00542668691502288
