"","Estimate","Std. Error","z value","Pr(>|z|)"
"(Intercept)",13.4875861093599,5.9360248945677,2.27215794221196,0.0230769724964267
"x1",-32.582390424209,13.9115373613819,-2.34211285049321,0.0191749160812945
