"","Estimate","Std. Error","z value","Pr(>|z|)"
"(Intercept)",-2.12239551191867,0.830073903752613,-2.55687536052357,0.0105617053255826
"x1",3.2948613293313,1.31186850158648,2.51157896187517,0.012019239350047
