"","Estimate","Std. Error","z value","Pr(>|z|)"
"(Intercept)",11.2388977956936,4.82132741768373,2.33107956005465,0.019749164874081
"x1",-28.2190447236054,11.8496488096352,-2.38142456176928,0.0172458226856398
