"","Estimate","Std. Error","z value","Pr(>|z|)"
"(Intercept)",1.65132119510995,0.777831861996778,2.1229796255335,0.033755559217494
"x1",-3.56937862753417,1.37328427200319,-2.59915496034013,0.00934535757725706
