"","Estimate","Std. Error","z value","Pr(>|z|)"
"(Intercept)",-7.30662578568604,2.51675753773539,-2.90319018663222,0.00369382242939953
"x1",13.6564799556359,4.54460789675702,3.00498530695706,0.00265593679160176
