"","Estimate","Std. Error","z value","Pr(>|z|)"
"(Intercept)",1.25168303860152,0.723736090969364,1.72947439573592,0.0837242251461586
"x2",-3.48772771430355,1.36001812142899,-2.56447150177597,0.0103333064706008
