"","Estimate","Std. Error","z value","Pr(>|z|)"
"(Intercept)",-0.691978477351871,0.642751888484081,-1.07658723334736,0.281664710233908
"x1",0.870726000947021,1.0430245614313,0.834808721812032,0.403825414334677
