"","Estimate","Std. Error","z value","Pr(>|z|)"
"(Intercept)",-16.3091494944406,7.10427084398975,-2.29568239339273,0.021694047867941
"x1",26.9942342515497,11.5272389130235,2.34177797955167,0.0191921279590608
