"","Estimate","Std. Error","z value","Pr(>|z|)"
"(Intercept)",2.01195485989422,0.827890727518018,2.43021789352078,0.0150897480410052
"x2",-1.3921567924738,1.2453889604859,-1.11784899067247,0.263631493846329
