"","Estimate","Std. Error","z value","Pr(>|z|)"
"(Intercept)",8.61690183034924,2.99398420453983,2.87807190742131,0.00400113924761518
"x2",-13.8019562842022,4.74328536692384,-2.90978830420931,0.00361673640779516
