"","Estimate","Std. Error","z value","Pr(>|z|)"
"(Intercept)",-1.53975626889062,0.745042038589309,-2.06667032078627,0.0387652296205507
"x2",2.7753394043345,1.24025185494511,2.23772243780061,0.025239161106813
