"","Estimate","Std. Error","z value","Pr(>|z|)"
"(Intercept)",11.4664902737813,5.00645605901657,2.29034073975946,0.0220015719009884
"x1",-28.5861212519026,12.4273138290657,-2.30026549945523,0.0214331830089916
