"","Estimate","Std. Error","z value","Pr(>|z|)"
"(Intercept)",1.63243349093183,0.829741693169776,1.96739961890503,0.0491371582569306
"x1",0.625924102651292,1.37237499383054,0.456088245169949,0.648326522676344
