"","Estimate","Std. Error","z value","Pr(>|z|)"
"(Intercept)",-1.65367318497629,0.762468178137655,-2.16884223157408,0.0300946637749066
"x2",2.47511231907272,1.24186831640844,1.99305537178926,0.0462553841161169
