"","Estimate","Std. Error","z value","Pr(>|z|)"
"(Intercept)",4.67057867667352,1.57039171936604,2.97414881846105,0.00293802545954437
"x1",-9.86994342051873,3.01828537593636,-3.27004977700519,0.00107528560940745
