"","Estimate","Std. Error","z value","Pr(>|z|)"
"(Intercept)",-1.76373553088689,0.857163257278847,-2.05764248048388,0.0396244656277889
"x2",6.28668602950825,2.073113696437,3.03248492367447,0.00242549213059968
