"","Estimate","Std. Error","z value","Pr(>|z|)"
"(Intercept)",-1.44272668090003,0.74778626154917,-1.92933028471421,0.0536898723710933
"x1",0.337701895738049,1.17165278253667,0.288226939560467,0.773173028589619
