"","Estimate","Std. Error","z value","Pr(>|z|)"
"(Intercept)",4.40387669127318,1.40269150262379,3.13959033974009,0.00169184240586954
"x2",-7.33521513276942,2.25850181268629,-3.24782344276485,0.00116291407037193
