"","Estimate","Std. Error","z value","Pr(>|z|)"
"(Intercept)",2.66157335717516,0.93435865109732,2.84855644462582,0.00439180621474452
"x1",-4.32179421998667,1.49865879354831,-2.88377463809099,0.00392939845711568
