"","Estimate","Std. Error","z value","Pr(>|z|)"
"(Intercept)",1.10408700456072,0.708888812647782,1.55748967237446,0.119354270697858
"x2",-3.08801484841013,1.29150021166163,-2.39102930106153,0.0168012119544044
