"","Estimate","Std. Error","z value","Pr(>|z|)"
"(Intercept)",2.85882738394612,0.976492000284628,2.92765059325917,0.00341533620157897
"x1",-5.0133874018505,1.6291733365763,-3.07725844101162,0.00208914085883526
