"","Estimate","Std. Error","z value","Pr(>|z|)"
"(Intercept)",-12.9834702175024,5.92452375462664,-2.1914791391229,0.0284171377199849
"x1",31.9782863342141,14.5306566668595,2.20074612368676,0.027754001587335
