"","Estimate","Std. Error","z value","Pr(>|z|)"
"(Intercept)",-4.12857030678461,1.60512437274971,-2.57211863259669,0.0101078249274213
"x2",14.7280465334543,5.09412891683771,2.89118056764788,0.00383797535433746
