"","Estimate","Std. Error","z value","Pr(>|z|)"
"(Intercept)",-2.23361354174566,0.912707885401982,-2.44723813332884,0.0143955691518936
"x1",6.20293591209126,1.94363103537895,3.19141637439529,0.00141577088620782
