"","Estimate","Std. Error","z value","Pr(>|z|)"
"(Intercept)",0.411265314609876,0.638200597428722,0.644413866528553,0.51930709505313
"x1",0.196960461423795,1.05465248073346,0.186753897631586,0.851853595225208
