"","Estimate","Std. Error","z value","Pr(>|z|)"
"(Intercept)",-1.143162523763,0.725384408540573,-1.57594030186418,0.115039561872878
"x1",3.5668045551183,1.39165263050641,2.56299918307945,0.0103772292676091
