"","Estimate","Std. Error","z value","Pr(>|z|)"
"(Intercept)",-0.166262550563831,0.770397706400689,-0.215813922059311,0.829132795802455
"x2",5.12760202641718,2.1449256104673,2.3905733613298,0.016822088030504
