"","Estimate","Std. Error","z value","Pr(>|z|)"
"(Intercept)",-1.84095775621806,0.803694502020149,-2.29061882542517,0.0219854691671683
"x2",4.35631877586641,1.48499360121657,2.93356063776808,0.0033509819053111
