"","Estimate","Std. Error","z value","Pr(>|z|)"
"(Intercept)",0.56426269559449,0.654501794648938,0.86212551318847,0.388618453157099
"x2",0.766110231971055,1.11204190342624,0.688922089725794,0.490872297588348
