"","Estimate","Std. Error","z value","Pr(>|z|)"
"(Intercept)",2.58367648007864,0.914882646094429,2.82405234278755,0.00474206398891559
"x2",-3.87322524862891,1.42744183129685,-2.71340321105066,0.00665960195899317
