"","Estimate","Std. Error","z value","Pr(>|z|)"
"(Intercept)",1.79333907265064,0.769341725398216,2.33100456331339,0.0197531190600803
"x1",-2.73108560639261,1.24351863727245,-2.196256271947,0.028073605695824
