"","Estimate","Std. Error","z value","Pr(>|z|)"
"(Intercept)",-2.90201486043561,1.27558364936112,-2.27504865077966,0.0229030115106741
"x2",-1.018047435981,1.93537553901404,-0.52602061742479,0.598873882037736
