"","Estimate","Std. Error","z value","Pr(>|z|)"
"(Intercept)",-0.743265047527204,0.645925251946329,-1.15069823526417,0.249856402797487
"x2",0.992895484991069,1.07066786946103,0.927360868212934,0.353739200923793
