"","Estimate","Std. Error","z value","Pr(>|z|)"
"(Intercept)",1.94448070248478,0.816638396445219,2.38107920341364,0.0172620000175302
"x2",-4.58942834139842,1.53102469238257,-2.99761876097267,0.00272097819357258
