"","Estimate","Std. Error","z value","Pr(>|z|)"
"(Intercept)",0.192291785637272,0.609409476842,0.315537898481233,0.752353280761112
"x2",-0.137099275321702,1.00781241195161,-0.136036502126633,0.891792424654644
