"","Estimate","Std. Error","z value","Pr(>|z|)"
"(Intercept)",-0.390643690721961,0.693718351692152,-0.56311569352185,0.573356105747482
"x1",2.96641412269019,1.38615521142112,2.14003027817423,0.0323523198896903
