"","Estimate","Std. Error","z value","Pr(>|z|)"
"(Intercept)",-2.19652117811216,0.85856123581174,-2.5583745066657,0.0105162769236698
"x2",4.42198806229993,1.51932389311251,2.91049728260442,0.00360854104633611
