"","Estimate","Std. Error","z value","Pr(>|z|)"
"(Intercept)",5.86203721900201,1.92750025814762,3.04126403834341,0.00235587138493631
"x2",-9.6217740094035,3.04822196427374,-3.15652013605773,0.00159663862964927
