"","Estimate","Std. Error","z value","Pr(>|z|)"
"(Intercept)",0.432276925478862,0.655274187123881,0.65968862191292,0.509453669788162
"x1",-2.29858097628572,1.20328562247064,-1.91025383613092,0.056100538486894
