"","Estimate","Std. Error","z value","Pr(>|z|)"
"(Intercept)",0.731379353451062,0.645194563680726,1.13357953495247,0.256970961457259
"x2",-1.20676779703079,1.05929622235561,-1.13921655865744,0.254612840759944
