"","Estimate","Std. Error","z value","Pr(>|z|)"
"(Intercept)",-1.81153942207392,0.792693988826827,-2.28529476394158,0.0222955497565768
"x2",3.9628467872652,1.41372527182414,2.80312368056624,0.00506102568247961
