"","Estimate","Std. Error","z value","Pr(>|z|)"
"(Intercept)",3.97142476086034,1.32959954805832,2.9869329954722,0.00281791476196664
"x2",-9.19657065476382,2.76840566952851,-3.32197363846972,0.000893831381199759
