"","Estimate","Std. Error","z value","Pr(>|z|)"
"(Intercept)",-10.762845140253,4.74738279405069,-2.26711129208724,0.0233834279376568
"x1",27.7952450015802,11.958427557627,2.32432273119827,0.0201082033992482
