"","Estimate","Std. Error","z value","Pr(>|z|)"
"(Intercept)",0.360814137781819,0.626342025451966,0.576065668787683,0.564570795532328
"x1",0.0350111985105229,1.01519891311816,0.0344870330908715,0.972488782293089
