"","Estimate","Std. Error","z value","Pr(>|z|)"
"(Intercept)",-1.26429773330781,0.706697494053484,-1.78902252229032,0.0736111884547641
"x2",2.8526227550639,1.24339220693765,2.29422602067743,0.0217775194133325
