"","Estimate","Std. Error","z value","Pr(>|z|)"
"(Intercept)",-2.28355919107509,0.862680096552652,-2.6470521346214,0.00811968339820382
"x1",3.57821694670535,1.35811024270092,2.63470286446646,0.00842109653431534
