"","Estimate","Std. Error","z value","Pr(>|z|)"
"(Intercept)",2.00940722194751,0.959682176229582,2.09382571826238,0.0362755082726095
"x1",-7.4004247724247,2.48083136629213,-2.98304224663421,0.00285398597084554
