"","Estimate","Std. Error","z value","Pr(>|z|)"
"(Intercept)",12.7901535455497,5.75440136260394,2.22267317477522,0.0262378460122135
"x1",-30.7333333835653,13.2356748558911,-2.32200728094239,0.0202325435858384
