"","Estimate","Std. Error","z value","Pr(>|z|)"
"(Intercept)",-1.02292828420383,0.719038772397816,-1.42263299765133,0.154842573118688
"x1",3.72887017917794,1.45919921291703,2.5554222796788,0.0106059043201231
