"","Estimate","Std. Error","z value","Pr(>|z|)"
"(Intercept)",-0.533130693487437,0.644217128365507,-0.827563673819235,0.407917647894121
"x2",0.557257114016125,1.05196629616026,0.529729056957575,0.596299798690288
