"","Estimate","Std. Error","z value","Pr(>|z|)"
"(Intercept)",10.5255289596939,4.79697523216872,2.19420123104018,0.0282209461194501
"x2",-26.9686475344874,11.9917179055705,-2.24893945528519,0.0245163483248867
