"","Estimate","Std. Error","z value","Pr(>|z|)"
"(Intercept)",-2.69051610695359,0.944592549417034,-2.84833509285466,0.004394862316519
"x2",4.30579401086254,1.49969714666456,2.87110902387121,0.00409034424992505
