"","Estimate","Std. Error","z value","Pr(>|z|)"
"(Intercept)",0.487665333657096,0.650000727864983,0.750253519344355,0.453102030941772
"x1",-2.13963550646342,1.18699191404562,-1.80256957199557,0.0714558393058142
