"","Estimate","Std. Error","z value","Pr(>|z|)"
"(Intercept)",0.0709741897684426,0.620261487516162,0.114426239895465,0.908899914173955
"x1",0.621442138535026,1.03015031231849,0.603253846651165,0.546339831240689
