"","Estimate","Std. Error","z value","Pr(>|z|)"
"(Intercept)",0.547328127307094,0.696746056342558,0.785548941862971,0.432131786953218
"x1",-2.89806911017877,1.34883052555836,-2.14857912485269,0.0316677779326811
