"","Estimate","Std. Error","z value","Pr(>|z|)"
"(Intercept)",-0.033910064032372,0.613696244555568,-0.0552554530571216,0.955934951223781
"x2",0.317299702197051,1.00343228777815,0.316214363501929,0.751839806191188
