"","Estimate","Std. Error","z value","Pr(>|z|)"
"(Intercept)",0.430675855113118,0.624068062085624,0.690110392244409,0.490124768359973
"x1",-0.104121432857264,1.0165230826665,-0.102428990184991,0.91841617384116
