"","Estimate","Std. Error","z value","Pr(>|z|)"
"(Intercept)",-3.3704156318942,1.11287094156165,-3.02857726446214,0.00245708237353832
"x2",7.22601225691955,2.13181948197236,3.3895985649939,0.000699950408974281
