"","Estimate","Std. Error","z value","Pr(>|z|)"
"(Intercept)",-0.841427858516396,0.648589122865215,-1.29732033556051,0.194520990261123
"x2",0.39369341345056,1.05251576583475,0.374049896666701,0.708367193968635
