"","Estimate","Std. Error","z value","Pr(>|z|)"
"(Intercept)",-0.574871657214751,0.626117082098861,-0.918153606810525,0.358538453145633
"x1",0.390880287514151,1.01297846974868,0.385872256111355,0.69959127875875
