"","Estimate","Std. Error","z value","Pr(>|z|)"
"(Intercept)",0.760389842649577,0.649859740184722,1.17008301273354,0.24196756389191
"x1",-0.742168450999334,1.03725146625317,-0.715514487224822,0.474291192220933
