"","Estimate","Std. Error","z value","Pr(>|z|)"
"(Intercept)",-1.68408157441735,0.758704578322945,-2.21968025834228,0.0264404798709666
"x1",2.53744781984805,1.22467530690951,2.0719351533684,0.0382714890813988
