"","Estimate","Std. Error","z value","Pr(>|z|)"
"(Intercept)",-2.34107242134473,1.17266477504997,-1.99636969674047,0.0458936967493887
"x1",13.1424834434857,4.94563722506214,2.65738929998461,0.00787484482342975
