"","Estimate","Std. Error","z value","Pr(>|z|)"
"(Intercept)",-0.885331188790147,0.665119089441474,-1.3310867224298,0.183160477312876
"x2",1.50526445709558,1.09490164472104,1.37479422407762,0.169195249312102
