"","Estimate","Std. Error","z value","Pr(>|z|)"
"(Intercept)",-0.263890675830166,0.608075495251031,-0.433976830000729,0.664305266525535
"x1",0.279793797027922,0.99312110466996,0.281731800595361,0.778149168426162
