"","Estimate","Std. Error","z value","Pr(>|z|)"
"(Intercept)",2.80200653338203,1.00489103900268,2.78836851422511,0.00529742465023245
"x1",-2.37686283495974,1.42464157526029,-1.66839356385165,0.0952376250903245
