"","Estimate","Std. Error","z value","Pr(>|z|)"
"(Intercept)",0.832110668116458,0.682557027354366,1.21910790566727,0.222803239702213
"x2",-2.87592224249111,1.27672342561123,-2.25258046088899,0.0242856142431662
