"","Estimate","Std. Error","z value","Pr(>|z|)"
"(Intercept)",3.16562950516359,1.06884993071608,2.96171559186309,0.00305930230210098
"x1",-4.45720386680424,1.58444621799093,-2.81309887088244,0.00490665618747349
