"","Estimate","Std. Error","z value","Pr(>|z|)"
"(Intercept)",-4.65644406850248,1.50815201143277,-3.08751639967563,0.00201836634562762
"x2",6.55804198380551,2.17747426904673,3.0117655473727,0.00259733117420482
