"","Estimate","Std. Error","z value","Pr(>|z|)"
"(Intercept)",1.27602221755663,0.698116645955415,1.82780660645946,0.067578581379572
"x1",-2.03402356279655,1.1496867465961,-1.76919806096636,0.0768608276830199
