"","Estimate","Std. Error","z value","Pr(>|z|)"
"(Intercept)",-2.3514718754093,0.913100761318137,-2.57526000965627,0.0100164757630078
"x2",6.03522118377283,1.8751977379278,3.21844521337899,0.00128887590364227
