"","Estimate","Std. Error","z value","Pr(>|z|)"
"(Intercept)",-0.0565032219050607,0.696929253238296,-0.0810745447152883,0.935382669405875
"x1",-2.7916663142373,1.43084921344933,-1.95105556056984,0.0510504368157811
