"","Estimate","Std. Error","z value","Pr(>|z|)"
"(Intercept)",1.58918206086991,0.766547497553987,2.07316841544836,0.0381566086980825
"x1",-3.77855629223108,1.38469658752739,-2.72879728762698,0.00635657654513288
