"","Estimate","Std. Error","z value","Pr(>|z|)"
"(Intercept)",1.65311363093475,0.747875967543025,2.21041148890729,0.0270766171720397
"x1",-2.7685002336473,1.23442741284293,-2.24274040323793,0.0249135595895609
