"","Estimate","Std. Error","z value","Pr(>|z|)"
"(Intercept)",1.72505862050067,0.782182759765216,2.20544188549805,0.0274231015823594
"x1",-3.72303787856944,1.36358909639251,-2.73032241781564,0.00632724112005493
