"","Estimate","Std. Error","z value","Pr(>|z|)"
"(Intercept)",-1.39722596888167,0.717026199731445,-1.94864004886431,0.0513384258856992
"x2",0.590802416902303,1.12293668241549,0.526122644449959,0.598802996197612
