"","Estimate","Std. Error","z value","Pr(>|z|)"
"(Intercept)",1.38013551257498,0.709640593263502,1.94483732424043,0.0517945603603084
"x1",-1.14410038779576,1.1078666274412,-1.03270588666277,0.301741557882126
