"","Estimate","Std. Error","z value","Pr(>|z|)"
"(Intercept)",3.30067880110792,1.08912877912762,3.0305679772338,0.00244094233750181
"x1",-4.49888658074402,1.62578852748573,-2.76720280939706,0.00565395696032782
