"","Estimate","Std. Error","z value","Pr(>|z|)"
"(Intercept)",-1.68128929219525,0.765705967551201,-2.19573748076193,0.0281107388053261
"x2",3.03486922294344,1.27401131946942,2.38213678054865,0.01721250280277
