"","Estimate","Std. Error","z value","Pr(>|z|)"
"(Intercept)",-1.23869596939684,0.683499907134897,-1.81228403466684,0.0699423201470362
"x1",1.41735673334329,1.08212047662161,1.30979568723096,0.190264962526676
