"","Estimate","Std. Error","z value","Pr(>|z|)"
"(Intercept)",-1.04137981565343,0.69560831680044,-1.49707786767619,0.134372997887361
"x2",2.67667518046479,1.24247825443036,2.15430344226987,0.03121638310936
