"","Estimate","Std. Error","z value","Pr(>|z|)"
"(Intercept)",-1.23726241690535,0.709740100887535,-1.74326125205289,0.081287990442784
"x2",2.48661352382851,1.20555603840085,2.0626279033258,0.0391479945594675
