"","Estimate","Std. Error","z value","Pr(>|z|)"
"(Intercept)",-9.07411080464346,3.72696572700406,-2.43471807076094,0.014903396552063
"x2",21.1759905217288,8.50722138156397,2.48917826067385,0.0128038749369603
