"","Estimate","Std. Error","z value","Pr(>|z|)"
"(Intercept)",0.542914659221632,0.630658456284802,0.860869546441878,0.389309896009336
"x2",-0.330631893972491,1.03605367125271,-0.319126222073726,0.749630800095226
