"","Estimate","Std. Error","z value","Pr(>|z|)"
"(Intercept)",2.68886128742243,0.960592214454791,2.79917039401424,0.00512340933697117
"x2",-3.43583517334602,1.44317396108392,-2.38074914459064,0.017277473123322
