"","Estimate","Std. Error","z value","Pr(>|z|)"
"(Intercept)",1.20908774197715,0.691570940834036,1.7483206285663,0.0804085231599183
"x1",-0.826775052782972,1.09742202823109,-0.753379312164555,0.451222010852942
