"","Estimate","Std. Error","z value","Pr(>|z|)"
"(Intercept)",1.17118393444528,0.680367448651348,1.72139913037704,0.0851784219713735
"x1",-0.46631087682024,1.07823691436054,-0.432475340632157,0.665395970873593
