"","Estimate","Std. Error","z value","Pr(>|z|)"
"(Intercept)",17.0680256746144,7.38124678208192,2.31234995638505,0.020758405774081
"x1",-35.1745962223608,15.1610467267124,-2.32006383572358,0.0203374243231297
