"","Estimate","Std. Error","z value","Pr(>|z|)"
"(Intercept)",1.35494790666339,0.74769308492,1.81217124244016,0.069959741063256
"x1",-4.03095637535631,1.45748434942632,-2.76569444944155,0.00568017292295539
