"","Estimate","Std. Error","z value","Pr(>|z|)"
"(Intercept)",12.6826944436956,5.11870924184496,2.47771339305929,0.013222731281993
"x1",-20.5744123466508,8.23081211286961,-2.49968193472439,0.0124304853731435
