"","Estimate","Std. Error","z value","Pr(>|z|)"
"(Intercept)",-0.0736985475662809,0.61372868460337,-0.120083270368745,0.904417184797898
"x2",-0.617003541585945,1.01566012461215,-0.607490169825818,0.543525664371185
