"","Estimate","Std. Error","z value","Pr(>|z|)"
"(Intercept)",3.12677562964181,1.07939428711969,2.8967872694467,0.00377005303035905
"x1",-3.54453321590168,1.54160082959955,-2.29925487055064,0.0214904708538427
