"","Estimate","Std. Error","z value","Pr(>|z|)"
"(Intercept)",-1.98360193547671,0.880760095107328,-2.25214782833115,0.0243129316832922
"x2",6.14992975101636,1.95175199803773,3.15097909836876,0.00162724134796036
