"","Estimate","Std. Error","z value","Pr(>|z|)"
"(Intercept)",2.37706491173434,0.894194279892306,2.65833160107066,0.00785285845526908
"x1",-4.38578780936295,1.5106806369694,-2.9031866180276,0.00369386452263855
