"","Estimate","Std. Error","z value","Pr(>|z|)"
"(Intercept)",0.0357107320405484,0.620125874132317,0.057586263579979,0.954078191590019
"x2",-0.319823417641185,1.01568368201331,-0.314884863570146,0.752849074561096
