"","Estimate","Std. Error","z value","Pr(>|z|)"
"(Intercept)",-0.327505606955343,0.651452447968397,-0.502731408833743,0.615153123864431
"x1",1.74157578204154,1.14965078596113,1.51487373671088,0.129804382530383
