"","Estimate","Std. Error","z value","Pr(>|z|)"
"(Intercept)",-1.89524659917431,0.823235671653066,-2.30219202645657,0.021324345439608
"x1",4.90024698934216,1.62544375323083,3.01471335418536,0.00257222227587784
