"","Estimate","Std. Error","z value","Pr(>|z|)"
"(Intercept)",1.51712466286233,0.761282492842087,1.99285373974444,0.046277465153378
"x1",-4.04554731316175,1.44807611481363,-2.79373941174522,0.0052102445579074
