"","Estimate","Std. Error","z value","Pr(>|z|)"
"(Intercept)",-1.89503762223068,0.789425789063599,-2.40052662135416,0.0163714998738874
"x1",2.8853944639758,1.25610348531843,2.29709932159319,0.0216131044725577
