"","Estimate","Std. Error","z value","Pr(>|z|)"
"(Intercept)",19.7887130322242,9.04904255457615,2.18682948089541,0.0287549744608021
"x2",-31.9141682727741,14.5745816683553,-2.18971418864577,0.0285449714172664
