"","Estimate","Std. Error","z value","Pr(>|z|)"
"(Intercept)",0.801709441948842,0.646394639522308,1.2402786052516,0.214872362953264
"x2",-1.09251602540484,1.05082992040624,-1.03966969743542,0.298493383612307
