"","Estimate","Std. Error","z value","Pr(>|z|)"
"(Intercept)",-10.3133665093872,4.4660306806887,-2.30929145963609,0.0209274132554406
"x2",25.723720083401,10.8354731530742,2.37402831606876,0.0175952010795073
