"","Estimate","Std. Error","z value","Pr(>|z|)"
"(Intercept)",-2.40906900769435,1.01238546548085,-2.37959659619384,0.0173315998574954
"x2",8.07478969683911,2.56356645273385,3.14982655831994,0.00163367417222781
