"","Estimate","Std. Error","z value","Pr(>|z|)"
"(Intercept)",-16.5967514062459,7.3984957803677,-2.24326023815358,0.0248800378300805
"x2",27.2966403977984,11.927242060338,2.28859616160292,0.0221028271304079
