"","Estimate","Std. Error","z value","Pr(>|z|)"
"(Intercept)",0.67133392975689,0.647692664743346,1.0365007453387,0.299968591883721
"x1",0.230611035663425,1.0600944458894,0.217538198183791,0.827788941814608
