"","Estimate","Std. Error","z value","Pr(>|z|)"
"(Intercept)",0.25685047899164,0.647321930453081,0.396789397837738,0.691522769627041
"x1",-1.57539959183759,1.12539229830392,-1.3998670456621,0.161553136005169
