"","Estimate","Std. Error","z value","Pr(>|z|)"
"(Intercept)",-12.9834702175024,5.92452375462666,-2.1914791391229,0.0284171377199852
"x1",31.9782863342141,14.5306566668595,2.20074612368676,0.0277540015873352
