"","Estimate","Std. Error","z value","Pr(>|z|)"
"(Intercept)",-2.24705142387462,0.850717260533697,-2.64136103511634,0.00825736740377311
"x1",4.53387029444317,1.50205615246087,3.01844261082728,0.00254077519440997
