"","Estimate","Std. Error","z value","Pr(>|z|)"
"(Intercept)",1.07830777362063,0.701888301460603,1.53629540680008,0.124465945523517
"x2",-3.09859766759818,1.29883503196597,-2.38567454013619,0.0170478305895165
