"","Estimate","Std. Error","z value","Pr(>|z|)"
"(Intercept)",-1.11726567102935,0.692156937524536,-1.61417969026676,0.106488455969501
"x1",2.51018983798991,1.18629305671584,2.11599471461055,0.0343452570948813
