"","Estimate","Std. Error","z value","Pr(>|z|)"
"(Intercept)",0.953547198168824,0.711219747069411,1.34072092640555,0.180011077660023
"x1",1.0967437964413,1.26262028634865,0.868625198168603,0.385052167352516
