"","Estimate","Std. Error","z value","Pr(>|z|)"
"(Intercept)",-0.988108824027143,0.689702270012998,-1.43265995631495,0.151955038407964
"x2",2.5631358706996,1.2271769948473,2.08864400283069,0.0367397810422364
