"","Estimate","Std. Error","z value","Pr(>|z|)"
"(Intercept)",1.29025801975613,0.732871650458857,1.76055114009157,0.0783144045842218
"x2",-4.00329935735634,1.46338677147751,-2.73563997938454,0.00622591002959907
