"","Estimate","Std. Error","z value","Pr(>|z|)"
"(Intercept)",-18.4647750066672,8.42603948644745,-2.19139431240101,0.0284232703383413
"x1",30.9645081841211,14.1372389915279,2.19027974293123,0.0285039550319258
