"","Estimate","Std. Error","z value","Pr(>|z|)"
"(Intercept)",-1.06709848206517,0.701236650535722,-1.52173803415714,0.128074733484056
"x1",3.07085058059389,1.30318665637289,2.35641653141298,0.0184522140083554
