"","Estimate","Std. Error","z value","Pr(>|z|)"
"(Intercept)",14.3982462184142,6.20972724689238,2.3186600064632,0.0204134786653689
"x1",-30.926403322457,13.2119660027888,-2.34078738288678,0.0192431222654618
