"","Estimate","Std. Error","z value","Pr(>|z|)"
"(Intercept)",0.958462741010616,0.68036299589,1.40875201444021,0.158908508662093
"x1",-2.45905291384795,1.1805849392219,-2.08291062519285,0.0372593709368042
