"","Estimate","Std. Error","z value","Pr(>|z|)"
"(Intercept)",2.53636383667907,0.951980443824231,2.66430245824185,0.00771481627501199
"x2",-6.4384837737964,1.972942776053,-3.26339103796868,0.00110087507627168
