"","Estimate","Std. Error","z value","Pr(>|z|)"
"(Intercept)",13.1706165841098,6.11745263230642,2.15295767302806,0.0313220052155217
"x2",-32.5964808677606,15.2441129197851,-2.13829962027204,0.0324924333687689
