"","Estimate","Std. Error","z value","Pr(>|z|)"
"(Intercept)",18.3382475399954,8.6379615669407,2.12298322907337,0.0337552572390876
"x2",-32.8951049635303,15.3781305569081,-2.13908347583596,0.0324289084186697
