"","Estimate","Std. Error","z value","Pr(>|z|)"
"(Intercept)",-0.21202154011692,0.634139655538253,-0.33434518447984,0.738119097969801
"x1",1.2082486701155,1.08301922558233,1.11562993673158,0.264580572251995
