"","Estimate","Std. Error","z value","Pr(>|z|)"
"(Intercept)",-0.45739511423263,0.640978845628926,-0.713588470745608,0.475481688823524
"x1",0.156163676470652,1.04806638428552,0.149001703338774,0.88155228890005
