"","Estimate","Std. Error","z value","Pr(>|z|)"
"(Intercept)",0.920376986191402,0.700339728113418,1.31418645729369,0.188783464783696
"x1",-3.07048879952502,1.32182881447899,-2.32290956732947,0.0201840110603184
