"","Estimate","Std. Error","z value","Pr(>|z|)"
"(Intercept)",-2.68114588229126,0.96735721031129,-2.7716192671252,0.00557782344700772
"x1",6.20935547329621,1.87664957448758,3.30874530744061,0.000937150469561385
