"","Estimate","Std. Error","z value","Pr(>|z|)"
"(Intercept)",2.07186137051172,0.84947856713896,2.43898015872224,0.0147287769279123
"x2",-4.83680297937615,1.58502157060091,-3.05156918308843,0.00227648580461655
