"","Estimate","Std. Error","z value","Pr(>|z|)"
"(Intercept)",1.70522948933033,0.759529701336041,2.24511231928227,0.0247609229486379
"x1",-1.73115377264658,1.16412063734829,-1.48709138649919,0.136990676166854
