"","Estimate","Std. Error","z value","Pr(>|z|)"
"(Intercept)",10.2588860583618,4.41961487827578,2.32121719672644,0.0202751245205037
"x2",-25.8507386261353,10.9147326946195,-2.36842617674721,0.0178639450626081
