"","Estimate","Std. Error","z value","Pr(>|z|)"
"(Intercept)",-6.27048744059192,2.29976421113441,-2.7265784075746,0.00639947463665233
"x1",16.1361884078851,5.68860480535678,2.83658101766713,0.00455994076180242
