"","Estimate","Std. Error","z value","Pr(>|z|)"
"(Intercept)",-4.09180172645334,1.49088686947596,-2.74454206434293,0.00605953881472334
"x2",11.2534346639773,3.64893846195605,3.08402972023396,0.00204217193470288
