"","Estimate","Std. Error","z value","Pr(>|z|)"
"(Intercept)",3.80810679985708,1.21450011802477,3.13553431847374,0.00171541356311024
"x1",-6.44868125197183,1.98169366385493,-3.2541261899316,0.00113741742899392
