"","Estimate","Std. Error","z value","Pr(>|z|)"
"(Intercept)",-1.94868429140599,0.799353118843677,-2.43782659436534,0.0147758600821236
"x1",3.26736823367708,1.30034138002681,2.5127003445893,0.0119811054414414
