"","Estimate","Std. Error","z value","Pr(>|z|)"
"(Intercept)",-1.36691232690267,0.716463660532836,-1.90785995466412,0.0564093192548101
"x1",2.50228861265079,1.21583085957293,2.05808940688488,0.0395815516977296
