"","Estimate","Std. Error","z value","Pr(>|z|)"
"(Intercept)",-3.03464903780165,1.02421508959134,-2.96290209804708,0.00304753481327394
"x2",5.61924388827164,1.74528100465468,3.21967859232127,0.0012833439431998
