"","Estimate","Std. Error","z value","Pr(>|z|)"
"(Intercept)",1.08336970131269,0.67613720557578,1.60229268908538,0.109090901604774
"x2",-1.40584803636943,1.11034788076149,-1.26613294871629,0.20546548809967
