"","Estimate","Std. Error","z value","Pr(>|z|)"
"(Intercept)",-0.653488663713977,0.69600856834,-0.938908935090505,0.347777501314226
"x1",3.1892471033667,1.37353284399699,2.32192999046602,0.0202367056461563
