"","Estimate","Std. Error","z value","Pr(>|z|)"
"(Intercept)",16.1904777297704,6.80205285243601,2.38023403831273,0.0173016455317408
"x1",-26.5441219487073,11.0469146488018,-2.402853900169,0.0162676852711305
