"","Estimate","Std. Error","z value","Pr(>|z|)"
"(Intercept)",1.08220433062932,0.685197278235249,1.5794054719782,0.114243083060054
"x1",0.0260226869636372,1.11986849284542,0.0232372703847729,0.981461009158552
