"","Estimate","Std. Error","z value","Pr(>|z|)"
"(Intercept)",1.59921458135517,0.749742037253384,2.13301976132185,0.0329231051573308
"x1",-0.638195295490338,1.15112195163989,-0.554411541349865,0.579297229260291
