"","Estimate","Std. Error","z value","Pr(>|z|)"
"(Intercept)",2.55348250136003,0.945028838080517,2.70201542901749,0.00689205640781773
"x1",-1.99482288929649,1.37724457052888,-1.44841586743773,0.147500779775467
