"","Estimate","Std. Error","z value","Pr(>|z|)"
"(Intercept)",-7.62610275894236,2.55316881839888,-2.98691676946171,0.00281806432521064
"x1",11.421704343505,3.72931132251139,3.0626845966331,0.00219361131968065
