"","Estimate","Std. Error","z value","Pr(>|z|)"
"(Intercept)",-0.832429079851628,0.651850084348037,-1.27702534653225,0.201593298904798
"x2",0.890293046192229,1.04746286869103,0.849951891187123,0.395351833837997
