"","Estimate","Std. Error","z value","Pr(>|z|)"
"(Intercept)",0.375678782655124,0.624336660837191,0.601724688329796,0.547357413412747
"x2",0.00570509375042684,1.02726670185094,0.0055536636592497,0.995568840288914
