"","Estimate","Std. Error","z value","Pr(>|z|)"
"(Intercept)",0.848674778400937,0.7725784791807,1.09849652982948,0.271987732125682
"x1",2.66156767250716,1.66055838564733,1.60281486969193,0.108975532929222
