"","Estimate","Std. Error","z value","Pr(>|z|)"
"(Intercept)",-0.0310263681684262,0.614598683682811,-0.0504823212157067,0.959738037066621
"x2",-0.443239605411271,1.01516311639657,-0.436619099189299,0.662387609116453
