"","Estimate","Std. Error","z value","Pr(>|z|)"
"(Intercept)",-3.60637721386739,1.51824467381462,-2.37535970062473,0.0175318559594329
"x2",14.51874218397,5.157833164398,2.81489178133673,0.00487936618959823
