"","Estimate","Std. Error","z value","Pr(>|z|)"
"(Intercept)",1.63058504869479,0.765175137011917,2.13099585940859,0.0330894833004226
"x2",-3.92810060556903,1.40237566347499,-2.8010330668713,0.00509392991260297
