"","Estimate","Std. Error","z value","Pr(>|z|)"
"(Intercept)",-13.5542547483621,6.13825757230281,-2.20815998493154,0.0272331227167748
"x1",33.6684607293497,15.0906533384641,2.23108038957685,0.0256758044921235
