"","Estimate","Std. Error","z value","Pr(>|z|)"
"(Intercept)",1.0396218373431,0.766949436464758,1.35552852367325,0.175249227145703
"x2",-4.58352288500775,1.70177362153976,-2.69337991081363,0.00707316209978897
