"","Estimate","Std. Error","z value","Pr(>|z|)"
"(Intercept)",-0.232423284458483,0.617045378573309,-0.376671299274418,0.706417894359795
"x2",0.212283696351214,0.99617133964872,0.213099582272736,0.831249290459395
