"","Estimate","Std. Error","z value","Pr(>|z|)"
"(Intercept)",-0.352797818037115,0.627432422652876,-0.562288152954281,0.573919708706911
"x2",-0.051177884294012,1.02429278381573,-0.0499641168059022,0.960150983229514
