"","Estimate","Std. Error","z value","Pr(>|z|)"
"(Intercept)",0.483284200269538,0.659476640553863,0.732829899575595,0.463662182644341
"x2",0.929893583391381,1.12655498653695,0.825431154718768,0.409126853423411
