"","Estimate","Std. Error","z value","Pr(>|z|)"
"(Intercept)",2.74530680655972,0.973437476187918,2.82021893928989,0.00479908937009984
"x1",-4.40055922073883,1.54998111603792,-2.8391050543813,0.00452402598788114
