"","Estimate","Std. Error","z value","Pr(>|z|)"
"(Intercept)",0.0834562376792367,0.625059627147786,0.133517242283038,0.893784328984036
"x1",-0.943029450878238,1.05503046575687,-0.893840966195905,0.371406987028764
