"","Estimate","Std. Error","z value","Pr(>|z|)"
"(Intercept)",0.0575617523249488,0.646208815714975,0.089076086436954,0.929021442091887
"x1",-1.46791957290991,1.14078080262435,-1.28676742239436,0.198175365012969
