"","Estimate","Std. Error","z value","Pr(>|z|)"
"(Intercept)",-1.0228991972644,0.704145557192151,-1.45268146168998,0.14631221646715
"x1",2.93707944140266,1.28773871983301,2.28080385886317,0.0225600559442557
