"","Estimate","Std. Error","z value","Pr(>|z|)"
"(Intercept)",-0.506607888018671,0.630328830736512,-0.803720000284171,0.421558700724993
"x1",0.254865666842435,1.02567408417673,0.24848601595214,0.803758388511122
