"","Estimate","Std. Error","z value","Pr(>|z|)"
"(Intercept)",-0.612914500643945,0.795443613737285,-0.7705316757328,0.440984572781605
"x2",5.63243261447862,2.20341954582435,2.55622340518515,0.0105815158321589
