"","Estimate","Std. Error","z value","Pr(>|z|)"
"(Intercept)",10.1697242568846,4.52419453202117,2.24785300121506,0.024585564914817
"x2",-25.8441735826863,11.1436818014263,-2.31917727401175,0.020385426183483
