"","Estimate","Std. Error","z value","Pr(>|z|)"
"(Intercept)",2.09682630027751,0.831288101668615,2.52238218743734,0.0116562988109666
"x2",-4.20028360022302,1.44283926106543,-2.91112372220965,0.0036013138422702
