"","Estimate","Std. Error","z value","Pr(>|z|)"
"(Intercept)",-1.84148748124002,0.773852967198288,-2.37963483929909,0.0173298014771447
"x1",3.39209380494232,1.30007822659157,2.60914592334601,0.0090768526685638
