"","Estimate","Std. Error","z value","Pr(>|z|)"
"(Intercept)",-2.38300510037145,0.88838114928616,-2.68241295111481,0.00730931715389269
"x2",4.42802675956964,1.52295966696398,2.90751413554958,0.00364313878722065
