"","Estimate","Std. Error","z value","Pr(>|z|)"
"(Intercept)",-0.529340128247805,0.633739355016241,-0.835264725250081,0.403568673839343
"x2",0.298452254147506,1.02738775047421,0.290496216262799,0.771436645029239
