"","Estimate","Std. Error","z value","Pr(>|z|)"
"(Intercept)",-1.27302226377574,0.782656379368568,-1.62654045547139,0.103834734526729
"x1",5.55213590835337,1.92665387138098,2.88175057846468,0.00395472645088152
