"","Estimate","Std. Error","z value","Pr(>|z|)"
"(Intercept)",0.975544480624088,0.669437396204786,1.45726021007297,0.145044565902172
"x1",-1.17651740361606,1.08666948424107,-1.08268192001153,0.278949631786518
