"","Estimate","Std. Error","z value","Pr(>|z|)"
"(Intercept)",-1.40488198040818,0.709489139863794,-1.98013176167557,0.0476887250443584
"x2",1.71743814932899,1.11648082627535,1.53826031662225,0.123984978415229
