"","Estimate","Std. Error","z value","Pr(>|z|)"
"(Intercept)",-8.4955637563843,3.07339641371005,-2.76422648197499,0.0057057920725456
"x2",14.1555649574613,4.91256009531548,2.88150469059091,0.00395781343743017
