"","Estimate","Std. Error","z value","Pr(>|z|)"
"(Intercept)",-2.92832054754344,1.19837093940958,-2.4435844121739,0.0145421672319265
"x2",10.6622628290756,3.47424313773303,3.06894549586211,0.00214815778822933
