"","Estimate","Std. Error","z value","Pr(>|z|)"
"(Intercept)",2.08419082937263,0.837197842658776,2.48948423320544,0.0127928592651266
"x1",-3.81561456198047,1.39599458854628,-2.73325884877095,0.00627110266229291
