"","Estimate","Std. Error","z value","Pr(>|z|)"
"(Intercept)",1.72004545425354,0.772004675809192,2.22802465859503,0.0258788707014854
"x1",-1.48128540743971,1.18568852391075,-1.24930399305375,0.211553908009446
