"","Estimate","Std. Error","z value","Pr(>|z|)"
"(Intercept)",-0.366205817295349,0.622924403468009,-0.587881635807763,0.556611743603017
"x1",0.232398783382236,1.02560035021545,0.226597800335594,0.820736502884751
