"","Estimate","Std. Error","z value","Pr(>|z|)"
"(Intercept)",2.15665731981045,0.849180540040647,2.539692348234,0.0110950017682683
"x1",-1.96132752841056,1.27095349648097,-1.54319377840425,0.122783766409585
