"","Estimate","Std. Error","z value","Pr(>|z|)"
"(Intercept)",-10.7014278950389,4.57618397829019,-2.33850473359625,0.0193610804032079
"x2",26.8436062913574,11.2065255781117,2.39535492996935,0.0166042834180974
