"","Estimate","Std. Error","z value","Pr(>|z|)"
"(Intercept)",1.17939610295005,0.684891395422953,1.72201915636816,0.0850660483876092
"x1",-2.11936858551715,1.14526187169106,-1.85055369248236,0.0642337868956579
