"","Estimate","Std. Error","z value","Pr(>|z|)"
"(Intercept)",14.4336174994792,7.00365512404597,2.06086925238845,0.0393155153972798
"x1",-36.4341178952072,17.4474125657946,-2.08822470138844,0.0367775701060736
