"","Estimate","Std. Error","z value","Pr(>|z|)"
"(Intercept)",-6.66497158501142,2.19891957202373,-3.03102108408515,0.00243728227967687
"x1",12.5471438708915,3.96248595250819,3.16648286486652,0.00154294436089559
