"","Estimate","Std. Error","z value","Pr(>|z|)"
"(Intercept)",-3.31695632017716,1.09648753303101,-3.02507435812619,0.00248572006858867
"x2",5.45517937697473,1.75977244833902,3.0999345296738,0.00193563422926643
