"","Estimate","Std. Error","z value","Pr(>|z|)"
"(Intercept)",2.80213176915425,0.974845365348121,2.87443718640812,0.00404748270745842
"x1",-4.80938691108754,1.58866138688447,-3.02732032816587,0.00246732342971602
