"","Estimate","Std. Error","z value","Pr(>|z|)"
"(Intercept)",9.17724505856754,3.72267310792024,2.46522990134222,0.0136925364871835
"x1",-21.6183207994191,8.6244474371096,-2.50663256481788,0.0121887342611635
