"","Estimate","Std. Error","z value","Pr(>|z|)"
"(Intercept)",-12.4701445982961,5.43558482538308,-2.29416796883807,0.021780852421054
"x1",26.4461867776419,11.2431516051199,2.35220405331889,0.0186625339502648
