"","Estimate","Std. Error","z value","Pr(>|z|)"
"(Intercept)",0.0544841851786083,0.663540170524912,0.0821113590387558,0.934558160421629
"x2",1.88512549698256,1.21386474125004,1.55299468954116,0.120424403302018
