"","Estimate","Std. Error","z value","Pr(>|z|)"
"(Intercept)",-2.77477293559749,0.981233020547282,-2.8278430072093,0.00468627819258606
"x2",5.48917349033448,1.72888847448233,3.1749725742015,0.00149850663713956
