"","Estimate","Std. Error","z value","Pr(>|z|)"
"(Intercept)",0.437309878152619,0.639657937250456,0.683662083569818,0.494188571445633
"x2",0.7183970096471,1.08191882960419,0.664002686698703,0.50668859151831
