"","Estimate","Std. Error","z value","Pr(>|z|)"
"(Intercept)",0.598386677915867,0.6317414602873,0.947201846850033,0.343535934468237
"x2",-0.180546956591928,1.04335189276065,-0.173045122977839,0.862615959588335
