"","Estimate","Std. Error","z value","Pr(>|z|)"
"(Intercept)",1.32299643072509,0.757158223143363,1.74731831509752,0.0805821378390977
"x1",-4.39423575770523,1.55809641485011,-2.82025920592851,0.00479848715600956
