"","Estimate","Std. Error","z value","Pr(>|z|)"
"(Intercept)",-1.40443030083681,0.765920172107821,-1.83365101479414,0.0667058143590287
"x1",4.17059304684373,1.51385236214474,2.75495362106188,0.00587004557048316
