"","Estimate","Std. Error","z value","Pr(>|z|)"
"(Intercept)",-14.4874350243002,6.4344741837262,-2.25153363128586,0.0243517592770219
"x2",34.6353553985447,14.875510483773,2.32834734890791,0.0198936669883007
