"","Estimate","Std. Error","z value","Pr(>|z|)"
"(Intercept)",-1.69272390947686,0.813851948318151,-2.07989169648722,0.0375354678201641
"x2",4.86111637338156,1.63403871856921,2.97490892849713,0.00293075542506794
