"","Estimate","Std. Error","z value","Pr(>|z|)"
"(Intercept)",17.2083309805112,8.37901518024126,2.0537414732331,0.0400007202154643
"x1",-34.7303264680869,16.6203176591928,-2.08963072669537,0.036650984159297
