"","Estimate","Std. Error","z value","Pr(>|z|)"
"(Intercept)",0.492236715857395,0.637716325764727,0.771874101336706,0.440188997817895
"x1",0.601842810624843,1.06811164787633,0.563464326806523,0.573118744926296
