"","Estimate","Std. Error","z value","Pr(>|z|)"
"(Intercept)",-9.8789199708183,4.44296846251222,-2.22349540721979,0.0261824127391474
"x1",25.4198422842899,11.2225262569663,2.26507309515188,0.0235081943501349
