"","Estimate","Std. Error","z value","Pr(>|z|)"
"(Intercept)",2.07899493779276,0.834944332797959,2.48998029704076,0.0127750177162584
"x1",-1.16752875669567,1.24386635044432,-0.938628781362746,0.347921370383181
