"","Estimate","Std. Error","z value","Pr(>|z|)"
"(Intercept)",0.795216445219849,0.666201587461511,1.19365738567201,0.232612016406755
"x1",0.284242320913475,1.10319281112708,0.257654254130859,0.796673754168951
