"","Estimate","Std. Error","z value","Pr(>|z|)"
"(Intercept)",0.224030470698546,0.622764799637097,0.359735281809593,0.719045104872401
"x2",-0.444540929521595,1.01688707026834,-0.43715860149966,0.66199633054281
