"","Estimate","Std. Error","z value","Pr(>|z|)"
"(Intercept)",-1.19371345408973,0.683954515789248,-1.74531116694544,0.0809307191667389
"x1",1.05690501832285,1.070219857416,0.987558781496265,0.323368781381581
