"","Estimate","Std. Error","z value","Pr(>|z|)"
"(Intercept)",-11.1272237462721,4.70546128995216,-2.36474663388107,0.0180424095155359
"x1",30.5280146610635,12.7191740833702,2.40015699611955,0.0163880414650852
