"","Estimate","Std. Error","z value","Pr(>|z|)"
"(Intercept)",0.855351731236865,0.810547991314046,1.05527586324677,0.291299176737994
"x2",2.50882994053889,1.66453470721851,1.5072259711131,0.131752745409216
