"","Estimate","Std. Error","z value","Pr(>|z|)"
"(Intercept)",-1.89034385368378,0.795808508509515,-2.37537527366255,0.0175311162039886
"x1",3.76444470095286,1.37063626867004,2.74649430122376,0.00602359324823878
