"","Estimate","Std. Error","z value","Pr(>|z|)"
"(Intercept)",2.02631000258475,0.807899122603338,2.50812254388302,0.0121374565906399
"x1",-3.50629783330776,1.34648238696118,-2.6040428506614,0.00921312371758035
