"","Estimate","Std. Error","z value","Pr(>|z|)"
"(Intercept)",-0.386540438483657,0.621158973339401,-0.622289067813968,0.533751808346447
"x2",0.271423351649893,1.01362378628455,0.267775239021176,0.788872331308146
