"","Estimate","Std. Error","z value","Pr(>|z|)"
"(Intercept)",-1.86195819883505,0.794192377512632,-2.3444674760876,0.0190542722935711
"x1",1.45136689439117,1.21304135149947,1.19646942999684,0.231513421231027
