"","Estimate","Std. Error","z value","Pr(>|z|)"
"(Intercept)",2.28713722729505,0.868160901647785,2.63446237091998,0.00842706439866085
"x2",-5.04868544514596,1.6115987434389,-3.13271865326281,0.00173195371659436
