"","Estimate","Std. Error","z value","Pr(>|z|)"
"(Intercept)",-0.471601668154408,0.631756653604369,-0.746492601959589,0.455369898939414
"x2",0.4360246716617,1.02440159694285,0.425638414624638,0.670371344022694
