"","Estimate","Std. Error","z value","Pr(>|z|)"
"(Intercept)",-2.31254546220672,1.28336765683186,-1.80193528323404,0.0715555882119042
"x2",17.0841400171301,6.57775769467209,2.59725894600345,0.00939710522967926
