"","Estimate","Std. Error","z value","Pr(>|z|)"
"(Intercept)",2.35279099491586,0.889367928714051,2.64546417624682,0.00815789245568788
"x1",-3.13589463611473,1.36320735650435,-2.30037977799361,0.0214267134670026
