"","Estimate","Std. Error","z value","Pr(>|z|)"
"(Intercept)",-1.88856071586284,0.79235577291337,-2.38347568153494,0.0171500175466798
"x2",3.18239103250034,1.30200189819564,2.44422918039567,0.0145162019736292
