"","Estimate","Std. Error","z value","Pr(>|z|)"
"(Intercept)",-0.440629362506781,0.633767296866057,-0.695254180336643,0.486896023446765
"x1",0.124641260800378,1.04530110677969,0.119239576034093,0.905085553156299
