"","Estimate","Std. Error","z value","Pr(>|z|)"
"(Intercept)",0.135212624723727,0.615207678037411,0.219783708088742,0.826039608476595
"x1",-0.269379531827564,1.00324035669951,-0.26850946538253,0.788307189978251
