"","Estimate","Std. Error","z value","Pr(>|z|)"
"(Intercept)",1.80301746789506,0.778181707082754,2.31696203018471,0.0205058002170971
"x1",-1.3490857270373,1.19020888676568,-1.13348651823913,0.25700999960349
