"","Estimate","Std. Error","z value","Pr(>|z|)"
"(Intercept)",2.14695597841992,0.857869949570545,2.50265903298594,0.0123264232497588
"x2",-4.24902716537744,1.48296354891553,-2.86522697640457,0.00416710438380592
