"","Estimate","Std. Error","z value","Pr(>|z|)"
"(Intercept)",-1.84886006390825,0.849868977894519,-2.17546482104648,0.0295953015656345
"x1",-0.17540253480244,1.36093057365053,-0.128884263604971,0.897449228632244
