"","Estimate","Std. Error","z value","Pr(>|z|)"
"(Intercept)",-2.7416366723076,0.99245353159495,-2.76248366802784,0.00573634315596758
"x2",6.38699192234982,1.97314817131366,3.2369550423056,0.00120812443132014
