"","Estimate","Std. Error","z value","Pr(>|z|)"
"(Intercept)",1.87504584909987,0.804391560358053,2.33101134013047,0.0197527617255418
"x2",-4.04735581671452,1.4220623528908,-2.84611698529742,0.00442559331000264
