"","Estimate","Std. Error","z value","Pr(>|z|)"
"(Intercept)",0.340317950783992,0.633895674337945,0.536867444535612,0.591359180133269
"x1",0.340427731592474,1.05057930513921,0.324038109190971,0.745909182500818
