"","Estimate","Std. Error","z value","Pr(>|z|)"
"(Intercept)",2.99179522686911,1.01988120051856,2.93347423734051,0.00335191470853806
"x1",-5.5750663630948,1.74695245305038,-3.19130973104624,0.00141629361091034
