"","Estimate","Std. Error","z value","Pr(>|z|)"
"(Intercept)",-0.0773582161297493,0.634502155619693,-0.12191954817584,0.902962733913723
"x1",-1.16358556162023,1.08379360842533,-1.0736228305598,0.282991760827604
