"","Estimate","Std. Error","z value","Pr(>|z|)"
"(Intercept)",3.68693951446986,1.19370793381853,3.08864455870355,0.00201071844653743
"x1",-5.9740204196535,1.85537603629701,-3.21984347258066,0.00128260608409335
