"","Estimate","Std. Error","z value","Pr(>|z|)"
"(Intercept)",1.9270465713833,0.815310943573902,2.36357255666915,0.0180996820615327
"x2",-4.5817398488854,1.5280972043227,-2.99833010355919,0.00271463464947088
