"","Estimate","Std. Error","z value","Pr(>|z|)"
"(Intercept)",-1.48050907770005,0.733353530961148,-2.0188204122501,0.0435058886742366
"x2",2.97995856164579,1.25036469134519,2.38327152251864,0.0171595325797275
