"","Estimate","Std. Error","z value","Pr(>|z|)"
"(Intercept)",-0.972641087808834,0.68943692120564,-1.41077603750601,0.158310662218357
"x2",2.86421240448206,1.26654092152775,2.26144481855915,0.023731726086763
