"","Estimate","Std. Error","z value","Pr(>|z|)"
"(Intercept)",-2.10604590265694,0.848049996328292,-2.48339828049673,0.0130135495170229
"x2",4.97175736042265,1.6241728237108,3.06110118815035,0.0022052455372917
