"","Estimate","Std. Error","z value","Pr(>|z|)"
"(Intercept)",0.375112244455612,0.630775827699927,0.594683924118381,0.552054769623158
"x1",0.27055820585462,1.0422037308546,0.259602031584328,0.795170769069563
