"","Estimate","Std. Error","z value","Pr(>|z|)"
"(Intercept)",1.03564359471979,0.73010901397663,1.41847802847828,0.156051248949662
"x1",-3.66277058418231,1.43539801547599,-2.55174560971349,0.0107184747418117
