"","Estimate","Std. Error","z value","Pr(>|z|)"
"(Intercept)",-0.1551108038597,0.617315067164569,-0.251266836191362,0.801607813689332
"x2",0.568197146824207,1.02811708639041,0.552658013708415,0.580497608737229
