"","Estimate","Std. Error","z value","Pr(>|z|)"
"(Intercept)",1.39011416808571,0.713288494613594,1.94888068233706,0.051309675531456
"x1",-1.16872560236784,1.12239234073746,-1.0412808070304,0.29774524169346
