"","Estimate","Std. Error","z value","Pr(>|z|)"
"(Intercept)",-9.52389959656999,4.21379532997031,-2.26017137776768,0.0238106165301465
"x2",24.1565464331634,10.4361595626155,2.31469692354045,0.020629524259057
