"","Estimate","Std. Error","z value","Pr(>|z|)"
"(Intercept)",-2.24605215309711,0.864541936902776,-2.5979678454276,0.00937772749419725
"x1",3.87191689843823,1.42366288153866,2.71968662570843,0.00653438100080266
