"","Estimate","Std. Error","z value","Pr(>|z|)"
"(Intercept)",0.318472444615505,0.620735538322585,0.513056567497511,0.607911751762771
"x2",-0.13503368067034,1.01142610233218,-0.133508202288803,0.893791477854453
