"","Estimate","Std. Error","z value","Pr(>|z|)"
"(Intercept)",-0.422010763068275,0.688722998153354,-0.612743823278439,0.540045740974879
"x1",3.04509337605754,1.38804915526516,2.19379361639093,0.0282502499594977
