"","Estimate","Std. Error","z value","Pr(>|z|)"
"(Intercept)",-0.397770725263152,0.643768047650066,-0.617878949903037,0.53665513582558
"x2",1.58432330665852,1.10403033148649,1.43503603250225,0.151276830014607
