"","Estimate","Std. Error","z value","Pr(>|z|)"
"(Intercept)",0.150473814828025,0.610506018194144,0.246473925471073,0.805315386409377
"x2",-0.553108410479238,1.0009216624705,-0.552599100626955,0.580537957980816
