"","Estimate","Std. Error","z value","Pr(>|z|)"
"(Intercept)",-2.05073819149104,0.834858609018551,-2.45638982378329,0.0140340828555184
"x2",4.09108668420864,1.44916001415669,2.82307450125814,0.00475655170824238
