"","Estimate","Std. Error","z value","Pr(>|z|)"
"(Intercept)",0.681357180841241,0.675624257111946,1.00848537285177,0.313221506288492
"x1",-2.16046603297543,1.18557168209499,-1.82229895130232,0.0684096372461554
