"","Estimate","Std. Error","z value","Pr(>|z|)"
"(Intercept)",-19.1398087181644,8.85711406732012,-2.16095316969938,0.0306989570815293
"x2",32.1626847129778,14.7808274780748,2.17597321670159,0.0295572633223409
