"","Estimate","Std. Error","z value","Pr(>|z|)"
"(Intercept)",0.404756130691967,0.630365376147259,0.642097656387479,0.520809777515255
"x1",0.21118211781704,1.04158606075013,0.202750522280368,0.839330032116603
