"","Estimate","Std. Error","z value","Pr(>|z|)"
"(Intercept)",18.6973255978148,8.33439982851075,2.24339196373253,0.024871549659788
"x2",-32.2915531295276,14.3334915136412,-2.2528741931996,0.0242670824593615
