"","Estimate","Std. Error","z value","Pr(>|z|)"
"(Intercept)",-1.06817463409594,0.688503386542515,-1.5514442702454,0.120795252986861
"x1",1.86352523205545,1.14170543505247,1.63222944801853,0.102631159406714
