"","Estimate","Std. Error","z value","Pr(>|z|)"
"(Intercept)",-2.48877389339698,0.914358821604001,-2.72187880139997,0.00649119439318629
"x1",4.67176123930944,1.57214649839151,2.97158136604267,0.00296270357362171
