"","Estimate","Std. Error","z value","Pr(>|z|)"
"(Intercept)",1.7877802142357,0.802343226267224,2.22819880034766,0.0258672610433369
"x2",-3.86025319178251,1.4165762143197,-2.72505859745524,0.00642900758982024
