"","Estimate","Std. Error","z value","Pr(>|z|)"
"(Intercept)",4.10949911213703,1.30456677764165,3.15008720332894,0.00163221735531367
"x2",-5.99982583432465,1.92997236914704,-3.10876255548483,0.00187872637045648
