"","Estimate","Std. Error","z value","Pr(>|z|)"
"(Intercept)",1.36329164070984,0.710827733282249,1.91789315030639,0.0551245609543606
"x1",-1.64695508049233,1.12786378106311,-1.46024290179788,0.144223328319462
