"","Estimate","Std. Error","z value","Pr(>|z|)"
"(Intercept)",6.13630762264333,1.98533159716141,3.0908225262807,0.00199602897417206
"x2",-9.31622919515269,2.97021451525998,-3.1365509619891,0.00170947724487167
