"","Estimate","Std. Error","z value","Pr(>|z|)"
"(Intercept)",-20.7523827903203,9.89802698470291,-2.09661812625814,0.0360273933886996
"x1",34.4902901150773,16.1980541353838,2.12928601341905,0.0332306042688437
