"","Estimate","Std. Error","z value","Pr(>|z|)"
"(Intercept)",-2.42246688134002,0.919911368092415,-2.63336987166861,0.0084542224924942
"x1",5.13745336854138,1.6582679728415,3.09808393617961,0.0019477625398394
