"","Estimate","Std. Error","z value","Pr(>|z|)"
"(Intercept)",-1.96074386253174,0.804504473683835,-2.43720691017848,0.0148012074461095
"x1",2.21958895863822,1.24522546906344,1.78247956999114,0.0746710599161528
