"","Estimate","Std. Error","z value","Pr(>|z|)"
"(Intercept)",1.8002205552475,0.774180234383479,2.32532487306539,0.0200545952640967
"x2",-1.34152226319489,1.17920325491896,-1.1376514248912,0.25526606421849
