"","Estimate","Std. Error","z value","Pr(>|z|)"
"(Intercept)",1.77304151045672,0.765383797154476,2.31653912331106,0.0205288508692138
"x2",-2.40517403761303,1.200880896195,-2.00284145183243,0.0451943090266173
