"","Estimate","Std. Error","z value","Pr(>|z|)"
"(Intercept)",2.37251028514024,0.877878592555652,2.70254942455479,0.00688099534544394
"x2",-4.38143067903587,1.47923410918809,-2.96195892984154,0.00305688556090013
