"","Estimate","Std. Error","z value","Pr(>|z|)"
"(Intercept)",0.261222095801955,0.623018804844625,0.419284448191097,0.675008260940283
"x1",0.233962531841669,1.01873323324454,0.22966025275972,0.818355783055284
