"","Estimate","Std. Error","z value","Pr(>|z|)"
"(Intercept)",-0.0376106628346802,0.609323106103682,-0.0617253185673225,0.950781577108331
"x1",0.0759954438462222,1.00333254764126,0.0757430266015793,0.939623544013618
