"","Estimate","Std. Error","z value","Pr(>|z|)"
"(Intercept)",-1.04949594714338,0.685302983931854,-1.53143349985433,0.125662289997433
"x2",2.69516649201499,1.2137437479111,2.2205399588286,0.0263821363463277
