"","Estimate","Std. Error","z value","Pr(>|z|)"
"(Intercept)",7.18792100922839,2.52388728252353,2.84795642776942,0.00440009484013231
"x2",-14.8922251681158,5.03872006903495,-2.95555715818284,0.00312104860191155
