"","Estimate","Std. Error","z value","Pr(>|z|)"
"(Intercept)",1.38376042800601,0.702009653836199,1.97114159391444,0.0487076822855662
"x2",-1.70309980529177,1.11547156145084,-1.52679805039281,0.126811236553212
