"","Estimate","Std. Error","z value","Pr(>|z|)"
"(Intercept)",-0.869266461019159,0.686453701907009,-1.26631476908681,0.205400411408258
"x2",2.92249439591951,1.27238405016893,2.29686500355886,0.0216264719465626
