"","Estimate","Std. Error","z value","Pr(>|z|)"
"(Intercept)",2.8676835581135,0.992761452250345,2.88859277484352,0.0038696985711561
"x1",-3.72068657903068,1.46999216191028,-2.53109280133547,0.0113707759679881
