"","Estimate","Std. Error","z value","Pr(>|z|)"
"(Intercept)",3.56582363758172,1.23585467646125,2.88530982282812,0.00391028632296319
"x1",-8.25408400749689,2.4985983889393,-3.30348568382808,0.000954908449785652
