"","Estimate","Std. Error","z value","Pr(>|z|)"
"(Intercept)",0.437747552252647,0.634943069325279,0.68942803441861,0.49055394648597
"x2",-0.116217476220615,1.02496061959279,-0.113387259958131,0.909723539652653
