"","Estimate","Std. Error","z value","Pr(>|z|)"
"(Intercept)",-0.457395114232631,0.640978845628925,-0.713588470745609,0.475481688823524
"x1",0.156163676470653,1.04806638428552,0.149001703338775,0.881552288900049
