"","Estimate","Std. Error","z value","Pr(>|z|)"
"(Intercept)",2.06421902881045,0.84304232218109,2.44853547028336,0.014343830607353
"x1",-4.50439796948307,1.53403859188032,-2.93630029474153,0.00332152611201812
