"","Estimate","Std. Error","z value","Pr(>|z|)"
"(Intercept)",-17.8229035205314,7.41778637241807,-2.4027253719254,0.0162734034953601
"x2",29.7189990089981,12.3998014162104,2.39673185170096,0.0165420244423402
