"","Estimate","Std. Error","z value","Pr(>|z|)"
"(Intercept)",2.00172669712181,0.824875002597634,2.42670306509244,0.0152367207637933
"x1",-4.03173219126511,1.45269820685477,-2.77534051617933,0.00551439377199288
