"","Estimate","Std. Error","z value","Pr(>|z|)"
"(Intercept)",-0.45077064047687,0.632492688078289,-0.712689093444626,0.476038166917263
"x2",0.142830141486061,1.02627814595151,0.139172934793069,0.889313495246898
