"","Estimate","Std. Error","z value","Pr(>|z|)"
"(Intercept)",0.114602824402395,0.627891955267079,0.182519975675828,0.855174679327651
"x1",0.271341493282573,1.03410896963745,0.262391586621382,0.793019558420577
