"","Estimate","Std. Error","z value","Pr(>|z|)"
"(Intercept)",0.540009998630379,0.64626355181898,0.835587891519583,0.40338678294154
"x2",-1.60768392188238,1.10207996736388,-1.45877247522053,0.144627740751704
