"","Estimate","Std. Error","z value","Pr(>|z|)"
"(Intercept)",2.73635107528267,0.955700278038574,2.86318957748825,0.00419399546288045
"x1",-3.77905248363762,1.44325940944538,-2.61841527510973,0.00883392256977157
