"","Estimate","Std. Error","z value","Pr(>|z|)"
"(Intercept)",-1.25082404935168,0.76523882468743,-1.63455382685608,0.102142613707155
"x1",4.75009168461921,1.67631630645042,2.83364879667458,0.00460198777411287
