"","Estimate","Std. Error","z value","Pr(>|z|)"
"(Intercept)",1.2413270244805,0.798301325836941,1.55496049462162,0.119955478299003
"x2",-5.18291235381112,1.85473537248777,-2.79442147418542,0.00519926662425297
