"","Estimate","Std. Error","z value","Pr(>|z|)"
"(Intercept)",1.03161990503466,0.679902877957934,1.51730480702346,0.129189745115774
"x2",-1.80941241967542,1.13242031466122,-1.59782758773338,0.110081353117313
