"","Estimate","Std. Error","z value","Pr(>|z|)"
"(Intercept)",4.2117931114443,1.42093084247203,2.96410844606409,0.00303561287473555
"x2",-9.86467167193343,3.04069747357679,-3.24421346012089,0.00117775448497739
