"","Estimate","Std. Error","z value","Pr(>|z|)"
"(Intercept)",-5.14653442662038,2.04447923635856,-2.5172837831246,0.0118263531783979
"x2",16.7342969328505,6.1554702254321,2.71860577989813,0.00655576900244264
