"","Estimate","Std. Error","z value","Pr(>|z|)"
"(Intercept)",1.89090767706218,0.810043755979176,2.3343278225464,0.0195785629593117
"x2",-3.74413676618706,1.38910600995764,-2.69535711410625,0.0070313227418825
