"","Estimate","Std. Error","z value","Pr(>|z|)"
"(Intercept)",0.350966998843613,0.635882163766186,0.551937165157951,0.580991404195345
"x2",0.607013985346572,1.0813135669737,0.561367214734424,0.574547229247573
