"","Estimate","Std. Error","z value","Pr(>|z|)"
"(Intercept)",-0.532176223857192,0.633262534610321,-0.840372191266088,0.400699736107925
"x2",0.556706023055132,1.02799144744758,0.541547329442663,0.588130384450274
