"","Estimate","Std. Error","z value","Pr(>|z|)"
"(Intercept)",-11.0664121665496,4.85895605463525,-2.27752876175793,0.0227546691026459
"x1",19.6624392001884,8.64922183020615,2.27331887031966,0.0230069711828923
"x2",0.707248614039693,2.04388594200541,0.346031351116275,0.729319153683443
