"","Estimate","Std. Error","z value","Pr(>|z|)"
"(Intercept)",-8.58368701327899,4.27177784477024,-2.00939452499564,0.0444953104044136
"x1",-0.364732860528023,2.32853833726828,-0.156635969737096,0.875531752687165
"x2",15.5387608091424,8.2228329494906,1.88970892447779,0.0587968998655696
