"","Estimate","Std. Error","z value","Pr(>|z|)"
"(Intercept)",1.17343631464249,1.04007289227248,1.12822507283948,0.259224877627104
"x1",0.0150469083143897,1.38329909228278,0.010877552366176,0.991321140056816
"x2",-3.06764152656137,1.30812951091893,-2.34505949216483,0.0190240438111393
