"","Estimate","Std. Error","z value","Pr(>|z|)"
"(Intercept)",4.32005964133109,2.01971411643079,2.13894610439493,0.0324400335320489
"x1",-6.42019636735151,2.46490425913093,-2.60464330148674,0.00919699521499126
"x2",-1.89305079484005,2.18535379239744,-0.866244541925306,0.386356071747599
