"","Estimate","Std. Error","z value","Pr(>|z|)"
"(Intercept)",-0.0119573864386365,1.26687587637501,-0.00943848301291436,0.992469291938901
"x1",3.53887776183009,1.97009414336392,1.79629880823232,0.0724470073104379
"x2",-3.68081627391638,1.63443316713965,-2.25204453012784,0.0243194581129377
