"","Estimate","Std. Error","z value","Pr(>|z|)"
"(Intercept)",0.103849234119561,0.967659098035049,0.107320061714337,0.914535069509943
"x1",-1.21751100933677,1.34607731878,-0.904488168956181,0.365736605020636
"x2",1.3373041442547,1.13304361774891,1.18027596052446,0.237890476038643
