"","Estimate","Std. Error","z value","Pr(>|z|)"
"(Intercept)",-9.34340572991013,3.4215107246743,-2.73078370397321,0.00631839244905652
"x1",0.477347014842706,2.00116388550168,0.238534693885423,0.811466409956161
"x2",17.9063572555963,6.42776333803504,2.78578353214079,0.00533985177990746
