"","Estimate","Std. Error","z value","Pr(>|z|)"
"(Intercept)",1.17152082712895,1.39743928445367,0.838333972833,0.401843160836923
"x1",-12.2610967976276,3.98929348216815,-3.07350082224679,0.00211563104716048
"x2",10.9379647479263,3.89329834776587,2.80943399937561,0.00496286938609154
