"","Estimate","Std. Error","z value","Pr(>|z|)"
"(Intercept)",-41.3603028244441,18.5181374088102,-2.23350231782849,0.0255158376468021
"x1",84.1710056515017,36.7117791570242,2.29275201540858,0.0218622860256287
"x2",-0.545946540772471,2.03757316153126,-0.267939601423777,0.788745810269296
