"","Estimate","Std. Error","z value","Pr(>|z|)"
"(Intercept)",-8.46823576823312,4.43096219811213,-1.91115053336296,0.0559852386989748
"x1",13.1616714774576,5.49458201553516,2.39539084870238,0.0166026567041792
"x2",-1.46790864120752,1.96808189992782,-0.745857497729821,0.455753502323234
