"","Estimate","Std. Error","z value","Pr(>|z|)"
"(Intercept)",-38.8330943266765,16.9244349513364,-2.29449871965209,0.0217618685223424
"x1",0.341194267320866,3.33929734180744,0.102175467589894,0.918617399854994
"x2",86.1403880758661,37.9559114351112,2.26948543241098,0.0232388221155027
