"","Estimate","Std. Error","z value","Pr(>|z|)"
"(Intercept)",-14.760537051875,6.24350421170682,-2.3641430439333,0.0180718333220448
"x1",1.73085329569494,3.03444192555894,0.570402511617064,0.568404726463992
"x2",27.7710317793983,11.4428651801732,2.42692991153268,0.0152271972598939
