"","Estimate","Std. Error","z value","Pr(>|z|)"
"(Intercept)",-2.13666971232357,1.95854777765443,-1.09094592263787,0.275296678490256
"x1",-2.64442196987736,2.49491092903329,-1.05992640422719,0.289178082240583
"x2",6.36208699895459,2.3967006486241,2.65451882887708,0.00794216070387917
