"","Estimate","Std. Error","z value","Pr(>|z|)"
"(Intercept)",0.239655973613865,1.05366027663695,0.227450895632883,0.820073148176047
"x1",-6.53960016545456,2.0381050749208,-3.20866683760586,0.0013335191623019
"x2",5.06541935780553,1.92769899122119,2.62770244777511,0.00859636729581565
