"","Estimate","Std. Error","z value","Pr(>|z|)"
"(Intercept)",5.58571834490026,2.68479554763652,2.08050044995698,0.0374796544069098
"x1",-5.93748448363883,2.57743236518269,-2.30364317754579,0.021242681979325
"x2",-5.28811545260498,2.49706281575724,-2.11773425131131,0.0341975803750068
