"","Estimate","Std. Error","z value","Pr(>|z|)"
"(Intercept)",10.9008240176504,5.51207328612418,1.97762682965258,0.0479708202585522
"x1",-20.4884698565752,10.2136459843154,-2.00598981872275,0.0448573342690878
"x2",-0.814060707062394,1.70107317074717,-0.478557137377477,0.632253717231076
