"","Estimate","Std. Error","z value","Pr(>|z|)"
"(Intercept)",-24.2778268845291,10.9002407233874,-2.22727437866936,0.0259289417978373
"x1",0.228155998968569,2.95166713021574,0.0772973336434087,0.938387012007187
"x2",46.5786668396735,21.2976668239917,2.18703143516184,0.0287402292622536
