"","Estimate","Std. Error","z value","Pr(>|z|)"
"(Intercept)",4.27047540261683,1.57811593534257,2.70605936292623,0.00680868736379082
"x1",-2.46589392033568,1.64775415349087,-1.49651810320826,0.134518693945941
"x2",-6.26139671671162,1.96635302548269,-3.18426886503486,0.0014512015303758
