"","Estimate","Std. Error","z value","Pr(>|z|)"
"(Intercept)",5.68505087279935,2.90097425466308,1.95970400759714,0.0500303964843482
"x1",-0.181551276129523,2.01821383551808,-0.0899564124149996,0.928321852193198
"x2",-11.5440351464439,5.18145651281061,-2.2279517579473,0.0258837321694581
