"","Estimate","Std. Error","z value","Pr(>|z|)"
"(Intercept)",17.9535986567815,9.45848418906863,1.89814755703994,0.0576766469141234
"x1",1.09783243507807,3.32754668625739,0.329922473999257,0.741458541619027
"x2",-47.4310286616602,22.996498508078,-2.06253263491392,0.0391570538269159
