"","Estimate","Std. Error","z value","Pr(>|z|)"
"(Intercept)",1.18182174119388,2.42926025924336,0.486494494238334,0.626616608020445
"x1",14.7402034577609,5.23583811832609,2.8152519471846,0.00487390067380602
"x2",-13.700032158779,4.80211890707232,-2.85291397899419,0.00433203463299701
