"","Estimate","Std. Error","z value","Pr(>|z|)"
"(Intercept)",11.7406364782732,5.84782392353599,2.00769322602552,0.044675900916068
"x1",0.831739028075059,2.89865005808992,0.286940131235827,0.774158161635244
"x2",-24.1093114419473,11.2640614579305,-2.14037463591545,0.0323245026364343
