"","Estimate","Std. Error","z value","Pr(>|z|)"
"(Intercept)",18.5076400818411,8.44239308549063,2.19222676490259,0.0283631367714116
"x1",0.000339014969258011,2.93619780606752,0.000115460534899063,0.999907875822027
"x2",-37.9063314668548,16.3662355337529,-2.3161301442032,0.020551163874021
