"","Estimate","Std. Error","z value","Pr(>|z|)"
"(Intercept)",10.477798518639,6.12195359063645,1.7115122425405,0.086986593140458
"x1",-22.1222653327193,11.298044969141,-1.9580613631069,0.0502228127345256
"x2",1.15862091906602,2.08409860692147,0.55593382924308,0.578256090973231
