"","Estimate","Std. Error","z value","Pr(>|z|)"
"(Intercept)",18.9774050138122,7.9703879556121,2.38098887024061,0.0172662336140139
"x1",-1.14794597575989,2.87055142954309,-0.399904340310884,0.689226975341509
"x2",-37.7848821739402,15.6720057831782,-2.41097934091481,0.0159097496018527
