"","Estimate","Std. Error","z value","Pr(>|z|)"
"(Intercept)",-0.640560943882998,0.957910493764757,-0.668706468978621,0.503682740139494
"x1",1.53256481927823,1.342281192809,1.14176137421029,0.253553221812158
"x2",-0.00653080368637248,1.08008365236679,-0.00604657210768955,0.995175562867246
