"","Estimate","Std. Error","z value","Pr(>|z|)"
"(Intercept)",1.07958422130273,0.963667685742146,1.12028683463773,0.262591550495665
"x1",3.85248555853124,2.34298103519425,1.64426664179629,0.100121136642374
"x2",-4.56241519374375,2.17306995712456,-2.09952522641324,0.0357706264503435
