"","Estimate","Std. Error","z value","Pr(>|z|)"
"(Intercept)",-3.46100590471404,2.80520790164676,-1.23377875225658,0.217285359040768
"x1",-3.60305347995269,3.64969412167475,-0.987220671057044,0.323534470292048
"x2",8.18798559696563,3.68450590796435,2.22227506251697,0.0262647223722389
