"","Estimate","Std. Error","z value","Pr(>|z|)"
"(Intercept)",-4.69569641210446,2.00351093132568,-2.34373386173512,0.0190917890721001
"x1",5.64116465644549,2.25457719898306,2.50209425474096,0.0123461051107703
"x2",5.36950527043094,2.57140945531565,2.08815646194776,0.036783723239191
