"","Estimate","Std. Error","z value","Pr(>|z|)"
"(Intercept)",5.02973882717666,2.42685163561444,2.07253659571291,0.0382154270593131
"x1",-0.688357062401239,1.70380102218983,-0.404012589167554,0.68620346166891
"x2",-8.78212498293463,3.68461457396296,-2.38345824417914,0.0171508300510843
