"","Estimate","Std. Error","z value","Pr(>|z|)"
"(Intercept)",-37.6618099565946,17.9121632107248,-2.10258300538735,0.0355022367890614
"x1",75.1216699749657,35.5530929050863,2.1129433148197,0.0346056199094647
"x2",-0.403854115986293,1.9683648295144,-0.205172389757607,0.83743744033492
