"","Estimate","Std. Error","z value","Pr(>|z|)"
"(Intercept)",1.03878500452406,1.43108219552457,0.725873753284514,0.467916168056344
"x1",-6.50360177012176,2.92700352809203,-2.22193164705925,0.0262879252884198
"x2",4.00794448040786,2.28464469281524,1.75429662783541,0.0793796933051156
