"","Estimate","Std. Error","z value","Pr(>|z|)"
"(Intercept)",8.28879597095789,4.13307699557782,2.00547823808424,0.0449119449458099
"x1",0.895939556892174,3.94832660957406,0.226916272508881,0.820488848449125
"x2",-17.4517986559049,8.47692041886042,-2.05874277374082,0.0395188863218139
