"","Estimate","Std. Error","z value","Pr(>|z|)"
"(Intercept)",4.06306666220749,2.59163901065914,1.56775949331544,0.116937271479022
"x1",10.2711896254016,4.16055677994103,2.46870555280516,0.0135602746548907
"x2",-16.0203634066698,5.41957495616064,-2.95601842141862,0.00311638477247967
