"","Estimate","Std. Error","z value","Pr(>|z|)"
"(Intercept)",-6.22299962479147,3.09943272216133,-2.00778664440633,0.0446659686669744
"x1",12.0524310313492,5.51731260547207,2.18447492342479,0.0289273679899659
"x2",0.97342572741369,2.09067309158139,0.465603987219918,0.64149898843585
