"","Estimate","Std. Error","z value","Pr(>|z|)"
"(Intercept)",-6.84970558993455,2.60900117727808,-2.62541299313659,0.00865439242191086
"x1",6.73325113417038,2.65094315221112,2.53994550149228,0.0110869743445402
"x2",8.15987177073214,3.23210348458236,2.52463196480435,0.0115819511405204
