"","Estimate","Std. Error","z value","Pr(>|z|)"
"(Intercept)",-16.0508077247551,8.31883941937408,-1.92945276565547,0.0536746785588344
"x1",31.3177794220069,15.7458226300854,1.98895797048852,0.046705842259481
"x2",-0.070515736330048,1.60451284212537,-0.0439483776500295,0.964945552740301
