"","Estimate","Std. Error","z value","Pr(>|z|)"
"(Intercept)",-0.26438681971993,1.35100460968441,-0.195696460119178,0.844847755256628
"x1",10.5935723386259,4.19330757431553,2.52630462967054,0.0115269481489485
"x2",-9.64524287981603,3.84137871354887,-2.51088049345316,0.0120430459143111
