"","Estimate","Std. Error","z value","Pr(>|z|)"
"(Intercept)",-7.23048988976965,3.99601982311466,-1.80942292827114,0.0703853237662156
"x1",17.4763462916274,7.64974678278025,2.28456533109919,0.0223383277322833
"x2",-0.97938353464787,1.97846940945965,-0.495020812535765,0.620585429341189
