"","Estimate","Std. Error","z value","Pr(>|z|)"
"(Intercept)",-5.95406391073038,2.41562619193708,-2.46481178694119,0.0137085238707653
"x1",6.70882252807557,2.65288692377094,2.52887617182692,0.0114428390650737
"x2",5.81301178281222,2.56696315045968,2.26454820037882,0.023540418715987
