"","Estimate","Std. Error","z value","Pr(>|z|)"
"(Intercept)",7.99334920444389,3.26701351602998,2.44668384909447,0.0144177244637032
"x1",-8.13462323785605,3.39279710690719,-2.39761559018523,0.0165021733799655
"x2",-6.95461214017738,3.23172706576006,-2.15198003997957,0.0313989264597744
