"","Estimate","Std. Error","z value","Pr(>|z|)"
"(Intercept)",-10.0102057975852,4.93174529540126,-2.0297491451798,0.0423820446199767
"x1",22.0603280887088,10.1695452721584,2.1692541306743,0.0300633955599654
"x2",0.158693735341255,1.95994578277048,0.0809684312373851,0.935467058271909
