"","Estimate","Std. Error","z value","Pr(>|z|)"
"(Intercept)",4.82818788147856,2.06536064765588,2.33769723799008,0.0194029595608682
"x1",-4.23464540285176,2.29070188295457,-1.84862353078868,0.0645121925015926
"x2",-3.87661105379639,2.00871186068719,-1.92989902119172,0.0536193507373896
