"","Estimate","Std. Error","z value","Pr(>|z|)"
"(Intercept)",0.176621346162835,1.55391612682878,0.113662084531732,0.909505669839162
"x1",16.6303604152772,5.25545008855554,3.16440269340434,0.00155401616695794
"x2",-15.7801204813479,5.29964045103843,-2.9775832204345,0.00290530759265157
