"","Estimate","Std. Error","z value","Pr(>|z|)"
"(Intercept)",-1.1436704534033,1.65200985176299,-0.692290334820221,0.488755018543079
"x1",-3.45738728537221,2.14046699851202,-1.61524904975208,0.106256772377798
"x2",5.18315445283214,2.25971413622678,2.29372130294625,0.021806512297806
