"","Estimate","Std. Error","z value","Pr(>|z|)"
"(Intercept)",-16.6670080665003,7.29208934440228,-2.28562861469801,0.0222759946754596
"x1",-0.189607494438192,2.74848185157784,-0.0689862639367047,0.945000553240148
"x2",32.4514057630443,13.7243155884306,2.36451905772266,0.018053498468166
