"","Estimate","Std. Error","z value","Pr(>|z|)"
"(Intercept)",4.46651922296871,2.38858696547575,1.86994205675868,0.0614918646771238
"x1",0.488695897198024,1.77917672336134,0.274675298288945,0.783565710566886
"x2",-10.9698176289678,4.63576995544574,-2.36634210377099,0.0179648354916027
