"","Estimate","Std. Error","z value","Pr(>|z|)"
"(Intercept)",1.86145028827055,1.37315573831615,1.35560026902205,0.175226386212122
"x1",-9.28902273260203,4.69464392954411,-1.97864265576028,0.0478562534994398
"x2",1.61770696013147,2.18528173752778,0.740273865996605,0.459133835152096
