"","Estimate","Std. Error","z value","Pr(>|z|)"
"(Intercept)",4.34600252954182,2.19673695038419,1.97839005201863,0.0478847211164545
"x1",6.52072020570118,2.74705499019351,2.37371302321176,0.0176102315514025
"x2",-16.6926912559639,5.64196773641798,-2.95866478431192,0.00308974999694842
