"","Estimate","Std. Error","z value","Pr(>|z|)"
"(Intercept)",-1.81455621922659,2.15961125470647,-0.840223542673294,0.400783060679062
"x1",-2.44576523399105,1.92440761737823,-1.2709184955956,0.203757645761122
"x2",5.53705414696947,3.28156275090788,1.68732234220954,0.0915413871881783
