"","Estimate","Std. Error","z value","Pr(>|z|)"
"(Intercept)",-1.60937604786549,1.83572923778107,-0.876695764681952,0.380651907828136
"x1",6.07757538482209,3.02332462956408,2.01022917796902,0.044406938602655
"x2",-3.83862913218032,2.71660516031877,-1.41302430999207,0.157648576373458
