"","Estimate","Std. Error","z value","Pr(>|z|)"
"(Intercept)",-5.27147761355398,1.8621429750408,-2.83086620319177,0.00464221356358106
"x1",-0.923492381120698,1.69121541410598,-0.546052485932953,0.585029859272168
"x2",11.1371016929587,3.44180225676511,3.23583426998688,0.00121287781755203
