"","Estimate","Std. Error","z value","Pr(>|z|)"
"(Intercept)",-9.78441347156343,4.8831920502325,-2.00369212820487,0.0451030500293725
"x1",21.085500690577,9.89290922398011,2.13137513073166,0.0330582500045139
"x2",0.457152401307433,2.31054791359574,0.197854542906232,0.843158870521959
