"","Estimate","Std. Error","z value","Pr(>|z|)"
"(Intercept)",1.94874471391637,1.07870012301191,1.80656761999355,0.0708297219882084
"x1",-3.90157290735328,1.59700453260998,-2.44305687785178,0.0145634418505162
"x2",-0.580399170552788,1.15424002125933,-0.502840968830336,0.615076087006293
