"","Estimate","Std. Error","z value","Pr(>|z|)"
"(Intercept)",-28.9237096492158,12.181807213744,-2.37433651195719,0.0175805197999834
"x1",38.6083961532701,16.7949276096051,2.29881289462598,0.0215155662823182
"x2",0.660012085507103,2.04638767010861,0.322525440877033,0.747054667578151
