"","Estimate","Std. Error","z value","Pr(>|z|)"
"(Intercept)",0.507667330471761,1.28364129753125,0.395490026262108,0.692481280854056
"x1",1.74227840080679,2.356986722461,0.739197376125915,0.459787153899715
"x2",-3.19097038896588,2.45215205461342,-1.30129385042109,0.193157891379042
