"","Estimate","Std. Error","z value","Pr(>|z|)"
"(Intercept)",-0.0957951108285106,1.55935272310802,-0.0614326120119743,0.951014680768695
"x1",0.463465007347331,1.38853179697046,0.333780622351273,0.738545106794298
"x2",-0.744500773719947,2.58741823911639,-0.287738859711446,0.773546641618835
