"","Estimate","Std. Error","z value","Pr(>|z|)"
"(Intercept)",1.43284431494606,1.66353931551079,0.861322784250579,0.389060290353981
"x1",2.44757677067599,2.09787680081305,1.16669232899063,0.243334641792544
"x2",-10.6435332581584,3.67356858388575,-2.89732803814979,0.00376356000314848
