"","Estimate","Std. Error","z value","Pr(>|z|)"
"(Intercept)",-6.83624419227736,2.54258387910191,-2.68869957387288,0.00717309433207328
"x1",15.5032496144123,5.11123072541643,3.03317350502685,0.00241996418769701
"x2",-0.809176883066274,1.72414792749449,-0.469319871086794,0.638841013744852
