"","Estimate","Std. Error","z value","Pr(>|z|)"
"(Intercept)",18.9494547564957,9.69993077862699,1.95356597783659,0.0507525674632934
"x1",0.129971994067553,1.92150528897888,0.0676407162723048,0.946071642704454
"x2",-38.7365535007095,19.4902352536969,-1.98748516867501,0.0468686578592461
