"","Estimate","Std. Error","z value","Pr(>|z|)"
"(Intercept)",-3.60969989117576,2.07482799396091,-1.7397586217664,0.0819014109799575
"x1",18.9739013512576,7.82975722711318,2.42330647054471,0.0153799455799328
"x2",-0.177884015949593,1.99092356585901,-0.089347486262157,0.928805756365827
