"","Estimate","Std. Error","z value","Pr(>|z|)"
"(Intercept)",-15.0560733398052,6.682539484046,-2.25304667121688,0.0242562064097297
"x1",29.9299576617808,12.6577801691391,2.36455028147455,0.0180519766958859
"x2",-1.16439308247434,2.09480025572754,-0.555849217265793,0.578313936538203
