"","Estimate","Std. Error","z value","Pr(>|z|)"
"(Intercept)",1.08033827706854,1.02914650852123,1.04974196397058,0.293836764573017
"x1",0.411787919738329,1.61976631178338,0.254226746625534,0.799320388429128
"x2",-0.371117812057898,1.21394495283783,-0.305712224586739,0.759823764791259
