"","Estimate","Std. Error","z value","Pr(>|z|)"
"(Intercept)",4.1758622075046,1.94400549078819,2.14807120005176,0.0317080997054932
"x1",-9.40227649323898,4.01778228022307,-2.34016575251483,0.0192751832256434
"x2",0.0805144549421871,2.15639965705468,0.0373374456255284,0.970215949005329
