"","Estimate","Std. Error","z value","Pr(>|z|)"
"(Intercept)",-3.92120543392049,1.73614365745357,-2.25857198918193,0.0239100218452505
"x1",12.8962431467844,3.94416204964675,3.26970418163712,0.00107660007422495
"x2",-2.06505073111577,1.88139735149095,-1.09761541307543,0.272372459643351
