"","Estimate","Std. Error","z value","Pr(>|z|)"
"(Intercept)",5.13518946564439,1.83467592179353,2.79896269670579,0.00512670597664468
"x1",-12.2819076095935,3.71492317485519,-3.30610002724277,0.000946043087332117
"x2",1.68221680462729,1.64734417472365,1.02116900064887,0.307174376465488
