"","Estimate","Std. Error","z value","Pr(>|z|)"
"(Intercept)",-5.79842132473824,4.00129398282692,-1.44913654173484,0.147299454935423
"x1",-5.54424649599612,3.85813525856039,-1.43702750796375,0.150710177491836
"x2",20.406121909717,8.07447458877337,2.52723835902455,0.0114963448327373
