"","Estimate","Std. Error","z value","Pr(>|z|)"
"(Intercept)",-0.850222864807057,1.43577609469173,-0.592169536705932,0.553737066477387
"x1",16.3385823230172,5.11020501192649,3.19724595879915,0.00138746564837653
"x2",-12.0396175522704,4.07319912721795,-2.95581364333975,0.00311845449741359
