"","Estimate","Std. Error","z value","Pr(>|z|)"
"(Intercept)",0.160124463524326,2.45720214736433,0.0651653604063793,0.948042340875124
"x1",5.56723153648037,2.78218646178682,2.00102746992195,0.0453894296454326
"x2",-5.54780434272847,2.56517934713394,-2.16273546289346,0.0305615318724664
