"","Estimate","Std. Error","z value","Pr(>|z|)"
"(Intercept)",-0.0372320975772597,1.10559634780629,-0.0336760316286635,0.973135492118599
"x1",2.87085738537013,1.6269485262108,1.7645655895804,0.0776368029395322
"x2",-1.59435652150734,1.30735465254726,-1.21952870126012,0.222643589166217
