"","Estimate","Std. Error","z value","Pr(>|z|)"
"(Intercept)",-12.6381368050432,5.90870697239858,-2.13890058587774,0.03244372059917
"x1",-1.49355539653539,2.05163841805032,-0.727981784409515,0.466624736979696
"x2",27.5083934519321,12.406572992959,2.21724351015738,0.0266064557996606
