"","Estimate","Std. Error","z value","Pr(>|z|)"
"(Intercept)",-12.487183555267,5.17557783775695,-2.41271292727361,0.0158342855849934
"x1",25.7689284954965,10.4184425612768,2.47339545656031,0.0133835955061733
"x2",0.778424907254384,2.18236747775657,0.356688282421891,0.721325178576449
