"","Estimate","Std. Error","z value","Pr(>|z|)"
"(Intercept)",-14.1524934992,6.28695521807473,-2.25108864439055,0.0243799235031113
"x1",0.347350792196522,2.83852711730991,0.122370080623259,0.902605932607732
"x2",27.1759194402012,12.0811868867205,2.2494411927418,0.0244844403134272
