"","Estimate","Std. Error","z value","Pr(>|z|)"
"(Intercept)",3.29288267346626,1.29451238477409,2.54372434918103,0.0109677599030667
"x1",-2.75422606149542,1.53809580429299,-1.79067263157996,0.0733458440762516
"x2",-1.34796368455573,1.41219768894602,-0.954514863681563,0.339823089146673
