"","Estimate","Std. Error","z value","Pr(>|z|)"
"(Intercept)",-1.62773477826824,1.32186902957974,-1.23138884552409,0.21817746684353
"x1",8.896701539516,2.81018152286211,3.1658814447171,0.00154613795780337
"x2",-7.15418512251113,2.78777038118482,-2.56627488791618,0.0102797326270829
