"","Estimate","Std. Error","z value","Pr(>|z|)"
"(Intercept)",0.123534869545891,1.13410692192072,0.108927004286926,0.913260387756701
"x1",-5.04236786259413,2.41653063949099,-2.08661449608445,0.0369229958619237
"x2",4.95563169268508,2.51928289285519,1.96708027778043,0.0491739565713357
