"","Estimate","Std. Error","z value","Pr(>|z|)"
"(Intercept)",-0.397067920193195,1.81579442565161,-0.218674490120601,0.826903621992773
"x1",13.1103936804591,5.33247509778536,2.45859445005267,0.0139482081649248
"x2",-12.3255214971746,4.8521078054694,-2.54024065237812,0.0110776217017902
