"","Estimate","Std. Error","z value","Pr(>|z|)"
"(Intercept)",1.5294118533963,1.02129751829008,1.49751842730113,0.134258414414297
"x1",-7.01638731799199,2.33151996561792,-3.00936188471903,0.00261797079572066
"x2",0.54117262292864,1.40361318796274,0.385556809788969,0.699824925267264
