"","Estimate","Std. Error","z value","Pr(>|z|)"
"(Intercept)",-0.445698171171637,0.919312526027888,-0.48481681534068,0.627806293631469
"x1",1.31844339528737,1.2769205251079,1.03251797536574,0.301829531324224
"x2",-0.765104939301303,1.2356048107929,-0.619214924236435,0.535774781396112
