"","Estimate","Std. Error","z value","Pr(>|z|)"
"(Intercept)",-9.51434937134328,3.68001773683494,-2.58540856368977,0.00972636670123826
"x1",19.6564340420971,6.49059793353082,3.02844733927375,0.002458139150932
"x2",-2.96658405981869,2.1835975277355,-1.35857639612515,0.174280858978401
