"","Estimate","Std. Error","z value","Pr(>|z|)"
"(Intercept)",-18.4115735007163,8.85274293188169,-2.07975919355007,0.0375476256880309
"x1",41.6271796274313,19.5588103758155,2.12830835963845,0.0333115254539108
"x2",-0.268263522615403,2.0331355884067,-0.131945711906815,0.89502723180729
