"","Estimate","Std. Error","z value","Pr(>|z|)"
"(Intercept)",2.71278605747681,1.3677320899817,1.98341917788381,0.0473206266982119
"x1",0.0838211015001878,1.75740722031462,0.0476958900198338,0.961958609665947
"x2",-8.85213228397278,2.84235807796879,-3.11436210398188,0.00184343102241365
