"","Estimate","Std. Error","z value","Pr(>|z|)"
"(Intercept)",-10.4055816318909,3.86425540615349,-2.69277791921335,0.00708594508763902
"x1",1.541305064768,2.44164731348811,0.63125622453888,0.527873004651815
"x2",19.6516809891546,7.37930129493505,2.66308153085483,0.00774286512148828
