"","Estimate","Std. Error","z value","Pr(>|z|)"
"(Intercept)",-1.10928255236648,2.00817221063183,-0.552384176264179,0.580685169624743
"x1",-3.48698779901976,2.19811500095904,-1.58635367007567,0.112659103852143
"x2",6.19210028371092,2.61083136634921,2.3716967566425,0.0177066163050093
