"","Estimate","Std. Error","z value","Pr(>|z|)"
"(Intercept)",23.9575339606782,11.6209619478232,2.06157924518167,0.0392478116971455
"x1",0.305587518988872,2.89718713999313,0.105477314451146,0.915997070009418
"x2",-48.6289424852393,23.047914546947,-2.10990640329673,0.0348664186080928
