"","Estimate","Std. Error","z value","Pr(>|z|)"
"(Intercept)",-4.11283991155079,2.46708145179556,-1.66708720077217,0.0954970668027954
"x1",0.608354330819477,2.189011696736,0.277912782159449,0.781079311538124
"x2",8.52706987738399,3.53668563103798,2.41103416219705,0.0159073583659402
