"","Estimate","Std. Error","z value","Pr(>|z|)"
"(Intercept)",-10.6331019606017,4.93333794308908,-2.15535649154082,0.0311339482807745
"x1",18.0870168925836,8.49001809756036,2.13038614108267,0.0331397470293777
"x2",-0.0989949562143215,2.17347594426613,-0.0455468377625624,0.963671442476046
