"","Estimate","Std. Error","z value","Pr(>|z|)"
"(Intercept)",-8.7807275571362,2.80687944485472,-3.12828809702965,0.00175827744017223
"x1",14.1073930304541,4.54623464275506,3.10309390935988,0.00191508860492819
"x2",2.22861254339629,1.95501931580858,1.13994400227936,0.254309631393115
