"","Estimate","Std. Error","z value","Pr(>|z|)"
"(Intercept)",-1.19101783636723,2.16453999861203,-0.550240622548413,0.582154344449987
"x1",-5.89096584361647,2.72246339851383,-2.16383656317741,0.0304768949283348
"x2",7.02906303923965,2.97082548981929,2.3660302711578,0.0179799742263868
