"","Estimate","Std. Error","z value","Pr(>|z|)"
"(Intercept)",-1.10021914682903,1.72346475758311,-0.638376353208355,0.523228720156584
"x1",13.7383533133798,4.72820808162479,2.90561520901991,0.00366531886947557
"x2",-11.0640652304625,4.11345332876501,-2.68972669583791,0.00715105582509837
