"","Estimate","Std. Error","z value","Pr(>|z|)"
"(Intercept)",-4.6749091273617,3.03527743963242,-1.54019170251792,0.123513631859409
"x1",0.57218830004141,2.74925096586123,0.2081251610517,0.835131241616848
"x2",9.62149149758611,4.39045427855718,2.19145693979257,0.028418742528889
