"","Estimate","Std. Error","z value","Pr(>|z|)"
"(Intercept)",-0.895695164147525,1.77422233434873,-0.504838174340937,0.613672501097702
"x1",17.1735189040026,5.72163420657964,3.00150591316268,0.00268647821651493
"x2",-13.6358864650042,5.01083532563065,-2.72128010179382,0.00650296342156789
