"","Estimate","Std. Error","z value","Pr(>|z|)"
"(Intercept)",0.122852008278203,1.31474903189483,0.0934414137587519,0.925552890998152
"x1",6.47593567884119,3.13230003034805,2.06746978772707,0.0386899081964093
"x2",-4.70239379298061,2.07998895024618,-2.2607782567422,0.0237729916740308
