"","Estimate","Std. Error","z value","Pr(>|z|)"
"(Intercept)",-54.8798042723326,28.1119624119233,-1.95218688287148,0.050916020945088
"x1",2.13122355255708,3.5184413947816,0.605729444781437,0.544694428064562
"x2",108.254711409662,56.6320252391348,1.91154582504413,0.0559344737234173
