"","Estimate","Std. Error","z value","Pr(>|z|)"
"(Intercept)",-8.28733908512753,4.26679305927728,-1.94228756117159,0.0521022980105394
"x1",-0.10394887138067,3.40880503404595,-0.030494226082884,0.975672898159766
"x2",15.104397506092,6.97379635334157,2.16587877546132,0.0303204515920527
