"","Estimate","Std. Error","z value","Pr(>|z|)"
"(Intercept)",-6.41254465415003,2.9671275968329,-2.16119612145927,0.0306801929012309
"x1",12.2930010036408,5.49318993089163,2.23786199972981,0.0252300557756591
"x2",0.280806214596953,2.16580988457223,0.129654138434415,0.896840068423063
