"","Estimate","Std. Error","z value","Pr(>|z|)"
"(Intercept)",12.0285994764204,4.02885362520405,2.9856134264027,0.0028301015921612
"x1",-8.06331323054242,3.17443338799546,-2.54007951813854,0.0110827268007059
"x2",-16.9524365600828,5.85947982308477,-2.89316408144196,0.00381382003371268
