"","Estimate","Std. Error","z value","Pr(>|z|)"
"(Intercept)",0.78020526425658,3.26224369710161,0.239162164662856,0.810979839630291
"x1",-6.61839284837889,3.56610537509849,-1.85591623135817,0.0634654990476043
"x2",4.93732800318156,2.95676032711567,1.66984383478858,0.0949502650691871
