"","Estimate","Std. Error","z value","Pr(>|z|)"
"(Intercept)",-9.8183991009554,4.71819505799145,-2.0809650682681,0.0374371035283673
"x1",12.1556899235742,5.93059751959774,2.04965686567088,0.0403979270235364
"x2",2.16069801889436,2.04001829921642,1.05915619468918,0.289528651178931
