"","Estimate","Std. Error","z value","Pr(>|z|)"
"(Intercept)",10.0406974971072,5.74148301304171,1.74879860731102,0.0803258376344139
"x1",-0.226037240599096,1.68707677815421,-0.133981596763129,0.893417126871735
"x2",-20.347852254723,11.2767898011775,-1.80440112953054,0.0711684461230909
