"","Estimate","Std. Error","z value","Pr(>|z|)"
"(Intercept)",9.86862860400824,4.48469015981618,2.20051514203441,0.0277703668235998
"x1",0.980419853979778,2.46964832354413,0.396987637726817,0.691376576833173
"x2",-20.8829325774521,8.74319734356948,-2.38847777956325,0.016918331369921
