"","Estimate","Std. Error","z value","Pr(>|z|)"
"(Intercept)",-12.0146998389783,5.13063600345123,-2.34175642764296,0.0191932361581033
"x1",0.18899461937085,2.94264706083762,0.0642260575133508,0.948790229328497
"x2",22.1700218280122,9.20747493397107,2.40782863781857,0.0160477115287413
