"","Estimate","Std. Error","z value","Pr(>|z|)"
"(Intercept)",-0.798916747981438,1.48361375227474,-0.538493760088502,0.590236211871644
"x1",7.43998929921144,3.45717667116432,2.15204197149282,0.0313940488167664
"x2",-5.18111917456069,2.64038004474805,-1.96226266172038,0.0497319119052297
