"","Estimate","Std. Error","z value","Pr(>|z|)"
"(Intercept)",-8.63473478482974,3.38170710974086,-2.55336565368354,0.0106687427863303
"x1",20.6265446791859,7.53859424303414,2.73612612832232,0.00621671929652071
"x2",0.265480329910618,1.62501116724345,0.163371388001573,0.870226029269999
