"","Estimate","Std. Error","z value","Pr(>|z|)"
"(Intercept)",6.8144853616745,2.53464673946122,2.68853456206802,0.00717664059659218
"x1",-15.6871213103444,5.41860357752188,-2.89504871244313,0.00379099698015926
"x2",-0.724145902394945,1.61544131365519,-0.448265063096877,0.653961911473249
