"","Estimate","Std. Error","z value","Pr(>|z|)"
"(Intercept)",-25.6728300298788,11.7749626845381,-2.18028971451352,0.0292359930064953
"x1",51.4196254116801,23.5580362163871,2.18267876572464,0.029059474737223
"x2",0.348046736818773,2.28090373741249,0.152591593897604,0.878720354462425
