"","Estimate","Std. Error","z value","Pr(>|z|)"
"(Intercept)",-13.3891759038705,4.54013875837514,-2.9490675541957,0.00318734296366567
"x1",11.1815642985431,3.95171195022026,2.82954943057524,0.00466135987428762
"x2",17.4804831553624,6.23686002305405,2.8027698378266,0.00506658128005598
