"","Estimate","Std. Error","z value","Pr(>|z|)"
"(Intercept)",-6.13000824597991,2.53733461818772,-2.41592425454639,0.0156953259904153
"x1",5.62384425190359,2.69864783947786,2.0839489205052,0.0371648137774264
"x2",5.67113873581027,2.69301613241687,2.10586883143572,0.0352157477745907
