"","Estimate","Std. Error","z value","Pr(>|z|)"
"(Intercept)",-39.3502768135593,18.8214246830262,-2.09071722657885,0.0365534198367217
"x1",-0.256192580512224,2.00556019513801,-0.127741157375032,0.898353818012286
"x2",78.6001739263624,38.0102563670548,2.06786750311131,0.0386524839613875
