"","Estimate","Std. Error","z value","Pr(>|z|)"
"(Intercept)",-5.41251113690037,2.62562269702117,-2.0614199987839,0.0392629885431807
"x1",6.84036548295798,2.94259130587038,2.3246060264338,0.020093036264083
"x2",1.22662812944939,1.81793389421998,0.674737477170862,0.499842569496439
