"","Estimate","Std. Error","z value","Pr(>|z|)"
"(Intercept)",-8.06029958460238,4.08923044037347,-1.97110427062805,0.0487119503621294
"x1",0.579239817675364,2.3567631398163,0.245777697338101,0.805854322532951
"x2",15.5323990525197,8.04791843792502,1.92998962058622,0.0536081238266916
