"","Estimate","Std. Error","z value","Pr(>|z|)"
"(Intercept)",-0.895695164147527,1.77422233434872,-0.504838174340938,0.6136725010977
"x1",17.1735189040026,5.72163420657964,3.00150591316267,0.00268647821651495
"x2",-13.6358864650042,5.01083532563064,-2.72128010179382,0.00650296342156794
