"","Estimate","Std. Error","z value","Pr(>|z|)"
"(Intercept)",-13.2713579850859,7.11622961055032,-1.86494235169284,0.062189485169573
"x1",-0.136751487720585,2.66251468720817,-0.0513617777875915,0.959037241458662
"x2",25.9457613929358,13.3576875086867,1.9423842170333,0.0520906045337373
