"","Estimate","Std. Error","z value","Pr(>|z|)"
"(Intercept)",11.651838591132,4.65176656340188,2.50482014355658,0.0122513674952109
"x1",-1.91257422479579,3.10816446736237,-0.615338810053005,0.538330992302127
"x2",-33.3593662995835,13.6310938963869,-2.4472992815658,0.0143931268338281
