"","Estimate","Std. Error","z value","Pr(>|z|)"
"(Intercept)",2.51147120940885,1.60053834197287,1.56914154665807,0.116614960823725
"x1",4.24593697566938,2.10285960940407,2.01912526955265,0.0434742010310588
"x2",-10.7847338822434,3.52884201359665,-3.05616795557572,0.00224185636898532
