"","Estimate","Std. Error","z value","Pr(>|z|)"
"(Intercept)",23.3964601770979,10.20568182374,2.29249359143003,0.0218771769297317
"x1",1.82107977548695,2.28780779166692,0.795993344423434,0.426035903871555
"x2",-48.9062522221272,20.3411558137561,-2.4043005554804,0.0162034452236981
