"","Estimate","Std. Error","z value","Pr(>|z|)"
"(Intercept)",3.38153339269479,1.67950722315005,2.01340806760715,0.04407171757799
"x1",-7.30611640940082,2.48535194479987,-2.93967074751224,0.00328561182561889
"x2",2.79222236309733,1.65655209951111,1.68556265988941,0.0918800663731966
