"","Estimate","Std. Error","z value","Pr(>|z|)"
"(Intercept)",-18.5105833792605,9.03314191435959,-2.04918549434445,0.0404439799473434
"x1",22.0937078369881,10.1940897396196,2.16730560563149,0.0302115593596878
"x2",0.446405427758902,2.33448105685641,0.191222553058549,0.848351234848933
