"","Estimate","Std. Error","z value","Pr(>|z|)"
"(Intercept)",-22.2362119655174,9.79535701013343,-2.27007672538263,0.0232029282195716
"x1",44.5991541380632,19.5986375947799,2.27562522764043,0.0228684500825652
"x2",0,2.5,0,1
