"","Estimate","Std. Error","z value","Pr(>|z|)"
"(Intercept)",4.07742390032341,1.68091937498018,2.42571057304369,0.0152784494196941
"x1",1.89046392404646,1.90126835814214,0.994317249298655,0.320068440548968
"x2",-11.2086728562403,3.25962481874033,-3.43863894758657,0.000584646418191213
