"","Estimate","Std. Error","z value","Pr(>|z|)"
"(Intercept)",10.8893046551877,5.40392590678425,2.01507290126183,0.0438970111298628
"x1",-21.6704869937527,10.5942125385812,-2.04550238300722,0.0408053545120301
"x2",-0.37610186398299,1.50023945073262,-0.250694556658489,0.802050269477372
