"","Estimate","Std. Error","z value","Pr(>|z|)"
"(Intercept)",-2.29780201011054,1.11861973990565,-2.05414040905835,0.0399621039899288
"x1",4.1376069838851,1.62942815665616,2.5393000403136,0.0111074519505586
"x2",1.06181984870172,1.1896024626113,0.892583768169843,0.372080114825268
