"","Estimate","Std. Error","z value","Pr(>|z|)"
"(Intercept)",-5.55065965773052,2.19195224135627,-2.53229041810512,0.0113320090752285
"x1",5.01112844786398,2.37019916033991,2.11422252261086,0.0344962660808744
"x2",7.24574238159965,2.97809357699117,2.43301366940934,0.0149737355879987
