"","Estimate","Std. Error","z value","Pr(>|z|)"
"(Intercept)",-9.27805694252751,4.65742200890841,-1.99210140819987,0.0463599324975318
"x1",17.9328500488613,9.18086783604232,1.95328484944097,0.0507858517269423
"x2",-0.0245935335361186,1.89830627035442,-0.012955514039116,0.989663284533327
