"","Estimate","Std. Error","z value","Pr(>|z|)"
"(Intercept)",5.06144787470597,2.04844131999324,2.47087764990148,0.0134781923258273
"x1",-5.01541313561258,2.23215201846827,-2.24689586287864,0.0246466831833962
"x2",-1.86564996070265,1.55983721329731,-1.19605427079079,0.231675381251699
