"","Estimate","Std. Error","z value","Pr(>|z|)"
"(Intercept)",-8.07115949878373,3.61710653008505,-2.23138562042682,0.0256555965302896
"x1",15.2754153713687,7.63861141830542,1.99976337777337,0.0455258208684188
"x2",1.19657301195306,2.21364567828435,0.540544055307193,0.588821887432105
