"","Estimate","Std. Error","z value","Pr(>|z|)"
"(Intercept)",7.29987624171465,3.11609791605832,2.34263378056764,0.0191481678555978
"x1",-7.36756217247514,3.54748768184397,-2.07683939543534,0.0378163848316882
"x2",-8.34790984674317,3.64718550016925,-2.28886352129766,0.0220872833367153
