"","Estimate","Std. Error","z value","Pr(>|z|)"
"(Intercept)",22.4558672981567,9.80345495492185,2.29060748495434,0.021986125644018
"x1",-1.47917213855587,2.56089456984695,-0.57759977937876,0.563534355930679
"x2",-44.0377211647313,19.0421078498246,-2.31264949826114,0.0207419177319809
