"","Estimate","Std. Error","z value","Pr(>|z|)"
"(Intercept)",-14.3182628837565,5.16251281015515,-2.77350650938649,0.00554557309118101
"x1",24.379729926921,8.81028202061178,2.76719063815259,0.00565416806439718
"x2",0.868010967242761,2.09611307647743,0.414105029439288,0.678797189627647
