"","Estimate","Std. Error","z value","Pr(>|z|)"
"(Intercept)",12.7494518359255,4.73363992665684,2.69337170411478,0.00707333622559467
"x1",-3.56850183626213,2.52490130312772,-1.41332329776283,0.157560686796156
"x2",-20.7409172618131,7.53195566034626,-2.75372269794531,0.00589216683592109
