"","Estimate","Std. Error","z value","Pr(>|z|)"
"(Intercept)",-0.695077578985327,1.29726062502982,-0.53580411335567,0.592093939065374
"x1",-9.2921406263065,3.11424630418024,-2.98375263826554,0.00284736862026741
"x2",12.053268456834,3.93669436665463,3.06177399976234,0.00220029510897167
