"","Estimate","Std. Error","z value","Pr(>|z|)"
"(Intercept)",-4.49758620825958,2.76914933986254,-1.62417611196182,0.104338227588028
"x1",11.091353988429,4.84410206188161,2.28966149902315,0.0220409469277041
"x2",-1.76070965459556,1.89100847467188,-0.931095591679502,0.351804118747823
