"","Estimate","Std. Error","z value","Pr(>|z|)"
"(Intercept)",0.571659115288588,1.42220463475577,0.401952786060745,0.687718773694193
"x1",13.9444675491674,4.51534811745106,3.08823753705156,0.00201347461378503
"x2",-11.47262184863,3.912703674337,-2.93214687426439,0.00336627504409623
