"","Estimate","Std. Error","z value","Pr(>|z|)"
"(Intercept)",1.51163954490421,1.74114990668638,0.868184605529481,0.385293280384599
"x1",-14.5616831197073,4.83634613194182,-3.01088522666609,0.00260487292906511
"x2",13.2307314953888,4.40991228963973,3.00022554336781,0.00269779759143357
