"","Estimate","Std. Error","z value","Pr(>|z|)"
"(Intercept)",11.4071320115885,4.28467827135986,2.6623077134723,0.00776068961193964
"x1",-26.2656409607346,10.2756602998553,-2.55610249796837,0.0105851933851437
"x2",-2.60374326104454,2.32654483527759,-1.11914596338904,0.263077873857751
