"","Estimate","Std. Error","z value","Pr(>|z|)"
"(Intercept)",-2.7718665201729,2.92556872339644,-0.9474624533704,0.343403180011664
"x1",-5.6333219034756,3.29681527929797,-1.70871626895492,0.087503519045162
"x2",12.0292176437269,5.77024401553153,2.0846982573611,0.0370966989488065
