"","Estimate","Std. Error","z value","Pr(>|z|)"
"(Intercept)",-2.79653422585562,2.10774164198627,-1.32679175196266,0.184577579633461
"x1",-0.405533861851192,1.84962166509279,-0.219252331168411,0.826453492648324
"x2",6.16592700076741,3.57289901367485,1.72574902821716,0.0843925734629936
