"","Estimate","Std. Error","z value","Pr(>|z|)"
"(Intercept)",-4.22985269963399,2.09946842948271,-2.01472555635247,0.0439334129025269
"x1",8.77058485889871,3.5699573985494,2.45677577622145,0.0140190156087968
"x2",-2.60132637466991,2.15654526629837,-1.20624705417614,0.227722245735258
