"","Estimate","Std. Error","z value","Pr(>|z|)"
"(Intercept)",-90.052945380996,42.0823405452426,-2.13992245236884,0.0323610342845424
"x1",178.855406602841,83.294106405086,2.14727565156903,0.0317713430541697
"x2",0.0848379164395831,1.98799747040216,0.0426750625705882,0.96596055864073
