"","Estimate","Std. Error","z value","Pr(>|z|)"
"(Intercept)",-3.89047352939767,2.97911354679021,-1.30591649774121,0.191580955575611
"x1",6.53476947998374,3.18013105010204,2.05487427311339,0.0398911499521143
"x2",-2.1701491156269,1.73957671168499,-1.24751561747734,0.212208497422277
