"","Estimate","Std. Error","z value","Pr(>|z|)"
"(Intercept)",5.69367751658067,2.51023904420653,2.26818140277171,0.0233181524730643
"x1",0.663359104770531,2.3492942443672,0.282365270489654,0.777663442066399
"x2",-9.51277000227324,4.05852454663051,-2.3438985998424,0.0190833588056839
