"","Estimate","Std. Error","z value","Pr(>|z|)"
"(Intercept)",0.175025690329182,1.25004079173188,0.140015983067794,0.888647362124805
"x1",4.03244609366769,2.15625725260785,1.87011363731796,0.0614680391049308
"x2",-3.7641361244295,1.93661076358471,-1.94367200431232,0.0519350166941898
