"","Estimate","Std. Error","z value","Pr(>|z|)"
"(Intercept)",-1.52403631809934,1.20951024423529,-1.26004415866929,0.207653432784675
"x1",0.464637098764941,2.52644947594373,0.183909119572392,0.854084750454565
"x2",-0.298945649348078,2.01417844586625,-0.148420637685609,0.882010813928659
