"","Estimate","Std. Error","z value","Pr(>|z|)"
"(Intercept)",-2.05533877906221,1.91591414481135,-1.07277185912972,0.283373489829328
"x1",-4.33268046925276,2.46941965406366,-1.75453388901434,0.0793390683003537
"x2",14.4948238788742,5.04317486780462,2.87414659590895,0.00405120875038099
