"","Estimate","Std. Error","z value","Pr(>|z|)"
"(Intercept)",9.06562389740596,5.16262989142808,1.75600887300837,0.0790868935142567
"x1",1.01276681157175,1.81806637206367,0.55705711690942,0.57748840551779
"x2",-20.0628041074541,10.2094277106468,-1.96512524267466,0.0493997436670733
