"","Estimate","Std. Error","z value","Pr(>|z|)"
"(Intercept)",11.1598498713506,3.89950864282914,2.86186053001129,0.00421162193935955
"x1",-13.4422320062064,5.0523681209737,-2.66058048114193,0.00780060822306501
"x2",-3.32340472023257,1.93645658294224,-1.71622991680145,0.0861199696452201
