"","Estimate","Std. Error","z value","Pr(>|z|)"
"(Intercept)",-10.4126818797783,3.56401087003001,-2.92161900159709,0.00348217220843561
"x1",11.859216628604,4.24265837518941,2.79523251222757,0.0051862400058465
"x2",13.0182450113599,4.53645074233958,2.86969830617979,0.00410863607974875
