"","Estimate","Std. Error","z value","Pr(>|z|)"
"(Intercept)",-9.23273368410049,3.07482975696316,-3.00268125843142,0.00267612555757873
"x1",14.7003064426856,5.05939690897871,2.90554520769017,0.0036661388495105
"x2",1.44614563341714,1.95116884036285,0.741168884773808,0.458591046917416
