"","Estimate","Std. Error","z value","Pr(>|z|)"
"(Intercept)",-1.55422861009067,1.01599234754977,-1.529764091077,0.126075132959742
"x1",3.01482537570246,1.43669964157653,2.09843817625945,0.035866455871639
"x2",-0.921228864713569,1.3180979778122,-0.69890772933484,0.484609696775227
