"","Estimate","Std. Error","z value","Pr(>|z|)"
"(Intercept)",-0.0579002138379044,1.38767129732963,-0.0417247326145065,0.966718137351503
"x1",-4.3345969978938,3.30232978434735,-1.3125875611937,0.189321963298821
"x2",5.53893681115141,2.32872843490538,2.37852414567887,0.0173820984899719
