"","Estimate","Std. Error","z value","Pr(>|z|)"
"(Intercept)",7.4923697714429,3.5269914557495,2.12429484603068,0.0336454964347995
"x1",-13.4017755976448,6.07404327562294,-2.20640107248336,0.0273559300155414
"x2",-0.969923786835468,1.87026975745988,-0.518601010879189,0.604039004000611
