"","Estimate","Std. Error","z value","Pr(>|z|)"
"(Intercept)",10.4327605579731,5.53249439839209,1.88572455870994,0.059332081674234
"x1",-20.6246604155304,10.5671815767428,-1.95176549827847,0.0509660522587741
"x2",0.361814194118064,1.734974722434,0.208541478696862,0.834806199165494
