"","Estimate","Std. Error","z value","Pr(>|z|)"
"(Intercept)",-11.0774700271822,5.44346110539537,-2.03500490087136,0.041850379857026
"x1",21.3438037111443,10.2787148008975,2.07650510054824,0.0378472598796684
"x2",0.384229199196015,2.11746905345925,0.181456819200408,0.8560090237409
