"","Estimate","Std. Error","z value","Pr(>|z|)"
"(Intercept)",-18.8286670145713,9.92192559856369,-1.8976827459074,0.0577378868097331
"x1",37.6232780225575,19.2201508160476,1.95749130080418,0.0502897335633005
"x2",-1.39543221312419,1.82865143232031,-0.763093604642619,0.445407573840076
