"","Estimate","Std. Error","z value","Pr(>|z|)"
"(Intercept)",0.176621346162827,1.55391612682879,0.113662084531727,0.909505669839166
"x1",16.6303604152773,5.25545008855555,3.16440269340434,0.00155401616695796
"x2",-15.780120481348,5.29964045103844,-2.9775832204345,0.00290530759265159
