"","Estimate","Std. Error","z value","Pr(>|z|)"
"(Intercept)",-20.9287430436617,10.5495300756281,-1.98385547921342,0.0472719532693487
"x1",0.344795056422666,2.75446204341452,0.125176913309449,0.900383493978721
"x2",39.8899751829379,18.9599442647815,2.10390782936184,0.0353864878953869
