"","Estimate","Std. Error","z value","Pr(>|z|)"
"(Intercept)",-2.84521005232486,2.64481925738446,-1.07576729274823,0.282031343399211
"x1",7.5673171025212,3.89964575458555,1.94051397966671,0.0523172568928618
"x2",-2.46617485500847,2.42929832012722,-1.01517991206585,0.310020074335485
