"","Estimate","Std. Error","z value","Pr(>|z|)"
"(Intercept)",-5.12924879427152,2.18257171472734,-2.35009404715587,0.0187686681900988
"x1",6.88791953362099,2.97314751623969,2.31670964726719,0.020519553698092
"x2",10.3071986804718,4.45160580625602,2.31538890213205,0.0205916583235614
