"","Estimate","Std. Error","z value","Pr(>|z|)"
"(Intercept)",-8.4308863662136,3.22416875405069,-2.61490232346599,0.00892529756858775
"x1",6.87398654074113,3.63904175067438,1.88895511832676,0.0588978428862
"x2",8.79316651275381,3.92139155871318,2.24235870891693,0.0249381981939633
