"","Estimate","Std. Error","z value","Pr(>|z|)"
"(Intercept)",0.572314683785998,1.5836659935517,0.361385977924843,0.717810928735743
"x1",-5.70839908498565,2.68879741797951,-2.12303055887164,0.0337512911932269
"x2",6.8550316517586,3.84822219152797,1.78135027308201,0.0748552464256685
