"","Estimate","Std. Error","z value","Pr(>|z|)"
"(Intercept)",-0.754232281733247,0.995946319593652,-0.757302142590351,0.448868867561058
"x1",-1.72576527746604,1.39617348606856,-1.23606793474181,0.216433312654522
"x2",1.68225502610729,1.38846172711046,1.2115962530766,0.225666969568316
