"","Estimate","Std. Error","z value","Pr(>|z|)"
"(Intercept)",-2.5894874280025,1.60838982463646,-1.60998744728306,0.107400596701689
"x1",5.36394755045265,2.17499797610507,2.46618507666765,0.0136560753470248
"x2",2.43044090430672,1.86571379546372,1.30268689132067,0.192681679168771
