"","Estimate","Std. Error","z value","Pr(>|z|)"
"(Intercept)",-14.8666545012546,7.13181229983898,-2.08455493165325,0.037109719049214
"x1",32.773190552188,14.6436917268165,2.23804155151474,0.0252183455992828
"x2",0.0727529044032829,2.16481949168421,0.0336069148872462,0.97319060810191
