"","Estimate","Std. Error","z value","Pr(>|z|)"
"(Intercept)",-2.66548768982686,1.60320779306669,-1.66259651515802,0.0963932291585082
"x1",15.6258704244175,6.00396183258402,2.60259323095868,0.00925216553329027
"x2",-1.38080520759645,1.93452006906093,-0.713771456641819,0.475368512364911
