"","Estimate","Std. Error","z value","Pr(>|z|)"
"(Intercept)",-8.43326186906597,2.58317901144422,-3.26468348949269,0.0010958645758742
"x1",9.55822661604537,3.08393259733954,3.09936300951943,0.00193937240329827
"x2",8.57430247124366,2.64517213018484,3.24149130916652,0.00118906059658815
