"","Estimate","Std. Error","z value","Pr(>|z|)"
"(Intercept)",0.726863153568866,2.54244507941972,0.285891388353908,0.774961309696529
"x1",20.5246865686627,7.1823226876478,2.85766700568343,0.00426767990694956
"x2",-22.7222025176106,7.8852468860619,-2.8816095229402,0.00395649705765835
