"","Estimate","Std. Error","z value","Pr(>|z|)"
"(Intercept)",-26.5797892084586,12.1102565373926,-2.19481636300509,0.0281767732362178
"x1",0.0936574639514793,3.48047444348996,0.026909395679276,0.978531999563816
"x2",52.4452633201961,23.7861761208966,2.2048631547011,0.0274636987096391
