"","Estimate","Std. Error","z value","Pr(>|z|)"
"(Intercept)",1.66629884211012,1.03887692683278,1.60394248738409,0.108726730385095
"x1",-3.62671463796378,1.737308829342,-2.08754746232274,0.0368386754241841
"x2",0.894128281720571,1.19077237830341,0.750880939138433,0.452724312557796
