"","Estimate","Std. Error","z value","Pr(>|z|)"
"(Intercept)",4.61876469816457,1.9713362365592,2.3429613946661,0.0191313625476501
"x1",-5.45010576596496,2.22402351555254,-2.45056121387769,0.0142633707751179
"x2",-3.19058256117997,1.92926573234836,-1.6537807662692,0.0981720652997671
