"","Estimate","Std. Error","z value","Pr(>|z|)"
"(Intercept)",12.7220581165897,4.88847286859311,2.60246061675516,0.00925574451973541
"x1",-0.32601323629608,3.31935649038813,-0.0982157949108863,0.921760940577898
"x2",-20.7046879760957,8.05180972065035,-2.57143284484166,0.0101278655575064
