"","Estimate","Std. Error","z value","Pr(>|z|)"
"(Intercept)",9.57412357254923,3.6873144109449,2.5965031742698,0.00941780355003573
"x1",-8.14989894402918,4.67109698040607,-1.74475053252281,0.0810283029555046
"x2",-10.3846835423429,4.30179509160163,-2.41403491361475,0.0157769504938523
