"","Estimate","Std. Error","z value","Pr(>|z|)"
"(Intercept)",-32.2151110517245,15.2344791258587,-2.11461847730936,0.0344624775489853
"x1",63.6348246223578,29.9338962185094,2.12584503393213,0.0335161648794196
"x2",0.36050157426149,1.89635608680729,0.190102258098811,0.849229000641543
