"","Estimate","Std. Error","z value","Pr(>|z|)"
"(Intercept)",-0.120078080241586,1.5060954318335,-0.0797280688219103,0.936453534817166
"x1",-15.892080868916,5.4167982455444,-2.9338513543472,0.0033478449832742
"x2",16.8859524767187,5.61672478717762,3.00636992491914,0.00264387141558413
