"","Estimate","Std. Error","z value","Pr(>|z|)"
"(Intercept)",8.26104212541932,3.94165056849394,2.09583320029704,0.0360969900860986
"x1",-16.1212550622019,7.13866979414025,-2.25829958901237,0.023926987903082
"x2",-0.745150622974944,1.88625538531641,-0.395042277294783,0.692811687352381
