"","Estimate","Std. Error","z value","Pr(>|z|)"
"(Intercept)",-26.7668132994406,12.0901796998067,-2.21393014529542,0.026833584647119
"x1",0.733046980141005,2.19955705198381,0.333270273430672,0.738930276362936
"x2",53.3287582750759,24.6205132474924,2.16602951120474,0.0303089318964043
