"","Estimate","Std. Error","z value","Pr(>|z|)"
"(Intercept)",3.25107699737736,1.34613271831339,2.41512367476718,0.0157298676788075
"x1",0.97973753174183,1.55259562599863,0.631032005588489,0.528019597679862
"x2",-6.03702668062276,2.04155989974943,-2.95706566403646,0.00310581968969695
