"","Estimate","Std. Error","z value","Pr(>|z|)"
"(Intercept)",-17.8516356438851,8.13021897099175,-2.19571400322413,0.0281124202393356
"x1",41.077110430868,18.3920671360877,2.23341455459724,0.0255216192614234
"x2",0.0712012534995776,2.15141923469168,0.0330950157698026,0.973598817413879
