"","Estimate","Std. Error","z value","Pr(>|z|)"
"(Intercept)",-1.42561270670116,2.42495730820852,-0.587891878292222,0.5566048682194
"x1",7.01876016817905,3.06365744227118,2.29097420336127,0.0219649056978721
"x2",-3.48053978058658,2.07135036051046,-1.68032402771728,0.0928942885817086
