"","Estimate","Std. Error","z value","Pr(>|z|)"
"(Intercept)",2.09105226693829,2.24293509713939,0.932283894262118,0.351189828877849
"x1",-11.3827027230814,4.82007668576579,-2.36151900999745,0.0182002387692478
"x2",7.70434194197533,4.50502911396659,1.7101647396884,0.0872354139609888
