"","Estimate","Std. Error","z value","Pr(>|z|)"
"(Intercept)",0.548139935661048,1.00500559218124,0.545409836448153,0.5854716767435
"x1",1.0368392869159,1.37605594996844,0.753486285888073,0.451157749308637
"x2",-2.30031828069846,1.38075159690565,-1.66598994768763,0.0957154166251902
