"","Estimate","Std. Error","z value","Pr(>|z|)"
"(Intercept)",-1.84887450789738,2.1006392514958,-0.88014851030745,0.378778862627144
"x1",6.90316154939238,3.03280007803103,2.27616769051064,0.0228359749061964
"x2",-4.32173163263069,2.08777701930021,-2.07001590336465,0.0384508552046623
