"","Estimate","Std. Error","z value","Pr(>|z|)"
"(Intercept)",-3.66384804987901,1.51022827947282,-2.42602267463695,0.0152653164875062
"x1",8.55407498742772,2.62558658426919,3.2579672057582,0.00112213373284058
"x2",-0.599031814636089,1.36223541777163,-0.439741770637558,0.660124145664248
