"","Estimate","Std. Error","z value","Pr(>|z|)"
"(Intercept)",9.70141035604508,3.83121484677432,2.53220211970444,0.0113348632851247
"x1",-1.39313352252565,2.30087689681768,-0.60547938242697,0.54486051985624
"x2",-15.6292490133951,5.37330062019076,-2.90868687946967,0.00362950179240557
