"","Estimate","Std. Error","z value","Pr(>|z|)"
"(Intercept)",-6.64422877958874,2.09791807952788,-3.16705825857794,0.0015398946542671
"x1",7.87468620138768,2.65921240172451,2.96128515205514,0.00306358153590553
"x2",6.7721819321216,2.44015920320665,2.77530331759591,0.00551502459715039
