"","Estimate","Std. Error","z value","Pr(>|z|)"
"(Intercept)",-16.7670040450198,8.33410532506534,-2.01185410923377,0.0442353181219457
"x1",32.7461100728455,15.8911643886944,2.06064887832526,0.039336550047342
"x2",0.278670687269229,2.00223172899269,0.139180037572088,0.889307882671322
