"","Estimate","Std. Error","z value","Pr(>|z|)"
"(Intercept)",-14.7106545195483,6.66429710127379,-2.20738275860128,0.0272873298833942
"x1",0.297628394053273,3.11079176880711,0.0956760902602635,0.923777830975584
"x2",32.2163209454044,13.9485944678148,2.30964639625455,0.0209077387326483
