"","Estimate","Std. Error","z value","Pr(>|z|)"
"(Intercept)",11.7768348855581,3.87832050815295,3.03658113371522,0.00239277703927704
"x1",-17.3147074484808,6.23829636944376,-2.77555063483216,0.00551083173712729
"x2",-8.59319568396517,3.38209950626776,-2.54078736241797,0.0110603162501673
