"","Estimate","Std. Error","z value","Pr(>|z|)"
"(Intercept)",-1.01150271333089,0.943407193609233,-1.07218041179137,0.283639006802506
"x1",0.632638026657322,1.35266962351713,0.467695892373464,0.640002078966263
"x2",0.111744203091886,1.24619577293285,0.0896682572023989,0.928550841380127
