"","Estimate","Std. Error","z value","Pr(>|z|)"
"(Intercept)",1.72773388079976,1.92299832468904,0.898458339051931,0.368941246277534
"x1",-11.8030369381754,3.97411136684819,-2.96998142443506,0.00297817756819128
"x2",12.2202496705831,4.0581252323826,3.01130422813699,0.00260128082756217
