"","Estimate","Std. Error","z value","Pr(>|z|)"
"(Intercept)",-5.05013767919907,3.13694717457276,-1.60988929623492,0.10742202613718
"x1",11.9579289200868,5.76479359371105,2.07430304757693,0.0380511749638645
"x2",0.318624915705691,2.07861623442875,0.153287033184967,0.878171925847693
