"","Estimate","Std. Error","z value","Pr(>|z|)"
"(Intercept)",-5.85804085969968,2.74758423062208,-2.13206961752483,0.0330011238691496
"x1",11.0176921800634,4.94041946455005,2.23011269774171,0.0257399620574953
"x2",0.352135153437706,1.87751981969389,0.187553361484684,0.851226789464881
