"","Estimate","Std. Error","z value","Pr(>|z|)"
"(Intercept)",-6.85671651031574,2.92607906180817,-2.34331211340497,0.0191133863535096
"x1",10.3288325590012,4.45251293361422,2.31977598111478,0.0203529990572538
"x2",0.860604637707928,1.80623084894411,0.476464366784024,0.633743587544488
