"","Estimate","Std. Error","z value","Pr(>|z|)"
"(Intercept)",-7.63970112584288,3.43706728538197,-2.222738309004,0.0262334510961217
"x1",16.9131336373582,7.35731482227655,2.29881880086855,0.0215152307572639
"x2",0.654213910402653,2.0412268715982,0.320500341978367,0.748589071164865
