"","Estimate","Std. Error","z value","Pr(>|z|)"
"(Intercept)",6.71242961691053,4.31652719964838,1.55505324221224,0.119933389576341
"x1",-15.0943662194846,7.78944020155912,-1.93779858743423,0.0526478001848192
"x2",1.59603272534739,1.96734498074581,0.811262254951513,0.4172150810507
