"","Estimate","Std. Error","z value","Pr(>|z|)"
"(Intercept)",6.22436769151614,2.92376822116873,2.12888547267541,0.0332637369822125
"x1",-11.1566108960439,4.79114199979179,-2.3285911577091,0.0198807349419641
"x2",1.0977721643113,1.96236559913309,0.559412662348069,0.57588012163109
