"","Estimate","Std. Error","z value","Pr(>|z|)"
"(Intercept)",8.73745335985348,3.36572473320412,2.5960094934845,0.00943134593446765
"x1",0.409258063762542,2.62859517923671,0.15569459572751,0.876273757206498
"x2",-16.3893750308761,5.8244746080709,-2.81388041561133,0.00489474331876468
