"","Estimate","Std. Error","z value","Pr(>|z|)"
"(Intercept)",-8.92718625885835,6.56180274717369,-1.36047769230849,0.173678807461756
"x1",-1.56527947069108,3.05175361342315,-0.512911482698405,0.608013240794881
"x2",11.9798292334345,6.01362201448836,1.99211543468678,0.0463583938433433
