"","Estimate","Std. Error","z value","Pr(>|z|)"
"(Intercept)",5.84432320785554,2.63484377932131,2.21809097515487,0.0265486300424708
"x1",-4.84425698562075,2.44099553179928,-1.98454152107768,0.0471955041423215
"x2",-6.9592786032806,2.74439517274636,-2.53581505768221,0.0112185963867014
