"","Estimate","Std. Error","z value","Pr(>|z|)"
"(Intercept)",6.49509467406612,3.57539017424871,1.81661143470333,0.0692766313217012
"x1",-13.3419393523007,6.61834045432437,-2.01590405395104,0.0438100096304343
"x2",-0.66363098804806,1.65434936539399,-0.401143193771536,0.688314701187795
