"","Estimate","Std. Error","z value","Pr(>|z|)"
"(Intercept)",-7.0517598275214,2.95870133901706,-2.38339697708865,0.0171536850969255
"x1",5.71590199717124,2.90179228380249,1.96978330567519,0.0488632106735418
"x2",7.89046481958326,3.42668514728215,2.30265241200859,0.0212984077024205
