"","Estimate","Std. Error","z value","Pr(>|z|)"
"(Intercept)",-1.1974825291603,1.66314823263327,-0.72000950105591,0.471519145754436
"x1",-11.3522250146566,4.30550675397043,-2.63667569541909,0.00837228310609126
"x2",13.8045682205922,4.8676835173128,2.83596256237566,0.00456878012493293
