"","Estimate","Std. Error","z value","Pr(>|z|)"
"(Intercept)",10.6200797411439,3.36721904822999,3.15396164877556,0.00161070251238144
"x1",-1.95982087518912,2.16782522998084,-0.904049297002804,0.365969262044318
"x2",-13.5450541064247,4.45712013406489,-3.03896994000735,0.00237388539810264
