"","Estimate","Std. Error","z value","Pr(>|z|)"
"(Intercept)",9.12543508548142,2.78435666913356,3.27739444685478,0.00104769894743768
"x1",-7.15049600158155,2.86341003682063,-2.4971959690136,0.0125179756686021
"x2",-10.6607319136457,3.39840044116858,-3.13698520765842,0.00170694738948896
