"","Estimate","Std. Error","z value","Pr(>|z|)"
"(Intercept)",0.591292897498845,1.25777025023774,0.470112007647724,0.638274995734844
"x1",-7.12818406340413,2.48314505599948,-2.87062733052258,0.00409658171821556
"x2",6.19353130530811,2.06363619518376,3.00127092157181,0.00268855245103533
