"","Estimate","Std. Error","z value","Pr(>|z|)"
"(Intercept)",13.4838735194974,6.56669469034853,2.0533729913339,0.0400364166782636
"x1",-25.3009969928027,11.8229785697534,-2.13998501676473,0.0323559776355191
"x2",-0.195411784048099,2.08159358463184,-0.093876050296658,0.925207618899718
