"","Estimate","Std. Error","z value","Pr(>|z|)"
"(Intercept)",4.55812808106194,1.48289031321567,3.07381337678143,0.00211341593361593
"x1",-4.73191760493157,1.75778273299963,-2.69198093490009,0.0071029005546524
"x2",-3.76651208433618,1.74181302675187,-2.16240895347991,0.0305866680505396
