"","Estimate","Std. Error","z value","Pr(>|z|)"
"(Intercept)",7.1815338605481,3.56318730242212,2.01548031327637,0.0438543467762862
"x1",-0.660579876656422,1.97315121138452,-0.334784213619851,0.737787869737834
"x2",-13.1596427716658,5.89764094547433,-2.23134010587134,0.0256586089712774
