"","Estimate","Std. Error","z value","Pr(>|z|)"
"(Intercept)",8.71099150007029,4.27417483203205,2.03805221882533,0.0415447108925227
"x1",-18.7215217632231,8.18081166671983,-2.28846751715159,0.0221103096686244
"x2",0.281198736159772,1.89045638500748,0.148746481743698,0.881753682069643
