"","Estimate","Std. Error","z value","Pr(>|z|)"
"(Intercept)",-4.17424950422105,1.67143078546443,-2.49741092513214,0.0125103890930437
"x1",-2.52160695494255,2.08231142661612,-1.21096533530544,0.225908690433999
"x2",9.11176420771498,2.67400758484686,3.4075311750609,0.00065553419676111
