"","Estimate","Std. Error","z value","Pr(>|z|)"
"(Intercept)",-2.1574113281367,1.5569628675878,-1.38565368066817,0.165852678248241
"x1",-3.53933683992907,2.09209938006653,-1.69176324683798,0.0906911238391743
"x2",8.85100420014584,2.80412321600596,3.15642484953023,0.00159716038200559
