"","Estimate","Std. Error","z value","Pr(>|z|)"
"(Intercept)",-7.94711427497321,4.22925888751491,-1.87907964169176,0.0602336194784122
"x1",11.1329683901734,4.66248590229374,2.38777523910506,0.016950704786921
"x2",-1.47174602308168,2.03858373150735,-0.721945338979751,0.47032808461855
