"","Estimate","Std. Error","z value","Pr(>|z|)"
"(Intercept)",13.1792977023743,6.24688480209904,2.10973919319688,0.0348808266084977
"x1",-1.60411568183624,2.01753669715905,-0.795086247548824,0.42656333384428
"x2",-24.5452303826667,11.5160553711128,-2.13139218175667,0.0330568464319435
