"","Estimate","Std. Error","z value","Pr(>|z|)"
"(Intercept)",-0.768435418445732,1.59528506985117,-0.481691600434412,0.630025043847363
"x1",16.0535133709928,5.13391018697993,3.12695641067232,0.00176626112586246
"x2",-13.4588507594785,5.22366969866984,-2.57651259284363,0.00998025700560022
