"","Estimate","Std. Error","z value","Pr(>|z|)"
"(Intercept)",-9.87879628150429,4.47989915539789,-2.205138093254,0.0274444057081628
"x1",19.503734646622,7.84602092847794,2.48581221289268,0.0129256151520407
"x2",0.0901895678170779,1.80910200002591,0.049853224315592,0.960239352508401
