"","Estimate","Std. Error","z value","Pr(>|z|)"
"(Intercept)",-5.66265758728326,2.70148330886175,-2.09612902982146,0.0360707464480454
"x1",1.64423663014277,2.19002751892772,0.750783547664194,0.452782932373517
"x2",10.5622727052126,4.61255289533612,2.28989736158742,0.0220272672272125
