"","Estimate","Std. Error","z value","Pr(>|z|)"
"(Intercept)",-0.450759777997006,1.99561479449474,-0.225875143459804,0.821298530890891
"x1",-14.8238471448803,5.0717488731934,-2.92282751285881,0.00346868611225095
"x2",18.446844151226,6.07811851660941,3.03495960153082,0.00240567907954393
