"","Estimate","Std. Error","z value","Pr(>|z|)"
"(Intercept)",0.104122359117207,0.950228155444515,0.109576167071685,0.91274551274023
"x1",3.29703561568725,2.01313253301936,1.63776381415994,0.101470972832253
"x2",-2.68397546115033,2.05290168807471,-1.30740574511752,0.191074947198682
