"","Estimate","Std. Error","z value","Pr(>|z|)"
"(Intercept)",5.83760055392592,2.18846137366702,2.66744509369354,0.00764303765154855
"x1",-10.4157028714297,3.64442619631979,-2.85798156152749,0.00426345164727525
"x2",-6.03830696490007,2.46506485664847,-2.44955297975804,0.0143033665833187
