"","Estimate","Std. Error","z value","Pr(>|z|)"
"(Intercept)",-22.809621710144,10.9640457157645,-2.08040191563116,0.0374886837088478
"x1",51.3036218089297,24.1793442832323,2.12179541380315,0.0338549219467413
"x2",-0.601830395413994,2.11664862281611,-0.284331744497717,0.776156161004864
