"","Estimate","Std. Error","z value","Pr(>|z|)"
"(Intercept)",7.12254565936733,3.59686832600525,1.98020750658887,0.0476802167282658
"x1",-12.413180754283,5.2400774343916,-2.36889261842068,0.0178414326236132
"x2",0.287501277870014,2.10662862621167,0.136474589917172,0.891446110897083
