"","Estimate","Std. Error","z value","Pr(>|z|)"
"(Intercept)",6.86090324985724,2.56496322549343,2.67485443130959,0.00747617041965261
"x1",-4.68697947203418,2.39130415077705,-1.96000975890547,0.0499946496680467
"x2",-6.70990960402868,2.59236914674484,-2.58833106868832,0.00964422388828979
