"","Estimate","Std. Error","z value","Pr(>|z|)"
"(Intercept)",-5.52016493424656,1.79440236031197,-3.07632505191692,0.00209569244628599
"x1",9.26227555508435,2.71732040351201,3.40860633994919,0.000652956304417608
"x2",1.2759792000928,1.44760210558291,0.881443315930377,0.378077921586392
