"","Estimate","Std. Error","z value","Pr(>|z|)"
"(Intercept)",-5.46860929080542,1.83393950807865,-2.98189185996362,0.00286473169175972
"x1",10.5233427822417,3.33061519977013,3.15957928222028,0.00157997107010818
"x2",0.937068703984906,1.49704421244986,0.62594591141128,0.531350419257443
