"","Estimate","Std. Error","z value","Pr(>|z|)"
"(Intercept)",-0.356703204797855,1.40432099393562,-0.254004039203452,0.799492437585766
"x1",-5.90358672418102,2.91212349818723,-2.02724463020059,0.0426374009706999
"x2",6.2096735466066,2.82919089965061,2.19485844782459,0.0281737532866756
