"","Estimate","Std. Error","z value","Pr(>|z|)"
"(Intercept)",-3.13857227014324,2.00143692589658,-1.56815947059498,0.11684392035294
"x1",15.3257015037284,4.91143877719786,3.12040976157139,0.00180599622414475
"x2",-12.1526013894116,4.20507713852569,-2.88998298701182,0.0038526267594827
