"","Estimate","Std. Error","z value","Pr(>|z|)"
"(Intercept)",-20.9790318440147,9.39407978138546,-2.23321840267794,0.0255345453399819
"x1",30.8558386894045,13.4152837445334,2.30005114144365,0.0214453228425393
"x2",-1.00596064679365,2.05905931747316,-0.488553505116182,0.625157836877098
