"","Estimate","Std. Error","z value","Pr(>|z|)"
"(Intercept)",-23.4820580367643,11.3537706711267,-2.06821669355015,0.0386196511931872
"x1",-0.795488338697366,2.10433519897646,-0.378023586301407,0.705413072482905
"x2",48.0713242065045,23.3273699667615,2.06072627454359,0.0393291615090134
