"","Estimate","Std. Error","z value","Pr(>|z|)"
"(Intercept)",-6.33248826618308,2.43815099832674,-2.59725024025541,0.00939734342278617
"x1",12.1369419560134,3.88574808677942,3.12345053898559,0.00178743904786853
"x2",-2.04982130515042,1.68987625476465,-1.21300083326865,0.225129501931025
