"","Estimate","Std. Error","z value","Pr(>|z|)"
"(Intercept)",15.2726174030387,5.73150484794699,2.66467844103968,0.00770619703084625
"x1",-16.6185338990733,6.3019119196684,-2.63706222983004,0.00836274885571662
"x2",-14.2489976279026,5.32301949595172,-2.67686369338668,0.00743148614551882
