"","Estimate","Std. Error","z value","Pr(>|z|)"
"(Intercept)",3.52254142412475,2.14430160868306,1.64274531617226,0.100435638572974
"x1",5.89440896255995,2.99818305127074,1.96599369076604,0.0492993394163248
"x2",-15.7909468651309,5.45048515561749,-2.89716353944311,0.00376553406798042
