"","Estimate","Std. Error","z value","Pr(>|z|)"
"(Intercept)",-4.73516420902048,3.09687781888582,-1.52901227815441,0.126261400138718
"x1",-3.41793059113245,2.62800539644737,-1.3005797460511,0.193402343511793
"x2",9.31591542285352,4.09312144211968,2.27599291997287,0.0228464333720034
