"","Estimate","Std. Error","z value","Pr(>|z|)"
"(Intercept)",-7.42783170747921,2.61572956476744,-2.83967876783914,0.00451589838849842
"x1",-1.64729199139215,1.9293570046528,-0.853803618210404,0.393213809387886
"x2",15.3497144318304,4.9672804672105,3.09016463498596,0.00200045575758181
