"","Estimate","Std. Error","z value","Pr(>|z|)"
"(Intercept)",1.04783310158024,1.1307822056441,0.926644491176252,0.354111146772682
"x1",-0.276106061540234,1.57467317975932,-0.175341820188006,0.860811052985625
"x2",-4.85868844632368,1.98590792963258,-2.4465829325847,0.0144217614349279
