"","Estimate","Std. Error","z value","Pr(>|z|)"
"(Intercept)",-3.80561267457376,1.93034400213682,-1.97146864515396,0.0486702960135935
"x1",5.51042663879046,2.54475210963747,2.16540802458573,0.0303564520637441
"x2",4.06945801387548,2.02782083324076,2.00681339651289,0.0447695358903278
