"","Estimate","Std. Error","z value","Pr(>|z|)"
"(Intercept)",-5.19184660224293,2.33868034822523,-2.21998983579903,0.0264194575837733
"x1",6.809248561504,2.53940305943841,2.68143670072205,0.00733067817058268
"x2",2.15902369565763,1.86547106666742,1.15736112676067,0.247124849126111
