"","Estimate","Std. Error","z value","Pr(>|z|)"
"(Intercept)",4.69614758495838,1.92428574337552,2.44046270213515,0.014668460579444
"x1",-10.5588953516381,3.37839165750912,-3.12542073923517,0.00177550910438047
"x2",1.90879852910233,1.52287036402836,1.2534215480122,0.210052333567047
