"","Estimate","Std. Error","z value","Pr(>|z|)"
"(Intercept)",-11.0674476352042,5.10756417941368,-2.16687392393662,0.0302444687537551
"x1",20.9597878414302,10.2127243505006,2.05232092065647,0.0401384841475423
"x2",0.841814957073842,1.87869362183213,0.448085279734379,0.654091651251488
