"","Estimate","Std. Error","z value","Pr(>|z|)"
"(Intercept)",19.3674545921951,8.10046470703454,2.39090660754021,0.0168068274751201
"x1",-36.926748182606,15.4527823940936,-2.38965043581537,0.0168644156536587
"x2",-0.0222360346335522,2.03519604832742,-0.0109257457785585,0.991282689562058
