"","Estimate","Std. Error","z value","Pr(>|z|)"
"(Intercept)",-4.89047671339048,2.49430986996605,-1.96065323409759,0.0499194879236699
"x1",8.68687063846879,3.59541579228856,2.4160962571006,0.0156879135094086
"x2",0.554766082283838,1.84134260954676,0.301283465340755,0.763198348257682
