"","Estimate","Std. Error","z value","Pr(>|z|)"
"(Intercept)",-0.76843541844574,1.59528506985117,-0.481691600434418,0.630025043847359
"x1",16.0535133709928,5.13391018697992,3.12695641067232,0.00176626112586246
"x2",-13.4588507594785,5.22366969866984,-2.57651259284362,0.00998025700560029
