"","Estimate","Std. Error","z value","Pr(>|z|)"
"(Intercept)",12.1292130785859,5.8969294720307,2.05686928021016,0.0396988016719455
"x1",-23.6328627737814,11.1858979239686,-2.11273721022806,0.0346232665500888
"x2",0.693262552964106,1.74942418233834,0.396280421845701,0.691898168649224
