"","Estimate","Std. Error","z value","Pr(>|z|)"
"(Intercept)",-7.3604743291329,2.97130237913839,-2.4771879095211,0.0132422163164174
"x1",24.0381373744191,9.60329879904234,2.50311251138164,0.0123106401816372
"x2",0.742493263608394,2.0311960637577,0.36554485155647,0.714704732991675
