"","Estimate","Std. Error","z value","Pr(>|z|)"
"(Intercept)",-6.62380210856193,2.25459627857422,-2.937910512631,0.00330432386219396
"x1",12.6186631515981,4.06943796545317,3.10083683759827,0.00192974591892578
"x2",3.02974622967493,2.04001459589903,1.48515909433468,0.137501685036497
