"","Estimate","Std. Error","z value","Pr(>|z|)"
"(Intercept)",-35.5911078247237,15.274272141109,-2.33013445720495,0.0197990457686557
"x1",72.2023525206433,30.9173348465587,2.33533559341322,0.0195258961532258
"x2",0.256471063834696,2.13083288522818,0.120361885539059,0.904196482787622
