"","Estimate","Std. Error","z value","Pr(>|z|)"
"(Intercept)",-22.4784052674456,11.2413726812479,-1.99961391769731,0.0455419699085555
"x1",-0.158844370538335,2.72944347370686,-0.0581966148295456,0.953592017128926
"x2",44.6354845866289,22.2302393761149,2.00787242239897,0.0446568503849825
