"","Estimate","Std. Error","z value","Pr(>|z|)"
"(Intercept)",6.35090698232418,3.73283216754887,1.70136419138674,0.0888746210300461
"x1",-12.7185083652256,6.4860746917105,-1.96089452708284,0.0498913278977876
"x2",0.205396845943462,1.79881860388871,0.114184301574062,0.909091696041748
