"","Estimate","Std. Error","z value","Pr(>|z|)"
"(Intercept)",-46.6980088956262,21.986311002715,-2.12395835253397,0.033673626264871
"x1",0.628538797069207,2.16450148226481,0.290385015773489,0.771521705766152
"x2",90.848029382311,43.2296239460692,2.10152254610514,0.0355951209606292
