"","Estimate","Std. Error","z value","Pr(>|z|)"
"(Intercept)",18.1278349480919,9.5939693664137,1.88950310927126,0.058824446542615
"x1",-36.6847098480948,19.8309724985378,-1.84986943281777,0.0643323704793284
"x2",-0.112612828920996,1.62289239202838,-0.0693902007761867,0.944679028766963
