"","Estimate","Std. Error","z value","Pr(>|z|)"
"(Intercept)",0.233386391314267,0.957007540154575,0.243871005735827,0.807330725376476
"x1",-0.389971000379941,1.33432846339404,-0.292260122659752,0.770087745895727
"x2",-0.526798124387525,1.21657000469988,-0.433019162360067,0.665000848693959
