"","Estimate","Std. Error","z value","Pr(>|z|)"
"(Intercept)",-6.1006967061099,2.36225795243231,-2.58257007869453,0.00980674432962657
"x1",18.0553738762752,6.52111961237047,2.7687536726093,0.00562711612297281
"x2",0.782928831897067,1.68136525346246,0.465650655195098,0.641465578196536
