"","Estimate","Std. Error","z value","Pr(>|z|)"
"(Intercept)",6.47048211703534,2.99687005733743,2.15907997118302,0.0308439632200681
"x1",4.18346895305425,2.86632653865892,1.45952280615299,0.144421268277296
"x2",-16.5129482136374,5.65557376864185,-2.91976533047732,0.00350295056098539
