"","Estimate","Std. Error","z value","Pr(>|z|)"
"(Intercept)",12.3571048037292,5.3013361279842,2.33094157876535,0.0197564404400373
"x1",-26.5982964751114,11.1431790768841,-2.38695764391763,0.0169884484217786
"x2",-0.154886895213983,1.90371870679751,-0.0813601792433601,0.935155516443457
