"","Estimate","Std. Error","z value","Pr(>|z|)"
"(Intercept)",-14.0427116943938,4.72657580824598,-2.97101162958073,0.00296820540613357
"x1",15.3245169661569,5.94213730173678,2.57895706342527,0.00990991033346013
"x2",14.1514568400838,5.16666622048115,2.73899188300302,0.00616278949531503
