"","Estimate","Std. Error","z value","Pr(>|z|)"
"(Intercept)",-5.61903558442436,2.95018070129706,-1.90464115704978,0.0568267327604058
"x1",0.0210980222007926,2.37959799212826,0.00886621281014068,0.992925878368582
"x2",10.7881347378435,4.52149688875785,2.38596531265275,0.0170343576723491
