"","Estimate","Std. Error","z value","Pr(>|z|)"
"(Intercept)",0.273661572109808,1.30425791428448,0.209821668791589,0.83380686025181
"x1",5.26212660317992,2.55063944242548,2.06306172313246,0.039106764253528
"x2",-5.86059228899235,2.63733975616493,-2.222160521902,0.0262724593579406
