"","Estimate","Std. Error","z value","Pr(>|z|)"
"(Intercept)",-7.03878615502687,2.40954047477484,-2.92121515646448,0.00348668944891086
"x1",11.7417031423567,4.04795912855202,2.90064765218043,0.00372392349632183
"x2",7.67063877770235,2.72111564841182,2.81893155925928,0.00481837907024509
