"","Estimate","Std. Error","z value","Pr(>|z|)"
"(Intercept)",-4.79741048872609,1.85643378542288,-2.58420770317605,0.00976029963767233
"x1",7.16437236770323,2.96069950345578,2.41982422037118,0.0155280112229198
"x2",2.81087646253599,2.26826858736504,1.2392167656835,0.215265233293883
