"","Estimate","Std. Error","z value","Pr(>|z|)"
"(Intercept)",1.05400676485866,2.12664854043591,0.495618690544236,0.62016346342565
"x1",5.97233599895581,2.8950545440651,2.06294420642236,0.039117929417484
"x2",-16.0028743241294,5.88285973262937,-2.72025427282742,0.00652317343501413
