"","Estimate","Std. Error","z value","Pr(>|z|)"
"(Intercept)",9.43748621666798,4.52864790944258,2.08395229776863,0.0371645065449843
"x1",-0.754419553155203,2.05880104245243,-0.366436356694546,0.714039494734328
"x2",-20.4797135316115,9.0892595155313,-2.25317733492114,0.0242479698835041
