"","Estimate","Std. Error","z value","Pr(>|z|)"
"(Intercept)",-3.00224985006263,2.10154952056403,-1.42858867739498,0.153122490392864
"x1",17.3484347231879,5.55381838805377,3.12369499883257,0.00178595480273084
"x2",-10.8163456589982,4.52065240311106,-2.39265147914371,0.0167271217033087
