"","Estimate","Std. Error","z value","Pr(>|z|)"
"(Intercept)",5.51501148764082,2.87610496919562,1.91752788813659,0.0551709014962934
"x1",-0.00337661612522669,2.31361334651195,-0.00145945567366187,0.9988355232642
"x2",-13.6848306877853,5.72322814751183,-2.39110347081563,0.0167978181013916
