"","Estimate","Std. Error","z value","Pr(>|z|)"
"(Intercept)",-5.00150559271114,2.14817291098306,-2.32826024718015,0.0198982887968107
"x1",5.54191239172363,2.35712612057745,2.35113104188331,0.0187164411010973
"x2",5.07017361093998,2.68208898558861,1.890382324443,0.0587068456467961
