"","Estimate","Std. Error","z value","Pr(>|z|)"
"(Intercept)",-23.1187603330262,10.8132444644309,-2.13800403838765,0.032516415474093
"x1",44.0371050052146,20.6942740325997,2.12798501343139,0.0333383261564331
"x2",0.264788693045609,1.86474228490433,0.141997473425232,0.887082001379441
