"","Estimate","Std. Error","z value","Pr(>|z|)"
"(Intercept)",2.12206105572609,1.0360435316216,2.04823541768043,0.0405369376130091
"x1",-1.61467917939146,1.39651046785633,-1.15622418632495,0.247589469255465
"x2",-2.02642111938515,1.37100688578978,-1.4780532033709,0.139393538325693
