"","Estimate","Std. Error","z value","Pr(>|z|)"
"(Intercept)",-4.75949671859344,2.24862839487354,-2.11662217262942,0.0342919267891874
"x1",4.90371746619032,2.77266036713538,1.76859651629697,0.0769612325484526
"x2",5.97050501432096,2.51364208431234,2.37524071210573,0.0175375090936748
