"","Estimate","Std. Error","z value","Pr(>|z|)"
"(Intercept)",12.3647638620591,5.94167875081494,2.08102194356488,0.0374318975754775
"x1",-1.02121815570434,2.20018517097394,-0.46415100382314,0.642539561925104
"x2",-22.4495601339305,11.0853258223787,-2.02516015258748,0.0428509218667622
