"","Estimate","Std. Error","z value","Pr(>|z|)"
"(Intercept)",-0.0108752414507556,0.929194682100324,-0.0117039428445431,0.99066181789855
"x1",-1.20688923291486,1.28744540961227,-0.937429442758525,0.348537701812406
"x2",1.61268498386429,1.30601630956617,1.23481228530751,0.216900374062887
