"","Estimate","Std. Error","z value","Pr(>|z|)"
"(Intercept)",26.6836954462823,13.2472713525309,2.0142786190595,0.0439802894568534
"x1",-53.0389553813855,25.4697752442318,-2.08242730345245,0.0373034566706011
"x2",0.18090541995464,2.39174200865731,0.0756375141214323,0.93970748998378
