"","Estimate","Std. Error","z value","Pr(>|z|)"
"(Intercept)",6.44601243793453,3.84557821407879,1.67621410333964,0.0936962626755918
"x1",-13.8064236537179,6.52159261839639,-2.11703251975172,0.0342570879404824
"x2",1.65641287335445,1.93122602243174,0.85770016254687,0.391058050266917
