"","Estimate","Std. Error","z value","Pr(>|z|)"
"(Intercept)",-10.641617416242,3.35392979308032,-3.17288019510645,0.00150934793779568
"x1",10.3545466678597,3.7097542636643,2.7911678057166,0.00525182366628208
"x2",13.060869269052,4.0785596419308,3.20232396132596,0.00136323592936512
