"","Estimate","Std. Error","z value","Pr(>|z|)"
"(Intercept)",-21.8804534058597,9.13902996193115,-2.39417678867487,0.0166577175898684
"x1",27.2650194405861,11.5260610282476,2.36551059149922,0.0180052282732013
"x2",0.449991495389421,2.09038698315386,0.215267076869422,0.829559096742003
