"","Estimate","Std. Error","z value","Pr(>|z|)"
"(Intercept)",11.5960063272417,5.66435022971059,2.0471909145763,0.0406393431455656
"x1",1.22032322140834,2.37814322568115,0.513141180156973,0.607852567402971
"x2",-25.0701711388247,10.7558050746834,-2.33085026780877,0.0197612564295623
