"","Estimate","Std. Error","z value","Pr(>|z|)"
"(Intercept)",-5.52677909491023,2.14454597548263,-2.57713248309654,0.00996237591090391
"x1",10.5525670996996,4.15250183726904,2.54125525122938,0.0110455248677587
"x2",10.3951513675387,4.33977770726166,2.39531885472952,0.0166059173608919
