"","Estimate","Std. Error","z value","Pr(>|z|)"
"(Intercept)",-1.66055541478038,1.52511615967452,-1.0888058619317,0.276239506073996
"x1",-6.67692671252092,2.74511847213556,-2.43229091213925,0.0150036512935048
"x2",8.95705556030584,2.60192776898041,3.44246895209383,0.000576430029427784
