"","Estimate","Std. Error","z value","Pr(>|z|)"
"(Intercept)",6.58579104195012,2.20205861113042,2.99074284792507,0.00278299743693627
"x1",-12.0810886430075,3.92751090127407,-3.07601657810508,0.00209786180627999
"x2",-2.34488923178375,1.75624995757964,-1.33516827810509,0.181821276631466
