"","Estimate","Std. Error","z value","Pr(>|z|)"
"(Intercept)",5.79060263517342,3.05099813336062,1.89793712813426,0.0577043646956855
"x1",-10.1935871293475,4.57846961027925,-2.2264179948823,0.0259861962509807
"x2",-0.688426390383797,2.16272245618395,-0.318314718754298,0.750246220568766
