"","Estimate","Std. Error","z value","Pr(>|z|)"
"(Intercept)",-12.3571048037293,5.30133612798421,-2.33094157876534,0.0197564404400375
"x1",26.5982964751114,11.1431790768841,2.38695764391763,0.0169884484217787
"x2",0.154886895213982,1.90371870679751,0.0813601792433593,0.935155516443458
