"","Estimate","Std. Error","z value","Pr(>|z|)"
"(Intercept)",-2.00152318868555,1.34548990680158,-1.4875794894987,0.136861825803767
"x1",4.32729792129587,1.89661089552482,2.2815949921549,0.0225132626544933
"x2",2.72416772881125,1.87411226360639,1.45357766538974,0.14606343281524
