"","Estimate","Std. Error","z value","Pr(>|z|)"
"(Intercept)",12.6676003906872,4.66483221019484,2.71555327606479,0.00661651298388504
"x1",-11.8208841319107,4.42563764553572,-2.67100135137246,0.00756253423491912
"x2",-11.5355141427471,4.56608761131381,-2.52634533646803,0.0115256124632648
