"","Estimate","Std. Error","z value","Pr(>|z|)"
"(Intercept)",-22.7707223048236,9.9582510368416,-2.28661862616044,0.0222180930917158
"x1",44.8408124376565,20.080594208401,2.23304210882846,0.0255461676378736
"x2",0.488738706146629,2.00925397339635,0.243243866936586,0.807816486217478
