"","Estimate","Std. Error","z value","Pr(>|z|)"
"(Intercept)",-6.25534898640747,2.93941421693145,-2.12809373730853,0.0333293124686354
"x1",9.7655842555768,3.85122063413779,2.53571144925149,0.0112219157723329
"x2",0.0930111376023711,2.1195359158916,0.0438827843892634,0.964997838147783
