"","Estimate","Std. Error","z value","Pr(>|z|)"
"(Intercept)",-10.3419455748456,4.04434061591409,-2.55714010193677,0.0105536702376316
"x1",-0.177449403903513,2.2819418732019,-0.0777624557344773,0.938017011961665
"x2",22.9011830454875,8.10732329686397,2.82475265965353,0.0047317126389383
