"","Estimate","Std. Error","z value","Pr(>|z|)"
"(Intercept)",-5.46422481828832,1.70547927222163,-3.20392332365928,0.00135568576459511
"x1",6.33083493576192,2.00006133269768,3.16532039906141,0.00154912264948494
"x2",3.3560030950804,1.59870928408442,2.09919534995531,0.0357996837597826
