"","Estimate","Std. Error","z value","Pr(>|z|)"
"(Intercept)",-6.34416465035353,3.48770674772091,-1.81900747661747,0.0689102894245743
"x1",14.2946050886118,6.85810127227391,2.0843385831006,0.0371293801142994
"x2",-0.107035955794817,1.93672345392454,-0.0552665149884569,0.955926138545808
