"","Estimate","Std. Error","z value","Pr(>|z|)"
"(Intercept)",-17.1073148612942,8.57576432504688,-1.99484433257215,0.0460598604943266
"x1",36.2309556372552,16.2384905013123,2.23117756138277,0.0256693696905625
"x2",-0.778802139818941,2.18729776047079,-0.35605675363162,0.721798063220898
