"","Estimate","Std. Error","z value","Pr(>|z|)"
"(Intercept)",2.14721196348371,1.61524345166629,1.32934262093348,0.183734958878284
"x1",-11.2424073958261,3.72556194885771,-3.01764070767181,0.00254750744152332
"x2",5.20972477679986,2.23081626280094,2.33534462863324,0.0195254245266661
