"","Estimate","Std. Error","z value","Pr(>|z|)"
"(Intercept)",12.6047361664791,5.87382717244806,2.14591539662645,0.0318797291888976
"x1",0.045402754713529,2.83429886293557,0.0160190427718353,0.987219199708804
"x2",-23.1462468461219,9.62562928973874,-2.40464764945775,0.0161880654017368
