"","Estimate","Std. Error","z value","Pr(>|z|)"
"(Intercept)",-5.44978203566652,3.48060321636713,-1.56575791519112,0.117405302080741
"x1",13.5913165668529,5.82322299234052,2.3339852491876,0.0195964943190951
"x2",-0.239140529060516,2.09968558392305,-0.113893494764919,0.909322222437097
