"","Estimate","Std. Error","z value","Pr(>|z|)"
"(Intercept)",-1.65436939702724,0.993990640798884,-1.66437120142057,0.0960382714900226
"x1",0.883233137052812,1.35892658439447,0.64994911954451,0.515725088116739
"x2",2.71472220200592,1.42419049327472,1.90615104849057,0.0566306111796858
