"","Estimate","Std. Error","z value","Pr(>|z|)"
"(Intercept)",-3.63127208487765,1.81184014043345,-2.0041901069754,0.0450496999148803
"x1",13.7727998111696,4.55725846786517,3.02216780292065,0.00250971381367423
"x2",-1.51308003215736,1.73560845520635,-0.871786506696566,0.383324857039178
