"","Estimate","Std. Error","z value","Pr(>|z|)"
"(Intercept)",-43.5757319731362,19.1347104151856,-2.27731337593454,0.0227675187483631
"x1",-0.515912314280778,2.51912339971522,-0.204798349433418,0.837729676643572
"x2",89.465742309535,38.0550984537143,2.350952853751,0.0187254062924242
