"","Estimate","Std. Error","z value","Pr(>|z|)"
"(Intercept)",-1.38292254051939,1.68261568422891,-0.8218885354995,0.411140338430277
"x1",11.2987857800987,3.87274901380902,2.9175104660309,0.00352837807425182
"x2",-9.41174630910506,3.63168250806279,-2.59156638505976,0.00955401067263015
