"","Estimate","Std. Error","z value","Pr(>|z|)"
"(Intercept)",-6.51302900357254,3.60534441758302,-1.80649287535719,0.070841386025067
"x1",0.382944007384457,1.60606954023459,0.238435508420465,0.811543329697361
"x2",11.6250295846013,5.58033869002408,2.08321219021764,0.0372318864450402
