"","Estimate","Std. Error","z value","Pr(>|z|)"
"(Intercept)",-8.98147092830589,4.80938977037381,-1.86748659541641,0.0618336670111168
"x1",17.3164337561331,8.1530254824533,2.1239273437083,0.0336762195200169
"x2",-0.561166110973403,2.36086628543109,-0.237694999685649,0.812117662212168
