"","Estimate","Std. Error","z value","Pr(>|z|)"
"(Intercept)",-11.1367984978011,5.15801550967148,-2.15912466275433,0.030840496766091
"x1",23.7041436557677,10.6160644215333,2.23285604858303,0.0255584387559888
"x2",-0.990545281313418,2.12586406911106,-0.465949491176838,0.641251654657452
