"","Estimate","Std. Error","z value","Pr(>|z|)"
"(Intercept)",16.024885423231,7.72467149414816,2.07450704348666,0.0380322452954258
"x1",-0.387076164576856,1.86033624563076,-0.208067850898435,0.835175989062926
"x2",-33.5182901751518,16.0285615925423,-2.09116020683646,0.0365137051317966
