"","Estimate","Std. Error","z value","Pr(>|z|)"
"(Intercept)",-19.7115704716361,8.67520509894813,-2.27217342377601,0.0230760377779579
"x1",2.18444872737755,2.78107353029251,0.78546960502256,0.432178284466288
"x2",36.1735990242432,15.5156423734148,2.33142773941636,0.0197308162491824
