"","Estimate","Std. Error","z value","Pr(>|z|)"
"(Intercept)",7.81010595087319,4.28971477600549,1.82065856559019,0.0686587742987274
"x1",-13.3815153266473,6.02304236078486,-2.22172027442019,0.0263022155170697
"x2",0.828220624769671,2.28236357813404,0.362878479443133,0.716695663479326
