"","Estimate","Std. Error","z value","Pr(>|z|)"
"(Intercept)",4.60116574917378,2.1283392174174,2.16185733529686,0.0306291744625971
"x1",-9.14566403192714,3.95763919968803,-2.31088878254694,0.0208389988202109
"x2",0.823186427082725,1.80262443976905,0.456659972494433,0.647915465571842
