"","Estimate","Std. Error","z value","Pr(>|z|)"
"(Intercept)",-12.7004701405563,5.54258137123411,-2.29143593749864,0.021938213064787
"x1",0.0906261691778635,2.92726441313468,0.0309593382720134,0.975301967474046
"x2",24.9421941754378,10.2592977838538,2.43117947260408,0.0150497577138357
