"","Estimate","Std. Error","z value","Pr(>|z|)"
"(Intercept)",33.252795858285,18.5081030805945,1.79666147921718,0.0723893778299024
"x1",-68.3027276815389,36.1986461532625,-1.88688624962243,0.0591756269512364
"x2",1.42207990824731,2.23535200507143,0.636177168079562,0.524660952904221
