"","Estimate","Std. Error","z value","Pr(>|z|)"
"(Intercept)",2.41690199164174,1.62896151352601,1.48370724020985,0.137886604668462
"x1",-12.4427379089735,3.62611103691687,-3.43142771478754,0.000600413120287234
"x2",8.04859824011666,3.33785794851603,2.41130640196806,0.0158954882878582
