"","Estimate","Std. Error","z value","Pr(>|z|)"
"(Intercept)",-1.71467636314018,1.73493934906444,-0.988320637297673,0.32299564144557
"x1",13.1611898850391,4.26975555927232,3.08242233128731,0.00205323303603782
"x2",-6.76465350122627,2.53338357270169,-2.67020500729473,0.00758049481731168
