"","Estimate","Std. Error","z value","Pr(>|z|)"
"(Intercept)",2.02130257889005,1.83014322848155,1.10445048640652,0.269397770686433
"x1",7.21854768203335,3.24443352785096,2.22490231963999,0.0260877962759724
"x2",-9.80533462742216,3.7786813132261,-2.59490912692257,0.00946159311766481
