"","Estimate","Std. Error","z value","Pr(>|z|)"
"(Intercept)",-1.75878665122062,1.66782677733262,-1.05453796228975,0.291636689716237
"x1",13.2182232626972,4.55236068409934,2.90359753542075,0.00368902043882336
"x2",-3.90087564628448,2.14948673054655,-1.81479401144878,0.0695555710572419
