"","Estimate","Std. Error","z value","Pr(>|z|)"
"(Intercept)",11.3545243199825,4.76336058879514,2.38372134721268,0.0171385741906948
"x1",-24.0829009689069,9.51147913989023,-2.53198273525151,0.0113419575614756
"x2",0.943429363155029,1.95089921191439,0.483586931294751,0.628679051397564
