"","Estimate","Std. Error","z value","Pr(>|z|)"
"(Intercept)",1.9426923247406,2.04483833262285,0.950046902851618,0.342088420959463
"x1",5.78557268363986,3.4404870069416,1.68161445515323,0.0926436257422944
"x2",-8.2642547792533,3.0804044469861,-2.68284730835885,0.00729983108938213
