"","Estimate","Std. Error","z value","Pr(>|z|)"
"(Intercept)",-6.69491276561466,4.6055032256377,-1.45367670754104,0.146035958868084
"x1",11.2434333200664,5.29345502576451,2.1240254739753,0.0336680135117022
"x2",-2.80465877759548,2.13141165328325,-1.31586912048415,0.188217974711122
