"","Estimate","Std. Error","z value","Pr(>|z|)"
"(Intercept)",-15.0702690689813,5.79493832598743,-2.60059179601594,0.00930631171624003
"x1",23.0831451646887,8.52115330725425,2.70892264607391,0.00675020757292418
"x2",0.869569643027292,1.89618903909651,0.458588054828976,0.646530016182468
