"","Estimate","Std. Error","z value","Pr(>|z|)"
"(Intercept)",-1.94348881431204,2.22856166461337,-0.872082134935768,0.38316357145105
"x1",1.00454281543057,1.81588514180939,0.553197331869581,0.580128293784474
"x2",-0.708766525490888,2.56062871986728,-0.276793945171256,0.781938330654894
