"","Estimate","Std. Error","z value","Pr(>|z|)"
"(Intercept)",4.21820912410162,2.11933235928788,1.99034809505716,0.0465526033918931
"x1",-20.6597951406907,7.74641644338429,-2.66701323014139,0.00765286591912894
"x2",0.844640640732507,1.80796781259253,0.467176813021543,0.640373381443154
