"","Estimate","Std. Error","z value","Pr(>|z|)"
"(Intercept)",-20.3545844413003,9.54082132383866,-2.13342056730927,0.032890241348237
"x1",-0.174031252576496,2.47361763335949,-0.0703549530976374,0.943911144577393
"x2",41.0269022462826,19.1601548238414,2.14126152024784,0.0322529543673727
