"","Estimate","Std. Error","z value","Pr(>|z|)"
"(Intercept)",-7.63405246875242,3.26337768724595,-2.33931012600475,0.0193193890225655
"x1",13.8544491863549,5.8583310780555,2.36491400055072,0.018034258158097
"x2",0.608804524544994,2.3386311185962,0.260325161888053,0.79461296513795
