"","Estimate","Std. Error","z value","Pr(>|z|)"
"(Intercept)",6.59053210944623,2.07368420487832,3.17817539138413,0.00148205068128306
"x1",-9.36000022816809,2.77531277245298,-3.37259292756945,0.000744639539205366
"x2",-2.17805165380163,1.56793223142827,-1.38912359229811,0.164795170854356
