"","Estimate","Std. Error","z value","Pr(>|z|)"
"(Intercept)",5.40977423244491,2.03294897938676,2.66104771309941,0.00778979176678292
"x1",0.831722629452596,2.10377965970064,0.395346834739787,0.692586939526807
"x2",-11.2286084341033,3.56671895431534,-3.14816181984789,0.00164300711889117
