"","Estimate","Std. Error","z value","Pr(>|z|)"
"(Intercept)",-26.7654864519824,13.4693459606367,-1.98714076616658,0.0469067997549472
"x1",53.2668504544741,27.0220265721717,1.97123817905391,0.0486966388215867
"x2",0.665245901930464,2.37996933929575,0.279518685785807,0.779846800080306
