"","Estimate","Std. Error","z value","Pr(>|z|)"
"(Intercept)",-1.96589362903582,1.65346711687738,-1.18895235893682,0.234458414639049
"x1",6.05414405875108,2.77284517115887,2.18336895320442,0.0290086503955244
"x2",-3.60594291607775,2.01199565304448,-1.79222202126598,0.0730974085182216
