"","Estimate","Std. Error","z value","Pr(>|z|)"
"(Intercept)",4.04904154842005,3.15919475943392,1.28166886081616,0.19995883284529
"x1",-11.0909820408815,5.37943006144799,-2.0617392389513,0.0392325686403045
"x2",1.51012942503015,2.10725291006228,0.716634162809401,0.473599859186247
