"","Estimate","Std. Error","z value","Pr(>|z|)"
"(Intercept)",2.14479647837511,1.80805372201413,1.18624599051507,0.235525168799418
"x1",-7.32329104096177,3.18225415695824,-2.30129043117089,0.021375220263623
"x2",3.35744932359294,2.32301143445059,1.44530038630094,0.148373529427464
