"","Estimate","Std. Error","z value","Pr(>|z|)"
"(Intercept)",26.3956753178263,12.1796575676335,2.16719354967505,0.0302200990235017
"x1",-54.1852328127716,25.1178837200724,-2.15723718672488,0.0309871883801703
"x2",-0.350268363370483,1.68331537125934,-0.208082436215405,0.835164600878656
