"","Estimate","Std. Error","z value","Pr(>|z|)"
"(Intercept)",8.24049070400339,3.89231614664047,2.11711751911928,0.034249875198761
"x1",0.142537492547028,2.04642404054687,0.0696519830313062,0.944470660896762
"x2",-16.2670156623495,7.02943641771543,-2.31412800339921,0.0206607017457981
