"","Estimate","Std. Error","z value","Pr(>|z|)"
"(Intercept)",5.1260342514632,1.79155934811077,2.86121375597671,0.00422022405643689
"x1",-6.16804391346765,2.11725043490283,-2.91323303648334,0.00357707547596016
"x2",-5.79736135331847,2.33722384379215,-2.48044763393832,0.0131217536252014
