"","Estimate","Std. Error","z value","Pr(>|z|)"
"(Intercept)",1.0012003016111,1.29974823148733,0.770303261321159,0.441120022255259
"x1",-6.32977979183406,2.78735700159399,-2.27088951584397,0.0231536670910246
"x2",4.00216790754832,2.32050625294902,1.72469602375005,0.084582268006168
