"","Estimate","Std. Error","z value","Pr(>|z|)"
"(Intercept)",0.10873332716228,1.78776837466409,0.0608207017772708,0.951502003206601
"x1",18.9768800739019,6.55500967860082,2.89501938278642,0.00379135121214896
"x2",-17.2300476982863,6.3226360846704,-2.72513670999689,0.0064274867226692
