"","Estimate","Std. Error","z value","Pr(>|z|)"
"(Intercept)",2.20992651918628,1.35492797694244,1.63102877554662,0.102884247858661
"x1",2.87519254918901,1.9134772021938,1.50260089113819,0.132941993462907
"x2",-7.66387712096475,2.20673961288454,-3.47294129140452,0.000514787949181602
