"","Estimate","Std. Error","z value","Pr(>|z|)"
"(Intercept)",11.9534834971758,6.29642817797912,1.89845467291781,0.0576362133504226
"x1",-23.4625246425067,11.1594089913243,-2.10248810315558,0.0355105407115536
"x2",0.552066967862834,2.23850547271041,0.246623014593029,0.805199991546935
