"","Estimate","Std. Error","z value","Pr(>|z|)"
"(Intercept)",-15.6414134142739,6.67588680424007,-2.34297163402165,0.0191308375170401
"x1",36.8362114490928,15.6353961863205,2.35594998745992,0.0184754049358803
"x2",1.04699391650286,1.91428424153838,0.546937541345197,0.584421643029965
