"","Estimate","Std. Error","z value","Pr(>|z|)"
"(Intercept)",-13.0448567623686,5.76431905880437,-2.26303517020697,0.0236335213334971
"x1",1.36571541008791,2.60095105708209,0.525083086961294,0.599525432922735
"x2",27.1011370269347,11.5503836489456,2.34634085331085,0.0189587607571551
