"","Estimate","Std. Error","z value","Pr(>|z|)"
"(Intercept)",-0.507316403169277,1.7282705662573,-0.293539919659634,0.769109491138318
"x1",-4.09978575520965,2.95536318164559,-1.38723584995291,0.165369857072128
"x2",5.57882786667764,2.48595781697737,2.24413617503004,0.024823641054591
