"","Estimate","Std. Error","z value","Pr(>|z|)"
"(Intercept)",-13.7734978838432,6.11947536248525,-2.25076449662336,0.0244004573159816
"x1",1.59634111855443,2.31058210780899,0.690882662494155,0.489639282355439
"x2",24.379793105446,10.9531830435162,2.22581810315658,0.0260263677234801
