"","Estimate","Std. Error","z value","Pr(>|z|)"
"(Intercept)",-0.142827419134824,0.932078242650127,-0.153235439472045,0.878212611030462
"x1",-0.592643164941556,1.38241466702153,-0.428701444710818,0.668140509136984
"x2",-0.807172483498951,1.29662468263479,-0.622518215416621,0.533601170008885
