"","Estimate","Std. Error","z value","Pr(>|z|)"
"(Intercept)",-8.84114888478471,5.14939947142605,-1.71692814547485,0.0859923015917343
"x1",-0.693326881169624,2.90285533616276,-0.238843070315079,0.811227271269313
"x2",13.2980343579499,5.79752102015259,2.29374491471871,0.0218051552002341
