"","Estimate","Std. Error","z value","Pr(>|z|)"
"(Intercept)",1.16091709880264,1.1164973918978,1.03978487296718,0.2984398585734
"x1",-4.29334355552189,1.71908535721923,-2.49745804505411,0.0125087266054557
"x2",0.231070793511599,1.22686294962762,0.188342792144578,0.850607942269814
