"","Estimate","Std. Error","z value","Pr(>|z|)"
"(Intercept)",-1.06440528092162,1.78254805686524,-0.597125713846652,0.550423451298398
"x1",-12.2661067685738,4.23153902193771,-2.8987341733072,0.00374672403921341
"x2",15.9293175230847,5.13616705041255,3.10140175869186,0.00192606771571385
