"","Estimate","Std. Error","z value","Pr(>|z|)"
"(Intercept)",0.0458448187523416,1.42086312364085,0.0322654715922726,0.97426034453741
"x1",5.9012036690592,2.32256914630746,2.54080860345589,0.0110596443755156
"x2",-5.36976368648201,2.53957206241982,-2.11443643042972,0.0344780088857529
