"","Estimate","Std. Error","z value","Pr(>|z|)"
"(Intercept)",7.43966259119162,4.37414549791059,1.70082650308394,0.0889755709961925
"x1",5.01136162971968,3.54962432079804,1.41180056727609,0.158008691401461
"x2",-21.5793010559315,8.71283177198422,-2.47672646742922,0.0132593476096415
