"","Estimate","Std. Error","z value","Pr(>|z|)"
"(Intercept)",-3.4810904537803,1.71976279324622,-2.02416895367844,0.0429527708059874
"x1",5.63176182694502,2.16540688492944,2.60078688496852,0.00930102143316769
"x2",3.47350561460832,2.11043118298603,1.64587485373187,0.0997895271030373
