"","Estimate","Std. Error","z value","Pr(>|z|)"
"(Intercept)",4.9105526320882,2.8005098716655,1.75344949923988,0.0795248807826477
"x1",-9.86555284023971,4.05629380551614,-2.43215933392783,0.0150091031193216
"x2",0.0901037090002438,1.76035187368673,0.0511850558670058,0.95917805992547
