"","Estimate","Std. Error","z value","Pr(>|z|)"
"(Intercept)",-1.64800400727794,1.66334851893327,-0.990774926913591,0.3217954949934
"x1",2.15014445801416,2.85422637666309,0.753319524896241,0.451257928678573
"x2",-1.18649780082634,2.19114062456855,-0.541497787737823,0.588164522075102
