"","Estimate","Std. Error","z value","Pr(>|z|)"
"(Intercept)",-5.76127661353483,2.77544296751195,-2.07580436023138,0.0379120489456658
"x1",0.960751301613274,1.7008980709414,0.564849427503626,0.572176184317842
"x2",10.735627714009,5.59927248438506,1.91732546396839,0.0551965968827704
