"","Estimate","Std. Error","z value","Pr(>|z|)"
"(Intercept)",1.6353133201405,1.0992928539286,1.4876047945698,0.136855148273018
"x1",-0.78644882768008,1.44582096501226,-0.54394620545111,0.586478491704271
"x2",-3.42051293665919,1.58261610639106,-2.16130299877916,0.0306719414387742
