"","Estimate","Std. Error","z value","Pr(>|z|)"
"(Intercept)",0.70400868100956,1.18170375871899,0.595757334116236,0.551337350234095
"x1",-4.3543045098002,1.9015625389166,-2.28985606346717,0.0220296619271902
"x2",4.00004779091019,2.06581005671324,1.93630957401494,0.0528297969095095
