"","Estimate","Std. Error","z value","Pr(>|z|)"
"(Intercept)",30.5819800399432,13.7235005140999,2.22843872877203,0.0258512729057616
"x1",-61.7189356975043,27.7312979472501,-2.2256057330928,0.0260406018480488
"x2",-0.547654852806157,1.96657196187585,-0.278481979517172,0.780642396407269
