"","Estimate","Std. Error","z value","Pr(>|z|)"
"(Intercept)",-23.9482717656908,11.1375829630751,-2.15022162753692,0.0315376882017523
"x1",46.7106793982744,21.7077662957258,2.15179575650174,0.0314134442252049
"x2",-0.202428338493026,1.82799852955355,-0.110737692191943,0.91182435573282
