"","Estimate","Std. Error","z value","Pr(>|z|)"
"(Intercept)",9.39333346905399,4.43086136206792,2.11997909694697,0.0340078081350642
"x1",1.22095504375613,1.92493317008461,0.634284380741627,0.525895247975414
"x2",-19.6760088150202,8.4090671687033,-2.33985630275971,0.0192911606795451
