"","Estimate","Std. Error","z value","Pr(>|z|)"
"(Intercept)",6.22557176993748,3.25633672479777,1.91183292640724,0.0558976270309919
"x1",0.234071471990506,2.12671989820545,0.110062200569063,0.912360045558672
"x2",-10.3984086074086,4.21853020345824,-2.46493638919173,0.0137037577477758
