"","Estimate","Std. Error","z value","Pr(>|z|)"
"(Intercept)",3.67522141777859,1.38145309092049,2.6604026165881,0.00780472933635021
"x1",-1.27232139950157,1.4710000841458,-0.864936320000551,0.387073741434615
"x2",-6.83234884442141,2.22679159824949,-3.06824798952556,0.00215317852872361
