"","Estimate","Std. Error","z value","Pr(>|z|)"
"(Intercept)",1.74114518037878,1.39460039242208,1.24849038465767,0.211851527482057
"x1",-4.16906255873943,2.09245827169426,-1.99242327320762,0.0463246359106581
"x2",2.65445775751896,1.81282850769604,1.46426302667347,0.143122095261458
