"","Estimate","Std. Error","z value","Pr(>|z|)"
"(Intercept)",-33.9103575959743,16.6722670202949,-2.03393800943182,0.041957846042871
"x1",66.3127293903229,32.9213709772832,2.01427605904021,0.0439805580834016
"x2",1.24591487660317,2.08762770405682,0.596808939727147,0.550634948678918
