"","Estimate","Std. Error","z value","Pr(>|z|)"
"(Intercept)",-14.8666545012546,7.13181229983898,-2.08455493165325,0.0371097190492139
"x1",32.773190552188,14.6436917268165,2.23804155151474,0.0252183455992828
"x2",0.0727529044032846,2.16481949168421,0.033606914887247,0.973190608101909
