"","Estimate","Std. Error","z value","Pr(>|z|)"
"(Intercept)",0.546908346303179,1.10041075957784,0.497003815659704,0.619186360585414
"x1",-5.53002953107621,1.91098678391774,-2.89380835996104,0.00380600375451182
"x2",5.14471404962429,2.0240505085592,2.5417913376512,0.0110285991577627
