"","Estimate","Std. Error","z value","Pr(>|z|)"
"(Intercept)",-7.75875300031009,4.30785933187567,-1.8010692556509,0.071691964823761
"x1",-0.691811990118014,2.21810537978545,-0.311893202380192,0.75512168872538
"x2",15.3603535274476,7.19015075660794,2.13630479351647,0.0326545784282388
