"","Estimate","Std. Error","z value","Pr(>|z|)"
"(Intercept)",-5.53892301117315,3.01679741714752,-1.83602749713648,0.0663535900118319
"x1",12.8338299247956,5.85877591667053,2.19053094150236,0.0284857533387363
"x2",-0.586492460866835,1.84536916326577,-0.317818500786538,0.750622616175307
