"","Estimate","Std. Error","z value","Pr(>|z|)"
"(Intercept)",7.49032709132833,3.15640716806743,2.3730547716106,0.0176416476482358
"x1",-2.76980557988454,2.8549843097495,-0.970164904383509,0.331964301236349
"x2",-10.9672928738161,4.88300930764967,-2.24601105237192,0.0247032999808566
