"","Estimate","Std. Error","z value","Pr(>|z|)"
"(Intercept)",-7.2579014393803,3.20410076166077,-2.26519138418678,0.0235009376318774
"x1",8.20048880210167,3.78353392639282,2.16741516308271,0.0302032121091167
"x2",3.56660101585353,2.35040905475052,1.51743842572633,0.129156028506253
