"","Estimate","Std. Error","z value","Pr(>|z|)"
"(Intercept)",1.10420334517409,2.39167740217859,0.461685737452829,0.644306700478797
"x1",-18.6986180659092,8.20741377004158,-2.27825946026533,0.0227111234930112
"x2",16.5991318853893,7.86532454024161,2.11041919509649,0.0348222645393526
