"","Estimate","Std. Error","z value","Pr(>|z|)"
"(Intercept)",4.80324371708658,2.14511771202059,2.23915158136575,0.0251460550253419
"x1",-5.56509342931986,2.30698958769814,-2.41227505273336,0.0158533167422469
"x2",-4.44018079499791,2.18403422155898,-2.03301795877011,0.0420507086573841
