"","Estimate","Std. Error","z value","Pr(>|z|)"
"(Intercept)",-3.25060294793908,1.75936793360048,-1.84759701814438,0.0646606614024358
"x1",7.7112244323467,3.34199317760268,2.30737288275322,0.0210340416229746
"x2",0.449595707062325,2.07223981481083,0.216961233853799,0.828238556229389
