"","Estimate","Std. Error","z value","Pr(>|z|)"
"(Intercept)",-0.10356521118934,1.16911266919132,-0.0885844571857873,0.929412160886805
"x1",2.05465746252359,2.27701786527899,0.902345780353304,0.366873213571784
"x2",-1.12234209752507,1.92924076013056,-0.581753257923661,0.560732892530187
