"","Estimate","Std. Error","z value","Pr(>|z|)"
"(Intercept)",1.84166353014761,1.70926718594328,1.0774579570082,0.281275723796743
"x1",10.467860559037,4.039890691128,2.59112470097902,0.00956628202793261
"x2",-12.7849459455678,3.97708209447615,-3.21465477499826,0.00130601486423175
