"","Estimate","Std. Error","z value","Pr(>|z|)"
"(Intercept)",-20.372856450858,8.93760966900643,-2.27945247167219,0.022640182203778
"x1",-0.53914927102367,2.87597512130559,-0.187466597687019,0.851294810575543
"x2",44.2260286044977,19.7030132069278,2.24463274424175,0.0247917188843432
