"","Estimate","Std. Error","z value","Pr(>|z|)"
"(Intercept)",-2.59777129336302,2.76864428275591,-0.93828279405298,0.348099099595244
"x1",9.61480456083455,4.4084794272234,2.18097979576832,0.0291849109083778
"x2",-0.864489296732155,2.33447076931576,-0.370314894534122,0.711147877211637
