"","Estimate","Std. Error","z value","Pr(>|z|)"
"(Intercept)",-0.029723146069106,1.45063345876756,-0.0204897700997179,0.983652672642628
"x1",14.2047377173556,4.82120195810784,2.9463063030304,0.00321593765698135
"x2",-15.7808623713827,5.36915986627544,-2.93916790790768,0.00329094734896892
