"","Estimate","Std. Error","z value","Pr(>|z|)"
"(Intercept)",-1.09698171920232,1.7215134429463,-0.637219374438853,0.523981959427462
"x1",0.950818110338696,1.55999015137825,0.609502636602321,0.542191325653823
"x2",-0.530346120573103,2.54622683604484,-0.208287067383561,0.835004828945723
