"","Estimate","Std. Error","z value","Pr(>|z|)"
"(Intercept)",6.45720799327437,2.73175682378959,2.36375651633468,0.018090697837466
"x1",-4.37848520991938,2.75724177463006,-1.58799465835993,0.11228754701144
"x2",-7.57301201301615,3.20797448985183,-2.36068336483746,0.0182412979083713
