"","Estimate","Std. Error","z value","Pr(>|z|)"
"(Intercept)",5.86959061531647,1.915084089049,3.06492579040288,0.00217724012765285
"x1",-7.1087681805699,2.44128731915527,-2.91189329694699,0.00359245331739108
"x2",-1.84678732865926,1.53082940188525,-1.20639656279459,0.22766462073334
