"","Estimate","Std. Error","z value","Pr(>|z|)"
"(Intercept)",15.9211550683714,6.74886202494502,2.35908735569403,0.0183199426824841
"x1",0.91412213907395,3.08472781068942,0.296338022403879,0.76697195153962
"x2",-30.1057765862881,12.6406281375241,-2.38166776672419,0.0172344384208955
