"","Estimate","Std. Error","z value","Pr(>|z|)"
"(Intercept)",4.02198752066338,3.03368083794446,1.32577806813342,0.184913219640706
"x1",5.72917139381142,3.76239058007971,1.52274764458134,0.127821853023511
"x2",-17.8941339412663,6.49981154378899,-2.75302350240683,0.00590476571074705
