"","Estimate","Std. Error","z value","Pr(>|z|)"
"(Intercept)",18.4209175192928,8.72743958729027,2.11068977734537,0.0347989852370473
"x1",-35.0152202227546,15.6495695964302,-2.23745579755382,0.0252565652186194
"x2",-0.624939010909746,2.00619852126792,-0.311504073143661,0.755417446898378
