"","Estimate","Std. Error","z value","Pr(>|z|)"
"(Intercept)",-5.56381521726582,2.78678413254493,-1.99650024997985,0.0458794985740913
"x1",6.87185335122491,3.24006219788426,2.12090167766291,0.0339300774635449
"x2",2.70091643519487,2.00867491619263,1.34462595884572,0.178746055978904
