"","Estimate","Std. Error","z value","Pr(>|z|)"
"(Intercept)",-7.82651118829671,3.70387695356085,-2.11305917729594,0.0345957031574031
"x1",12.6412965230223,5.29662783488015,2.38666882346819,0.0170017992065865
"x2",-0.0632806427017811,1.99965430135876,-0.031645791304418,0.974754525479901
