"","Estimate","Std. Error","z value","Pr(>|z|)"
"(Intercept)",18.3168057481096,7.77040353947569,2.35725283185814,0.0184107070180355
"x1",-1.6125039742183,4.31589339085438,-0.373619973476474,0.708687071729892
"x2",-37.1772179191805,15.8054235471158,-2.35218106040345,0.01866368766839
