"","Estimate","Std. Error","z value","Pr(>|z|)"
"(Intercept)",-40.8795623385073,18.5049960620294,-2.2091094859722,0.0271670264860123
"x1",81.4190784392568,36.6329292397414,2.22256532930839,0.0262451242576324
"x2",0.00698956703310888,2.00552835047284,0.00348514995136368,0.997219258290999
