"","Estimate","Std. Error","z value","Pr(>|z|)"
"(Intercept)",10.824545247324,4.00810604024673,2.70066339029734,0.00692013368812375
"x1",-20.2172841989428,7.33892315102501,-2.75480254839827,0.00587275650376436
"x2",-1.57492330687465,1.75684567245995,-0.896449432959829,0.370012775938231
