"","Estimate","Std. Error","z value","Pr(>|z|)"
"(Intercept)",-5.24351419910809,3.2353853875518,-1.62067685020851,0.105086960954769
"x1",-1.84285510268675,2.21018288495487,-0.833802087253235,0.40439251895738
"x2",12.8766586085606,5.92032711812355,2.174991069183,0.029630785642807
