"","Estimate","Std. Error","z value","Pr(>|z|)"
"(Intercept)",3.36256092264445,1.25295178902542,2.68371133837476,0.00728099410135034
"x1",-2.42927919592765,1.52329260461641,-1.59475545838378,0.110766931024179
"x2",-3.05483186921892,1.54721289207348,-1.97440952364677,0.0483351960128023
