"","Estimate","Std. Error","z value","Pr(>|z|)"
"(Intercept)",1.03116112068705,1.24198411319151,0.830253068243599,0.406395716691461
"x1",2.10330741101,1.61082892360175,1.30572985137806,0.19164444271062
"x2",-4.75504914099101,1.70843446644664,-2.78327862986809,0.00538125707371216
