"","Estimate","Std. Error","z value","Pr(>|z|)"
"(Intercept)",2.92081834052029,1.90509749834809,1.53315950656222,0.125236558744379
"x1",-0.387588704023355,1.11104262096797,-0.348851337211239,0.727200920014732
"x2",-4.91873551750163,3.35444935783256,-1.46633172625382,0.142557936266371
