"","Estimate","Std. Error","z value","Pr(>|z|)"
"(Intercept)",5.72829249837371,3.04034230226817,1.88409459490803,0.0595521812276923
"x1",-10.8584378741764,5.42935797095594,-1.99994878441669,0.0455057945372926
"x2",-0.962836832082213,1.77442660635952,-0.542618572462461,0.587392448815765
