"","Estimate","Std. Error","z value","Pr(>|z|)"
"(Intercept)",5.03473727519894,2.63045493747591,1.91401768700516,0.0556178958435783
"x1",-5.3956550207845,2.90819242478826,-1.85532943927442,0.0635491967213694
"x2",-4.39651844960474,2.5780765188728,-1.70534831585488,0.0881294814908525
