"","Estimate","Std. Error","z value","Pr(>|z|)"
"(Intercept)",-0.19079456393675,1.15352161714255,-0.16540181050909,0.868627728723379
"x1",-4.39074703475786,1.98127785162684,-2.21611876958731,0.0266833691062699
"x2",4.93649651064637,1.96230566966388,2.51566134010708,0.0118809284284016
