"","Estimate","Std. Error","z value","Pr(>|z|)"
"(Intercept)",-1.66684685762555,1.22611534480896,-1.35945354952333,0.174002912181922
"x1",5.82538089890766,1.99027773434647,2.92691858949047,0.0034233847917281
"x2",-1.5610529469571,1.34277903995015,-1.16255385324979,0.245010562970289
