"","Estimate","Std. Error","z value","Pr(>|z|)"
"(Intercept)",0.188978123774759,1.27452480634318,0.148273397923865,0.882127008661847
"x1",-7.35167878876712,3.27800993775244,-2.24272620534146,0.0249144756949458
"x2",7.22470982154038,3.06749579432202,2.35524685475149,0.0185104043887383
