"","Estimate","Std. Error","z value","Pr(>|z|)"
"(Intercept)",-10.3190924008424,4.61512858108271,-2.23592738957265,0.0253565278402156
"x1",0.0509387643065554,2.71956137413573,0.0187305073498272,0.985056091174679
"x2",30.7736530053289,12.8050481958856,2.40324382497965,0.0162503483102951
