"","Estimate","Std. Error","z value","Pr(>|z|)"
"(Intercept)",-14.7364847566007,7.84742674424051,-1.87787477817697,0.0603982974797131
"x1",31.8191010962504,16.2163591191198,1.96216060969779,0.0497437883155378
"x2",-0.636998053201191,1.93209974140015,-0.329692116587921,0.741632611056313
