"","Estimate","Std. Error","z value","Pr(>|z|)"
"(Intercept)",0.936090528990471,1.25763943415299,0.744323455172918,0.456680814638661
"x1",2.95371567734711,2.57093873565314,1.14888606110512,0.250602966012795
"x2",-5.20901219415475,2.27205806320005,-2.29264043843061,0.0218687142309762
