"","Estimate","Std. Error","z value","Pr(>|z|)"
"(Intercept)",11.0405892837635,4.19100614877882,2.63435291952043,0.00842978169512989
"x1",-11.2821898416146,4.42923661765033,-2.54720865366631,0.0108588484392469
"x2",-11.5838751621378,4.40544145365472,-2.62944707902721,0.00855238420550783
