"","Estimate","Std. Error","z value","Pr(>|z|)"
"(Intercept)",-11.3638077332944,4.77464829403108,-2.38003032547982,0.0173112133516427
"x1",23.948283068066,9.72169881352314,2.46338459228477,0.0137632195738149
"x2",0.263063718036007,1.65325474518639,0.159118683192619,0.873575368691471
