"","Estimate","Std. Error","z value","Pr(>|z|)"
"(Intercept)",-8.38977463079649,3.81127519144458,-2.20130381811042,0.0277145227635891
"x1",19.7835725086237,7.45723715118081,2.65293594766409,0.00797950113823164
"x2",-0.593947298652714,1.95041478719193,-0.304523582651789,0.760729028986629
