"","Estimate","Std. Error","z value","Pr(>|z|)"
"(Intercept)",-11.5379094779886,5.15742872798703,-2.23714375641831,0.025276945922016
"x1",1.36470724706642,2.18145102371837,0.625596097381191,0.531579899202416
"x2",21.7601723599752,10.0749584848984,2.15982749632091,0.0307860262062075
