"","Estimate","Std. Error","z value","Pr(>|z|)"
"(Intercept)",2.9105777830199,1.51567182136838,1.92032189421597,0.0548172525066591
"x1",-3.69538832966869,1.98639109922467,-1.86035284346122,0.062835621769563
"x2",-5.62499048471361,2.14483322974327,-2.62257708744418,0.00872675232108648
