"","Estimate","Std. Error","z value","Pr(>|z|)"
"(Intercept)",2.62222013740668,1.76507511368842,1.48561390791302,0.137381274174352
"x1",6.56992672320006,3.05839533081527,2.14816137632826,0.0317009378203298
"x2",-12.8976460664509,4.24757758763117,-3.03647097677709,0.00239365151518774
