"","Estimate","Std. Error","z value","Pr(>|z|)"
"(Intercept)",-12.3138470473218,5.14784136980633,-2.39204088912808,0.0167549756401959
"x1",31.0440170264855,12.6515111717867,2.45377936318901,0.0141363687573956
"x2",0.785259733949871,1.89822570660305,0.413680908028122,0.679107810996723
