"","Estimate","Std. Error","z value","Pr(>|z|)"
"(Intercept)",0.0595190178104729,1.13491109605574,0.0524437711617454,0.958175097738585
"x1",8.80035321943293,3.37569244022461,2.60697719809076,0.00913454429647281
"x2",-7.25464916803341,3.11238249615063,-2.33089897434069,0.019758687386334
