"","Estimate","Std. Error","z value","Pr(>|z|)"
"(Intercept)",9.24416568606348,4.47546151552086,2.06552232747501,0.0388736051767208
"x1",-17.5909825314063,8.86613224881548,-1.98406498321255,0.0472485961372357
"x2",0.193230848117284,1.7687245684304,0.10924869341797,0.913005239643815
