"","Estimate","Std. Error","z value","Pr(>|z|)"
"(Intercept)",1.03406203996048,0.959418713971731,1.0778005733073,0.281122763652694
"x1",-2.27405634306063,1.37823796479814,-1.64997366285269,0.0989483229171062
"x2",-0.591203892652732,1.25902197117592,-0.469573928166282,0.638659455336027
