"","Estimate","Std. Error","z value","Pr(>|z|)"
"(Intercept)",5.93522440988234,2.16042406182876,2.74724972506476,0.00600973563401199
"x1",-14.6423945077364,4.59476540726766,-3.18675562512422,0.00143878283727186
"x2",1.67250539875783,1.71794768343601,0.973548504930433,0.330280765331696
