"","Estimate","Std. Error","z value","Pr(>|z|)"
"(Intercept)",-11.4859717814086,4.58145970175822,-2.50705507177127,0.012174174208986
"x1",21.8219783442191,7.88460090370782,2.76767062920802,0.00564584824935263
"x2",-2.19385691293048,2.16395902637454,-1.01381629050806,0.31067042051206
