"","Estimate","Std. Error","z value","Pr(>|z|)"
"(Intercept)",1.38678382234141,1.25567437679719,1.10441357088024,0.26941377656113
"x1",2.73194848471314,1.57723422198672,1.73211337075347,0.0832533790112707
"x2",-3.44484066826135,1.73938498634287,-1.98049350506599,0.047648102438973
