"","Estimate","Std. Error","z value","Pr(>|z|)"
"(Intercept)",-22.4784052674456,11.2413726812479,-1.99961391769731,0.0455419699085554
"x1",-0.158844370538344,2.72944347370686,-0.058196614829549,0.953592017128923
"x2",44.6354845866288,22.2302393761149,2.00787242239897,0.0446568503849823
