"","Estimate","Std. Error","z value","Pr(>|z|)"
"(Intercept)",-3.77515668421324,2.3879653644841,-1.58090931315866,0.113898774581129
"x1",8.36982120075512,3.49215476883537,2.39674978768093,0.0165412148025886
"x2",2.31482558247524,2.89660697375915,0.799150731682151,0.424203016014466
