"","Estimate","Std. Error","z value","Pr(>|z|)"
"(Intercept)",-6.94130270216542,3.13726205215474,-2.21253519367245,0.0269297072561111
"x1",19.1907208666243,6.93872405978623,2.76574204439765,0.0056793440291829
"x2",-3.03791410982675,2.07537867870343,-1.46378785760903,0.143251921129551
