"","Estimate","Std. Error","z value","Pr(>|z|)"
"(Intercept)",6.72964532167727,4.64386625410989,1.44914710145268,0.147296506575092
"x1",0.269863484838869,3.02277268228768,0.0892768041805355,0.928861928029007
"x2",-13.8636486732286,6.53020315886327,-2.12300419082856,0.033753500679533
