"","Estimate","Std. Error","z value","Pr(>|z|)"
"(Intercept)",1.7991256696591,1.16037115178999,1.55047431753518,0.121027713100194
"x1",-5.66441820892781,1.88359446174551,-3.00723872572796,0.00263632640379296
"x2",1.55502210860992,1.45328315027034,1.07000628770838,0.284616478498915
