"","Estimate","Std. Error","z value","Pr(>|z|)"
"(Intercept)",1.43212647822543,1.913134056181,0.748576124918423,0.454112726697418
"x1",-6.58938413658951,2.9346756507375,-2.24535346348533,0.024745450384555
"x2",5.2996597705468,2.17120863795986,2.44088001396611,0.0146515218262924
