"","Estimate","Std. Error","z value","Pr(>|z|)"
"(Intercept)",10.3563869602182,5.3997053498667,1.91795408993453,0.0551168327478957
"x1",-21.0300023438661,10.0235375164496,-2.09806191769661,0.0358996760878217
"x2",0.359983689633525,1.88673409084974,0.19079725721784,0.848684437634636
