"","Estimate","Std. Error","z value","Pr(>|z|)"
"(Intercept)",7.78770226247772,3.63296719148635,2.14362031144343,0.0320633219596111
"x1",-1.59650283060035,2.20177045469466,-0.725099579384515,0.468390942439976
"x2",-12.8118698027451,6.24228837959786,-2.05243158015882,0.0401277380523282
