"","Estimate","Std. Error","z value","Pr(>|z|)"
"(Intercept)",6.43805396965779,3.03954600478152,2.11809722883946,0.0341668341859984
"x1",-0.774672869415347,1.88767059142136,-0.410385621800698,0.681523091902418
"x2",-10.6010378181172,4.47219557325431,-2.37043251898822,0.0177672869377707
