"","Estimate","Std. Error","z value","Pr(>|z|)"
"(Intercept)",4.68061764511804,2.62296641740571,1.78447486557891,0.0743465354276695
"x1",-9.26122434625491,3.84782349719462,-2.40687348393374,0.0160897427089153
"x2",0.191105695469191,2.00973431552948,0.0950900295588784,0.924243317449557
