"","Estimate","Std. Error","z value","Pr(>|z|)"
"(Intercept)",14.1786463409082,6.71237912554633,2.11231309729607,0.0346596032111965
"x1",-0.63960993606046,1.60737164221113,-0.397922869399762,0.69068704176618
"x2",-27.252892834546,12.9490171803097,-2.10463021672307,0.0353235092209778
