"","Estimate","Std. Error","z value","Pr(>|z|)"
"(Intercept)",9.35989295313132,4.22922002647441,2.21314873535534,0.0268873930812452
"x1",-24.8906881652045,10.0896048320776,-2.46696363033665,0.0136264197112836
"x2",0.990836334634952,2.03852681197706,0.486055090771159,0.626928106701774
