"","Estimate","Std. Error","z value","Pr(>|z|)"
"(Intercept)",5.97971700299347,2.91836253327571,2.04899731778065,0.0404623772038039
"x1",-0.946141503770886,2.49133931828895,-0.379772236092149,0.704114493382945
"x2",-12.7248561162452,5.71141025784293,-2.22797094618993,0.0258824525016965
