"","Estimate","Std. Error","z value","Pr(>|z|)"
"(Intercept)",-5.34027197690342,2.50046231995167,-2.13571383751411,0.0327027458246779
"x1",9.5079267340732,4.22660787544131,2.24954076987339,0.0244781119836235
"x2",1.12150119116441,2.01969360681339,0.555282834674057,0.578701217969149
