"","Estimate","Std. Error","z value","Pr(>|z|)"
"(Intercept)",15.534446634462,6.5301975101556,2.37886321360161,0.0173661188196691
"x1",2.63825685491196,3.06875649387176,0.859715282128283,0.389946008599336
"x2",-31.6421828823516,12.3756683399606,-2.55680598519112,0.0105638118152542
