"","Estimate","Std. Error","z value","Pr(>|z|)"
"(Intercept)",-4.04822856453104,1.81728267203087,-2.2276273398937,0.0259053759577977
"x1",6.47533868077037,2.47158784276462,2.61991039473932,0.00879528737210385
"x2",2.45544439209195,1.93566615909746,1.2685267966026,0.204609887538097
