"","Estimate","Std. Error","z value","Pr(>|z|)"
"(Intercept)",-6.63782491641032,3.37674977696572,-1.9657437935407,0.0493282133267463
"x1",0.608682926417434,2.46672349891788,0.246757663225917,0.805095777257864
"x2",10.6599163869539,4.37451530355519,2.43682228709785,0.0148169592114513
