"","Estimate","Std. Error","z value","Pr(>|z|)"
"(Intercept)",2.01255090667394,1.10346800567494,1.82384164862393,0.0681760153712109
"x1",1.6606379784989,1.43005388779604,1.16124153968647,0.24554368613798
"x2",-5.83331051182986,1.93724276874256,-3.01114068197875,0.00260268237029696
