"","Estimate","Std. Error","z value","Pr(>|z|)"
"(Intercept)",18.3864532307953,8.62996181626644,2.1305370315937,0.0331273018935922
"x1",-38.0688551390425,17.3380886822237,-2.19567772646552,0.0281150185091298
"x2",0.26621436541255,2.01380868262649,0.132194466986478,0.894830477419746
