"","Estimate","Std. Error","z value","Pr(>|z|)"
"(Intercept)",-0.449324650220422,0.864875607115409,-0.519525173936908,0.603394562597503
"x1",-0.567065335513622,2.57975108572694,-0.219813973003458,0.826016036890831
"x2",-1.38042348628453,2.18792018231162,-0.630929545531252,0.528086592366656
