"","Estimate","Std. Error","z value","Pr(>|z|)"
"(Intercept)",19.7822865037288,8.47607789033226,2.33389626188927,0.0196011545386781
"x1",-0.926502049596737,2.91489179976494,-0.317851266270484,0.750597760781507
"x2",-35.9705893151784,14.9261054970291,-2.40991123386727,0.0159564022121443
