"","Estimate","Std. Error","z value","Pr(>|z|)"
"(Intercept)",-11.2909371395163,5.6367625448666,-2.00308901601664,0.0451677347509037
"x1",20.0391430222142,10.1912910665224,1.96630072592484,0.0492638830259575
"x2",0.750385419855488,1.876791329548,0.399823575504373,0.689286465111353
