"","Estimate","Std. Error","z value","Pr(>|z|)"
"(Intercept)",22.6897743262636,9.80970245067412,2.31299312495502,0.0207230171382683
"x1",-43.4744091743819,19.2059997622878,-2.26358480227343,0.0235996634544232
"x2",-0.442254374806134,2.04867239417025,-0.215873643860591,0.82908624186842
