"","Estimate","Std. Error","z value","Pr(>|z|)"
"(Intercept)",-42.1447873302822,19.4886147706483,-2.16253375759452,0.0305770579672202
"x1",0.180317859665188,2.90874255770753,0.0619916875033803,0.950569451682143
"x2",86.1088206215264,38.9407656826356,2.21127702837964,0.0270166590962757
