"","Estimate","Std. Error","z value","Pr(>|z|)"
"(Intercept)",-6.69116178164038,3.71510820444996,-1.80106780567675,0.0716921933350755
"x1",13.421295847206,6.15134754057853,2.18184645862876,0.0291208664699554
"x2",0.333466388578095,2.18841969764786,0.152377712984629,0.878889034261789
