"","Estimate","Std. Error","z value","Pr(>|z|)"
"(Intercept)",-1.48486344142949,1.9773185375114,-0.750948020392455,0.452683938921682
"x1",16.525928939677,5.65684367176283,2.92140456738608,0.0034845701149981
"x2",-5.86231314874243,2.93828240128008,-1.9951496650521,0.0460265589614793
