"","Estimate","Std. Error","z value","Pr(>|z|)"
"(Intercept)",0.183299778767348,0.941012494524849,0.194789952135442,0.845557388655464
"x1",-5.58198929250064,2.71921567888599,-2.05279387576475,0.0400925727583746
"x2",5.72590535102513,2.63489177251328,2.17310836473693,0.0297721623018023
