"","Estimate","Std. Error","z value","Pr(>|z|)"
"(Intercept)",0.232312367956942,1.71664327418041,0.135329437077052,0.892351411735851
"x1",15.5977984604963,5.09614945119484,3.0607027148388,0.00220818224418168
"x2",-13.5056217115443,4.81795831554206,-2.80318359500477,0.0050600855260378
