"","Estimate","Std. Error","z value","Pr(>|z|)"
"(Intercept)",25.6948008876607,12.2243626712391,2.10193378409119,0.0355590766108033
"x1",0.114103023034959,2.93749397745301,0.0388436619481661,0.969015033883828
"x2",-51.4172023516916,24.1358487871096,-2.13032501177884,0.0331447899861058
