"","Estimate","Std. Error","z value","Pr(>|z|)"
"(Intercept)",-1.2910120376017,3.1726798343694,-0.406915322377085,0.684070181835154
"x1",6.00041065926975,3.39162939558685,1.76918228951471,0.0768634587597285
"x2",-3.78094796023551,2.26253760543226,-1.67110944417349,0.0947000622970395
