"","Estimate","Std. Error","z value","Pr(>|z|)"
"(Intercept)",-9.86851317486174,3.92451740065245,-2.51458005338977,0.0119174243261229
"x1",-1.28140495657339,2.12349198087637,-0.603442333718894,0.546214466979915
"x2",13.6910372666235,4.9534323449638,2.76394958347282,0.00571063620593877
