"","Estimate","Std. Error","z value","Pr(>|z|)"
"(Intercept)",1.65988367297474,1.19705244059267,1.38664240319574,0.165550831563668
"x1",-0.272237623513425,1.52972042980332,-0.177965606139174,0.858749986837523
"x2",-0.488130412681,1.27415187528814,-0.383102220503041,0.701643973282274
