"","Estimate","Std. Error","z value","Pr(>|z|)"
"(Intercept)",1.67704814428527,1.17435796363007,1.42805532573844,0.15327593471279
"x1",-4.83431012779613,1.80512922940316,-2.67809642049534,0.00740419005558943
"x2",2.81980507193427,1.80441115571616,1.56272868464677,0.118116424483224
