"","Estimate","Std. Error","z value","Pr(>|z|)"
"(Intercept)",0.963817334735359,1.46711648897731,0.656946699172615,0.511215189313281
"x1",6.14800581559815,2.85804741085492,2.15112100388815,0.0314666500703073
"x2",-8.76423392455936,2.41991524574712,-3.6217111074291,0.000292660840359505
