"","Estimate","Std. Error","z value","Pr(>|z|)"
"(Intercept)",8.03652645172413,3.10054628443617,2.59197112846376,0.00954277797071187
"x1",1.14381000497114,2.38017241489038,0.480557625916279,0.630830937809099
"x2",-17.4281790309191,6.17888050202104,-2.82060464273724,0.00479332373012414
