"","Estimate","Std. Error","z value","Pr(>|z|)"
"(Intercept)",-0.926429269572941,1.62790832033667,-0.569091795895083,0.569293845663364
"x1",-5.90212022356875,2.78426598990282,-2.11981191630859,0.0340219099719812
"x2",7.21827570351308,3.25315419967123,2.2188544595404,0.026496627593292
