"","Estimate","Std. Error","z value","Pr(>|z|)"
"(Intercept)",2.46516148344327,3.79730041676635,0.649187900056251,0.516216931700152
"x1",2.26391557848818,3.15482837772001,0.717603402605472,0.473001859037359
"x2",-6.62091403080716,3.30958103589282,-2.00052935975959,0.0454431328571298
