"","Estimate","Std. Error","z value","Pr(>|z|)"
"(Intercept)",7.455133648095,2.58519306735943,2.88378216011148,0.00392930460598764
"x1",-14.7450104286784,4.61107664394087,-3.19773700748478,0.00138510537812326
"x2",0.610975000823533,1.65000086637082,0.370287684858841,0.711168148788364
