"","Estimate","Std. Error","z value","Pr(>|z|)"
"(Intercept)",12.2125412978005,5.23027349172769,2.33497183600746,0.0195448920769252
"x1",-11.6109798786689,5.51003545077852,-2.10724231856411,0.0350965804187926
"x2",-12.9557019253339,5.18866488887577,-2.49692400700424,0.0125275800247091
