"","Estimate","Std. Error","z value","Pr(>|z|)"
"(Intercept)",4.57930639545317,2.06208876253071,2.22071255062424,0.0263704368310205
"x1",-3.95156508643411,2.05091719662526,-1.926730680759,0.0540132022273095
"x2",-5.23460386172162,2.15300629940265,-2.4312998355713,0.0150447586161824
