"","Estimate","Std. Error","z value","Pr(>|z|)"
"(Intercept)",-16.7015495952214,8.17882628797268,-2.0420472335721,0.0411468462486023
"x1",33.1701851806034,15.9103273810654,2.0848210339203,0.0370855486826189
"x2",-0.0014565807296919,2.49876024605964,-0.000582921363499689,0.999534896070242
