"","Estimate","Std. Error","z value","Pr(>|z|)"
"(Intercept)",5.15317942183385,2.19461851390309,2.3480980358035,0.0188695540154927
"x1",-4.96038057304916,2.00065177756983,-2.47938228364483,0.013161016473177
"x2",-3.06515522942977,2.00979562319393,-1.52510792344083,0.127232181253133
