"","Estimate","Std. Error","z value","Pr(>|z|)"
"(Intercept)",14.8349672516728,6.68357459829407,2.21961572112314,0.0264448641804776
"x1",1.50858278240962,2.77373498317634,0.543881369907253,0.586523109889313
"x2",-34.044583307179,14.0881905903128,-2.41653341420498,0.0156690880038233
