"","Estimate","Std. Error","z value","Pr(>|z|)"
"(Intercept)",9.47407629122853,4.28696583998182,2.20997242452221,0.0271070761410984
"x1",-17.9656140248032,8.08024342999113,-2.22340009684868,0.0261888331834834
"x2",-0.72383606714532,2.13063382896321,-0.339728045854574,0.73406133907828
