"","Estimate","Std. Error","z value","Pr(>|z|)"
"(Intercept)",0.697216273053272,1.04134889803377,0.669531868108496,0.503156259023458
"x1",-0.693641897045285,1.4073984848588,-0.492853946133724,0.622115790106053
"x2",-0.981445192625026,1.16622216081752,-0.841559374876767,0.400034637060335
