"","Estimate","Std. Error","z value","Pr(>|z|)"
"(Intercept)",6.31901999298334,3.543686205213,1.78317707241901,0.0745574834552369
"x1",-13.3333768051367,7.01660952654663,-1.90025919992999,0.0573991127777251
"x2",0.476152003914156,1.45077624102789,0.328204991540802,0.742756673997125
