"","Estimate","Std. Error","z value","Pr(>|z|)"
"(Intercept)",6.21252118722588,1.94407326464909,3.19562091624528,0.00139530303611881
"x1",-6.86913293097105,2.34758101216438,-2.92604723559166,0.00343298808391197
"x2",-6.31204908506312,2.28120245578102,-2.76698329386203,0.00565776543852934
