"","Estimate","Std. Error","z value","Pr(>|z|)"
"(Intercept)",-0.517685440038584,1.05967696058708,-0.488531372572048,0.625173509585802
"x1",-3.49050698846897,1.88321504512249,-1.85348295592124,0.0638131668743571
"x2",4.91625077769412,2.11108363473562,2.32878067775358,0.0198706875369177
