"","Estimate","Std. Error","z value","Pr(>|z|)"
"(Intercept)",-0.981590303264307,1.0846553256417,-0.904979010436873,0.365476507032588
"x1",-0.234882588045215,1.39382114715299,-0.168517021373212,0.866176554035548
"x2",0.588004764604045,1.18474279190391,0.496314279033602,0.619672693473044
