"","Estimate","Std. Error","z value","Pr(>|z|)"
"(Intercept)",-17.2819244684221,8.00874337130379,-2.15788216293023,0.030936994643034
"x1",34.843752615649,16.0871207130163,2.16594089378943,0.0303157038600727
"x2",-0.377067278517822,1.92288985525431,-0.196094059931453,0.844536545492604
