"","Estimate","Std. Error","z value","Pr(>|z|)"
"(Intercept)",5.47841593003489,2.09662149799493,2.61297326926872,0.00897583221954933
"x1",-0.535296913618199,1.87775775351944,-0.285072402238736,0.775588672994687
"x2",-10.7232822559443,3.28412747173383,-3.26518454239019,0.00109392780253043
