"","Estimate","Std. Error","z value","Pr(>|z|)"
"(Intercept)",4.56540617267832,3.34977263378634,1.36290031348125,0.172913929917479
"x1",1.88062768219139,1.59471148501535,1.17929023516958,0.238282625229102
"x2",-12.7503032809831,6.51232391470217,-1.95787301860065,0.0502449146362841
