"","Estimate","Std. Error","z value","Pr(>|z|)"
"(Intercept)",-3.83852146991491,1.82848057368859,-2.09929573502193,0.0357908391679285
"x1",5.31410537525392,2.09891089757224,2.53183943225061,0.0113465937058172
"x2",2.55043034966807,2.02697087591605,1.25824716081106,0.208302383986983
