"","Estimate","Std. Error","z value","Pr(>|z|)"
"(Intercept)",6.16915075759854,3.57933993688615,1.72354424736908,0.0847901507822169
"x1",-0.174635072827525,2.32701403461799,-0.0750468498382709,0.94017743618277
"x2",-12.3868320612269,6.09290869104243,-2.03299157911846,0.0420533737728789
