"","Estimate","Std. Error","z value","Pr(>|z|)"
"(Intercept)",-11.1406107905798,4.67631304058653,-2.38234923408431,0.0172025744846319
"x1",23.9430104141135,9.35994673575289,2.55802848991187,0.0105267467602613
"x2",-1.23785095279849,2.01173469971427,-0.615315206808483,0.538346576838524
