"","Estimate","Std. Error","z value","Pr(>|z|)"
"(Intercept)",-30.2006419062951,13.6925530412777,-2.20562533628696,0.0274102435866817
"x1",0.28462924667549,2.6764634579718,0.106345276572982,0.915308409727132
"x2",59.6314874067188,27.2894224097755,2.18515022089137,0.0288778340041392
