"","Estimate","Std. Error","z value","Pr(>|z|)"
"(Intercept)",-8.38244970000094,3.71074215137052,-2.25896851844178,0.0238853432327426
"x1",10.7355938234447,4.56082472156336,2.35387116998541,0.0185790489450034
"x2",1.79975841226413,1.82125932469839,0.988194480520881,0.323057410811197
