"","Estimate","Std. Error","z value","Pr(>|z|)"
"(Intercept)",0.187192196133742,1.20585479595394,0.155236100367835,0.876635189262079
"x1",-8.92339621771927,2.85628377229758,-3.12412803807002,0.00178332837283541
"x2",7.75752363034299,2.75275329345803,2.81809621253706,0.00483093314709723
