"","Estimate","Std. Error","z value","Pr(>|z|)"
"(Intercept)",6.7854147142902,2.90833141222668,2.33309542570155,0.0196431374959242
"x1",-11.7907102045983,5.21780797840697,-2.25970565674172,0.0238395249943631
"x2",-0.823318937713758,1.8999123508662,-0.433345747417451,0.664763607919461
