"","Estimate","Std. Error","z value","Pr(>|z|)"
"(Intercept)",-6.54522554979616,2.61831966753591,-2.49978092092776,0.0124270129227001
"x1",16.1261135653526,5.41516405429162,2.97795475883549,0.00290178813521288
"x2",-1.76297899506001,1.69152214233028,-1.04224411312245,0.297298515728459
