"","Estimate","Std. Error","z value","Pr(>|z|)"
"(Intercept)",-1.23438322610418,0.973357730709353,-1.26817015693152,0.204737191887138
"x1",2.74705959156591,1.59304326590228,1.72440990798201,0.0846338701748506
"x2",-0.011199679843191,1.13517759172522,-0.0098660156127377,0.992128186170946
