"","Estimate","Std. Error","z value","Pr(>|z|)"
"(Intercept)",7.34806023446527,2.91439901063225,2.52129519933894,0.011692371630185
"x1",-5.22809562253816,2.82713264328293,-1.84925728014911,0.0644206711842049
"x2",-9.26132254939683,4.6421742777275,-1.99503982300521,0.0460385367086576
