"","Estimate","Std. Error","z value","Pr(>|z|)"
"(Intercept)",15.2012631774683,6.61355973473008,2.29849941441388,0.0215333811762527
"x1",-1.77646565307162,3.4513665332159,-0.51471370426031,0.60675309558268
"x2",-25.538875945007,11.5266947760131,-2.21562871588766,0.0267169405373835
