"","Estimate","Std. Error","z value","Pr(>|z|)"
"(Intercept)",-4.5804852024517,3.13517703092881,-1.46099730805144,0.144016180187743
"x1",7.24626313630857,3.34861464628058,2.16395850276688,0.0304675343400748
"x2",-2.32620074727124,1.6609059666256,-1.40056137675109,0.161345277482617
