"","Estimate","Std. Error","z value","Pr(>|z|)"
"(Intercept)",-0.0348203707997207,1.4863044149989,-0.0234274825858917,0.981309283085675
"x1",-11.4761994029969,3.91553333133411,-2.93094156833207,0.00337936338786889
"x2",12.1700331970599,3.84735516046832,3.1632206254591,0.00156034033027086
