"","Estimate","Std. Error","z value","Pr(>|z|)"
"(Intercept)",-11.3624217402085,4.17431587165193,-2.72198417407066,0.00648912499786447
"x1",16.336702149583,5.70052029903396,2.86582650224954,0.00415922124545186
"x2",6.91397560240183,3.3453799503802,2.06672357249467,0.0387602086643195
