"","Estimate","Std. Error","z value","Pr(>|z|)"
"(Intercept)",92.5671931821686,45.0420424167918,2.05512868012529,0.0398665774377706
"x1",0.574378299159827,2.31275261276056,0.248352675504811,0.80386154613764
"x2",-184.747242064245,90.16955597079,-2.04888712243513,0.0404731538477798
