"","Estimate","Std. Error","z value","Pr(>|z|)"
"(Intercept)",0.370221928358639,1.35190908029054,0.273851203276979,0.784198972596208
"x1",-11.7310061790187,3.85369507529025,-3.04409299382233,0.00233382986468819
"x2",12.224532763608,4.16099098182092,2.93788975198843,0.00330454513455436
