"","Estimate","Std. Error","z value","Pr(>|z|)"
"(Intercept)",-18.3864532307953,8.62996181626646,-2.1305370315937,0.0331273018935926
"x1",38.0688551390425,17.3380886822238,2.19567772646551,0.02811501850913
"x2",-0.266214365412548,2.01380868262649,-0.132194466986477,0.894830477419747
