"","Estimate","Std. Error","z value","Pr(>|z|)"
"(Intercept)",24.8185017146022,11.2923190755976,2.19782150579098,0.0279618282714893
"x1",-53.7604558282131,23.1444467004399,-2.32282311709752,0.0201886566741944
"x2",0.435916516228215,2.25650968579146,0.193181761626394,0.846816621808304
