"","Estimate","Std. Error","z value","Pr(>|z|)"
"(Intercept)",-5.50456926103562,1.8660157345172,-2.94990506200626,0.00317871589550229
"x1",6.98303488469639,2.28514383993019,3.05584040823868,0.00224430679156192
"x2",5.72506942141062,2.13128528826654,2.68620510493321,0.00722687108962333
