"","Estimate","Std. Error","z value","Pr(>|z|)"
"(Intercept)",-6.37068087271474,2.52737781649487,-2.52066819259734,0.0117132245019253
"x1",16.3184438838398,5.31155470239697,3.07225375584963,0.00212449037562292
"x2",-2.46827958383512,2.09482108440526,-1.17827703865024,0.238686178586542
