"","Estimate","Std. Error","z value","Pr(>|z|)"
"(Intercept)",-0.953279848424471,1.25567172139365,-0.75917919642758,0.447745368959086
"x1",6.12278638972846,2.18109725010115,2.80720467161402,0.00499734791208197
"x2",-2.53396836868286,1.62061937175565,-1.56358020448549,0.117916186699177
