"","Estimate","Std. Error","z value","Pr(>|z|)"
"(Intercept)",0.824991890883809,1.22974780696465,0.670862664858183,0.502308022496268
"x1",-4.48910309178906,1.99932939480393,-2.245304402294,0.0247485976248154
"x2",4.29341262795323,1.94253722801554,2.21020867246869,0.0270906833706013
