"","Estimate","Std. Error","z value","Pr(>|z|)"
"(Intercept)",0.485349982214681,1.66065799323364,0.292263659460433,0.77008504192131
"x1",-5.90911049522874,2.48106483409415,-2.38168322489089,0.0172337150570822
"x2",6.24497718650761,2.99704242388288,2.08371330907515,0.0371862528818245
