"","Estimate","Std. Error","z value","Pr(>|z|)"
"(Intercept)",-7.19236142122028,3.85811173623286,-1.8642180198345,0.0622910938249427
"x1",18.0158600740126,7.84792287013153,2.29562144941297,0.0216975352622935
"x2",-0.658979980635913,1.79699413516477,-0.366712371365358,0.713833577506405
