"","Estimate","Std. Error","z value","Pr(>|z|)"
"(Intercept)",-6.94982477437606,2.69566158955611,-2.57815179817155,0.00993303521254361
"x1",0.19614996866098,2.06824763128196,0.0948387251575866,0.924442927254724
"x2",14.1517865771942,4.69360826648483,3.01511881130907,0.00256878608229921
