"","Estimate","Std. Error","z value","Pr(>|z|)"
"(Intercept)",5.28598139127958,2.18301924272345,2.42140851891209,0.015460491862453
"x1",-4.45370914762703,2.25673864540589,-1.97351570005396,0.048436837620867
"x2",-4.01467347147352,1.92076930332582,-2.09013829225721,0.0366053787679649
