"","Estimate","Std. Error","z value","Pr(>|z|)"
"(Intercept)",4.37702315577567,2.71674571250591,1.61112728939888,0.107151981518451
"x1",0.139941633499462,1.8932426468211,0.0739163750269595,0.941076926104981
"x2",-8.55665694437295,3.60850652080688,-2.37124608062497,0.0177282233422209
