"","Estimate","Std. Error","z value","Pr(>|z|)"
"(Intercept)",2.11210086454657,2.08810085069565,1.0114937043596,0.311780192818749
"x1",-9.83245717973588,4.65089056599865,-2.11410202846272,0.0345065539842385
"x2",-0.822159655933969,2.10586668406584,-0.390413914686473,0.696230500202601
