"","Estimate","Std. Error","z value","Pr(>|z|)"
"(Intercept)",6.84210677752573,2.6483510062832,2.58353472077261,0.00977936232187273
"x1",-7.51349447228563,3.08426785428198,-2.43607067455391,0.0148477832233591
"x2",-5.84012464891362,2.72136868300893,-2.14602478722449,0.0318710011581045
