"","Estimate","Std. Error","z value","Pr(>|z|)"
"(Intercept)",-3.37989062696593,2.23454546330667,-1.51256292721133,0.130390717071083
"x1",10.2454997202061,4.08767067811407,2.50643961487942,0.0121953886581675
"x2",-0.32735512690654,2.11673501824477,-0.154650971465473,0.877096483939669
