"","Estimate","Std. Error","z value","Pr(>|z|)"
"(Intercept)",-8.69156860290263,4.96931650227388,-1.74904709710591,0.0802828786908381
"x1",-0.700858018229042,1.76296708794111,-0.39754458436745,0.690965915900562
"x2",19.0501127524984,9.69159274776559,1.96563281684431,0.0493410404717529
