"","Estimate","Std. Error","z value","Pr(>|z|)"
"(Intercept)",0.464805137395234,0.968332893175041,0.480005523587241,0.631223465407775
"x1",-2.54936918631682,1.431620522617,-1.78075764215547,0.0749520519343792
"x2",2.39228680903315,1.43476910852799,1.66736710095991,0.0954414314670635
