"","Estimate","Std. Error","z value","Pr(>|z|)"
"(Intercept)",11.3870181636759,3.67609443743042,3.09758586388095,0.001951038671802
"x1",-8.26462690972243,3.2473111185847,-2.5450677831339,0.0109256527490829
"x2",-13.5950206601107,4.34798014120198,-3.12674396354359,0.00176753786051914
