"","Estimate","Std. Error","z value","Pr(>|z|)"
"(Intercept)",12.8598694767367,6.95377131955389,1.84933741501896,0.0644091063449496
"x1",-27.4156046686904,12.3574669891677,-2.21854565282047,0.0265176504292322
"x2",1.81770001136114,2.20126950752588,0.825750779332854,0.408945480429662
