"","Estimate","Std. Error","z value","Pr(>|z|)"
"(Intercept)",-14.8666545012546,7.131812299839,-2.08455493165324,0.0371097190492141
"x1",32.773190552188,14.6436917268165,2.23804155151474,0.0252183455992829
"x2",0.0727529044032828,2.16481949168421,0.0336069148872462,0.97319060810191
