"","Estimate","Std. Error","z value","Pr(>|z|)"
"(Intercept)",-18.5076400818411,8.44239308549063,-2.19222676490259,0.0283631367714116
"x1",-0.000339014969254761,2.93619780606751,-0.000115460534897956,0.999907875822028
"x2",37.9063314668548,16.3662355337529,2.31613014420321,0.0205511638740209
