"","Estimate","Std. Error","z value","Pr(>|z|)"
"(Intercept)",-0.512622761120239,1.29899488919648,-0.394630314086403,0.693115738165697
"x1",4.97870082858237,1.99715315456113,2.49289886317027,0.0126704930976981
"x2",-4.65169722768555,1.81138935258075,-2.56802725546449,0.0102279113879278
