"","Estimate","Std. Error","z value","Pr(>|z|)"
"(Intercept)",17.2819028383676,7.87047150357366,2.19579002738535,0.0281069757912341
"x1",-0.219775554571669,2.61440415726201,-0.0840633434433618,0.93300606914198
"x2",-31.8944657128555,14.8943897001649,-2.14137446078118,0.0322438527811583
