"","Estimate","Std. Error","z value","Pr(>|z|)"
"(Intercept)",0.147511765508559,1.62863553507545,0.090573834557604,0.927831223453392
"x1",13.2213425147484,4.65286003475772,2.84155173720734,0.0044894566828753
"x2",-12.8268561325878,4.76343222262474,-2.69277603482305,0.00708598513426094
