"","Estimate","Std. Error","z value","Pr(>|z|)"
"(Intercept)",1.81686087086012,1.24734662516455,1.45658058009371,0.14523219153299
"x1",-6.18415793666806,2.19956052087552,-2.81154252314299,0.00493045730789131
"x2",0.530511865069904,1.35452404965269,0.391659243854645,0.695310007608141
