"","Estimate","Std. Error","z value","Pr(>|z|)"
"(Intercept)",-0.91576855935831,1.21191775249848,-0.755635898121278,0.449867526642505
"x1",5.89124628746389,2.27402002747771,2.59067475935923,0.0095787972520196
"x2",-1.9396311794808,1.89212478341355,-1.02510743291547,0.305312498728434
