"","Estimate","Std. Error","z value","Pr(>|z|)"
"(Intercept)",2.28639217583921,3.29270769848464,0.694380547927604,0.487443589307874
"x1",-5.79227697220683,3.210395774143,-1.80422520452422,0.0711960096511491
"x2",4.12735878984406,2.45992659478937,1.6778381918333,0.0933786913288904
