"","Estimate","Std. Error","z value","Pr(>|z|)"
"(Intercept)",5.22578939123008,2.71746587851086,1.92303772148696,0.0544753126982417
"x1",-7.19312105561497,3.13684376292734,-2.29310784956095,0.0218417965864712
"x2",-4.73033476215689,2.81867553579144,-1.6782118772066,0.0933057439134466
