"","Estimate","Std. Error","z value","Pr(>|z|)"
"(Intercept)",0.351091600292084,1.01999742541913,0.344208320082589,0.730689625666757
"x1",-1.12645959928224,1.32885996699717,-0.847688716086243,0.396611352171632
"x2",0.144826949350752,1.1192471860938,0.129396750914515,0.897043718463567
