"","Estimate","Std. Error","z value","Pr(>|z|)"
"(Intercept)",-4.03618078572354,1.91397378309905,-2.10879627577149,0.0349621702200509
"x1",12.2186971151369,3.63111164892165,3.36500176709399,0.000765431688250077
"x2",-6.42497226588815,2.61548769466668,-2.45651022522091,0.0140293809551431
