"","Estimate","Std. Error","z value","Pr(>|z|)"
"(Intercept)",-6.42158558925447,2.85429315451307,-2.24979889648019,0.0244617141100207
"x1",7.70237591271392,3.30593801995034,2.32986095511543,0.0198135012441185
"x2",7.15833426076766,3.38578000562803,2.1142349027015,0.0344952092055881
