"","Estimate","Std. Error","z value","Pr(>|z|)"
"(Intercept)",-6.99254352684142,3.20532061221109,-2.18154262016798,0.029143305667307
"x1",10.8649215462919,4.42137223155127,2.45736413431987,0.0139960740947249
"x2",-0.0161997861802765,1.83850802381983,-0.00881137638258361,0.992969629798436
