"","Estimate","Std. Error","z value","Pr(>|z|)"
"(Intercept)",4.58458857177185,2.06575519169984,2.21932811312427,0.0264644103493844
"x1",-3.61268774967164,2.18711486954509,-1.65180521607585,0.0985742650315956
"x2",-4.92316864218809,2.25950908352734,-2.17886649718729,0.0293415872560223
