"","Estimate","Std. Error","z value","Pr(>|z|)"
"(Intercept)",-6.22772709567786,1.93644905104076,-3.21605522868299,0.00129965817907191
"x1",7.0073938171043,2.19872025734105,3.18703290866955,0.00143740419141472
"x2",5.81440662837597,2.08869101993619,2.78375622477354,0.00537334027459358
