"","Estimate","Std. Error","z value","Pr(>|z|)"
"(Intercept)",-10.7661905787178,5.49955057210868,-1.95764916379153,0.0502711942127245
"x1",20.5826185816877,8.75039694484267,2.35219255896942,0.0186631106957418
"x2",-0.018373898186061,2.33257981477313,-0.00787707158815831,0.99371507119035
