"","Estimate","Std. Error","z value","Pr(>|z|)"
"(Intercept)",16.2149429379826,8.04723519836299,2.0149706748078,0.0439077218244403
"x1",-1.19533267119742,2.25294871608587,-0.530563639848009,0.5957211976915
"x2",-33.0413829690757,16.6198140792642,-1.98807175648854,0.0468037544947837
