"","Estimate","Std. Error","z value","Pr(>|z|)"
"(Intercept)",0.655736748463712,1.99309524504623,0.329004220994217,0.742152497595926
"x1",3.99231440012767,2.30746921843103,1.73017016575513,0.0835998769953081
"x2",-5.13656688975213,2.40670499234097,-2.13427358404898,0.032820392314256
