"","Estimate","Std. Error","z value","Pr(>|z|)"
"(Intercept)",2.27652247941155,1.66744756353978,1.36527380481985,0.172167008945477
"x1",-9.71756574291231,3.15434352732235,-3.08069354486616,0.0020651908504834
"x2",7.89226743020233,2.76909999268753,2.85012005743518,0.00437027293864378
