"","Estimate","Std. Error","z value","Pr(>|z|)"
"(Intercept)",-10.0845938521808,3.78233504372933,-2.66623494100552,0.00767060668042002
"x1",18.7385826439805,6.59021295476077,2.84339561902074,0.00446356272500995
"x2",-0.133816688348773,1.59185670243654,-0.0840632753839903,0.933006123253968
