"","Estimate","Std. Error","z value","Pr(>|z|)"
"(Intercept)",-3.05434764308161,1.75129400419802,-1.74405190434047,0.0811500395386913
"x1",12.9026211562321,4.29288716675485,3.00558124521724,0.00265073770969899
"x2",-3.62444010594686,1.85934726323581,-1.94930779075624,0.0512586787568726
