"","Estimate","Std. Error","z value","Pr(>|z|)"
"(Intercept)",19.0141781444471,7.21651706981332,2.63481371422003,0.0084183470627318
"x1",-17.4166905829327,7.08969951226591,-2.45661900801297,0.0140251339801942
"x2",-20.4550719086542,7.60927614130391,-2.6881757908117,0.0071843563714791
