"","Estimate","Std. Error","z value","Pr(>|z|)"
"(Intercept)",4.23622088324439,2.30109024655933,1.84096251312982,0.0656270523561731
"x1",-8.67957354786054,3.69395300166492,-2.3496708117154,0.0187900205781536
"x2",-0.844896597933418,1.86003450597864,-0.454237055935091,0.649658214627055
