"","Estimate","Std. Error","z value","Pr(>|z|)"
"(Intercept)",-0.559017921083764,1.51391646842538,-0.369252817274125,0.711939290646929
"x1",5.66382957528397,2.82461461437249,2.0051689694108,0.0449449862253182
"x2",-4.98104213865182,2.19950161620403,-2.26462308641003,0.0235358189659872
