"","Estimate","Std. Error","z value","Pr(>|z|)"
"(Intercept)",-6.53685618677661,2.71766755178481,-2.40531855431824,0.0161583738005895
"x1",9.13476907384652,3.72086005613037,2.45501548997963,0.0140878517784722
"x2",1.32104836649904,2.08040785433792,0.634994894748395,0.525431744649238
