"","Estimate","Std. Error","z value","Pr(>|z|)"
"(Intercept)",-23.9575339606782,11.6209619478232,-2.06157924518166,0.0392478116971466
"x1",-0.305587518988862,2.89718713999313,-0.105477314451143,0.91599707000942
"x2",48.6289424852392,23.0479145469471,2.10990640329671,0.0348664186080941
