"","Estimate","Std. Error","z value","Pr(>|z|)"
"(Intercept)",-5.95957272359718,3.72106637899841,-1.60157656881179,0.109249275638245
"x1",11.728310583851,5.30397805377211,2.21122909351218,0.02701997666353
"x2",-0.28195210705709,2.13211328899547,-0.132240678069189,0.894793927186824
