"","Estimate","Std. Error","z value","Pr(>|z|)"
"(Intercept)",0.149638002213498,1.58954824176067,0.0941386982050644,0.924998980139765
"x1",-6.56220855474058,2.82678094882252,-2.32144218938296,0.0202629907726562
"x2",5.85834749808711,2.74295343051215,2.13578088235835,0.0326972781032712
