"","Estimate","Std. Error","z value","Pr(>|z|)"
"(Intercept)",1.3967858119515,1.91167702411772,0.730659935925184,0.464986892767243
"x1",-8.78781023526393,3.47005835115494,-2.53246756854653,0.0113262846835053
"x2",6.03837648439892,2.70721332983729,2.23047678505699,0.025715806968833
