"","Estimate","Std. Error","z value","Pr(>|z|)"
"(Intercept)",-9.90373585611689,3.11143208017499,-3.18301528071919,0.00145749922101489
"x1",8.70081450798991,3.3086632835784,2.62970685206134,0.00854585242573606
"x2",11.3931403258192,3.68227902467723,3.09404590186314,0.00197446935510636
