"","Estimate","Std. Error","z value","Pr(>|z|)"
"(Intercept)",14.5239689932933,4.55283415387286,3.19009401669915,0.00142226516441293
"x1",-15.5071303820524,5.05814346776124,-3.06577511707392,0.00217106539194371
"x2",-14.5013673577486,4.86819785688845,-2.97879580576811,0.00289383555300161
