"","Estimate","Std. Error","z value","Pr(>|z|)"
"(Intercept)",-10.5096845293232,5.68013422340465,-1.85025284895886,0.0642771150568897
"x1",-2.18488235351677,3.26784155609461,-0.66860106771147,0.503749991306696
"x2",22.7949872753176,11.5190642655578,1.97889227369579,0.04782813634675
