"","Estimate","Std. Error","z value","Pr(>|z|)"
"(Intercept)",-8.53884553843606,4.27991092618065,-1.99509889007341,0.0460320954025813
"x1",14.7378223810958,8.38892945686441,1.75681801317763,0.0789488337346222
"x2",0.689418143329294,1.94393278149992,0.354651225541526,0.722850894975817
