"","Estimate","Std. Error","z value","Pr(>|z|)"
"(Intercept)",12.210857423397,5.35656676906535,2.2796051929971,0.0226311146941186
"x1",-23.7888737023146,10.3028232232373,-2.30896650237193,0.0209454401362059
"x2",-0.246289131062311,1.92359965665846,-0.128035545343227,0.898120843409731
