"","Estimate","Std. Error","z value","Pr(>|z|)"
"(Intercept)",-7.07159091207058,2.79399094672603,-2.5309999376902,0.0113737868799925
"x1",5.91846130354706,2.85375390581558,2.07392140278319,0.0380866109628091
"x2",8.02780182864338,3.13652299481018,2.55945894288883,0.0104835238425402
