"","Estimate","Std. Error","z value","Pr(>|z|)"
"(Intercept)",3.76548174327265,1.53862692221991,2.44730004973516,0.0143930961547459
"x1",-16.1905753873914,6.00313497003083,-2.69702005172612,0.00699630573339248
"x2",-0.118124987986338,1.62201981430216,-0.0728258600448468,0.941944692251518
