"","Estimate","Std. Error","z value","Pr(>|z|)"
"(Intercept)",-5.91847413515499,1.83637211246951,-3.22291658371787,0.00126892501004228
"x1",6.67154825562592,2.2775955078832,2.92920680275948,0.00339828244633961
"x2",4.90447084309246,2.02456039492873,2.42248680522327,0.0154146855478438
