"","Estimate","Std. Error","z value","Pr(>|z|)"
"(Intercept)",-9.27267680056507,4.20907109504793,-2.20302213746748,0.0275931883836624
"x1",15.3848718614328,6.77541277378647,2.27069145085236,0.0231656629218932
"x2",0.229686269106319,1.8926800144539,0.121355045412994,0.903409822205646
