"","Estimate","Std. Error","z value","Pr(>|z|)"
"(Intercept)",-21.1179174378282,9.82009226536102,-2.15048055223662,0.0315172226916076
"x1",37.6897642257204,17.6157548532775,2.1395486335749,0.0323912615922055
"x2",0.695822869624352,2.13016790266024,0.326651654433146,0.743931370117909
