"","Estimate","Std. Error","z value","Pr(>|z|)"
"(Intercept)",-6.33953932973163,2.03256166371195,-3.11898991450724,0.00181472172860869
"x1",11.6262881711268,3.39517012777929,3.42436099917366,0.000616247005124255
"x2",1.95929257367447,1.67604638076373,1.16899663169325,0.242404988458784
