"","Estimate","Std. Error","z value","Pr(>|z|)"
"(Intercept)",2.56057976514309,1.18790282352877,2.15554649288286,0.0311190945031156
"x1",-5.2114156145037,1.7751616711878,-2.93574140265017,0.00332751589960583
"x2",1.41160772790141,1.48444767967616,0.950931277153104,0.341639263156573
