"","Estimate","Std. Error","z value","Pr(>|z|)"
"(Intercept)",-5.15739919879196,1.77879409477332,-2.89937953692679,0.00373901990295927
"x1",10.5175855276454,3.35356097824957,3.13624400923676,0.00171126758912692
"x2",0.830044890220752,1.46861271398892,0.565189775571433,0.571944690332531
