"","Estimate","Std. Error","z value","Pr(>|z|)"
"(Intercept)",-4.48512801722731,1.83959971610316,-2.43809997249196,0.0147646900767617
"x1",-0.45838156033615,1.7661768345864,-0.259533219641335,0.795223854275983
"x2",8.62833876194281,2.61876310622685,3.29481454104287,0.000984866550168329
