"","Estimate","Std. Error","z value","Pr(>|z|)"
"(Intercept)",-3.69380792453938,2.15789232730821,-1.71176655933853,0.0869396970337519
"x1",15.2337607158679,5.32986189772714,2.85819051378502,0.00426064501144115
"x2",-8.8389712523307,3.06532243432017,-2.88353719444559,0.0039323620527001
