"","Estimate","Std. Error","z value","Pr(>|z|)"
"(Intercept)",-5.32881655313717,3.43194554785134,-1.55271011117103,0.120492405637185
"x1",-0.792889516654359,2.08759408024637,-0.379810195936551,0.704086313260879
"x2",12.9313005061075,6.24236295551984,2.07153935108387,0.03830842098792
