"","Estimate","Std. Error","z value","Pr(>|z|)"
"(Intercept)",9.48825428196876,3.679355715862,2.57878145379206,0.00991494923881322
"x1",-11.1239820928142,3.97974526253056,-2.79514927690144,0.00518757554414629
"x2",-7.27548399606171,3.63220821685095,-2.00304706164929,0.0451722373301544
