"","Estimate","Std. Error","z value","Pr(>|z|)"
"(Intercept)",-9.44635239687078,2.86872215492814,-3.29287811321951,0.000991674551585324
"x1",8.02911637073883,2.70602688437349,2.96712365169194,0.00300600040244055
"x2",8.90339689507321,3.09414398199512,2.87749922010166,0.00400840901103599
