"","Estimate","Std. Error","z value","Pr(>|z|)"
"(Intercept)",-8.20790603623374,4.0999266040236,-2.0019641395967,0.0452885884744896
"x1",17.5228432458042,8.02603183891078,2.18325115044425,0.0290173197901149
"x2",0.387799037642871,2.26472303589585,0.171234641718328,0.864039269587553
