"","Estimate","Std. Error","z value","Pr(>|z|)"
"(Intercept)",-12.1137264937066,6.97980808048055,-1.73553862141043,0.0826454468686263
"x1",-2.02685397033979,2.02526869147339,-1.00078274990034,0.316931850996731
"x2",25.6822808975854,14.0692645603582,1.82541744008058,0.0679380594768978
