"","Estimate","Std. Error","z value","Pr(>|z|)"
"(Intercept)",4.98119774673395,1.59117916324477,3.1305071495382,0.00174504751535997
"x1",-7.11018420411698,2.45426506136808,-2.89707265773223,0.00376662509643942
"x2",-1.22851464875357,1.42049619485658,-0.864848954331488,0.387121697793784
