"","Estimate","Std. Error","z value","Pr(>|z|)"
"(Intercept)",6.52180433732585,3.08253925496264,2.11572466654764,0.0343682314246763
"x1",-11.8301047880271,5.3390285159254,-2.21577853587782,0.0267066731573783
"x2",-0.27696808575098,1.89831044911894,-0.145902418584657,0.883998422268927
