"","Estimate","Std. Error","z value","Pr(>|z|)"
"(Intercept)",-11.0139234071188,5.45089976596235,-2.02056979214593,0.0433243186212781
"x1",22.265280811343,10.4111783639467,2.13859373387034,0.032468585433397
"x2",0.0246757781463293,2.23732695868555,0.0110291336948027,0.991200202910093
