"","Estimate","Std. Error","z value","Pr(>|z|)"
"(Intercept)",-11.1562255824237,4.76870690226718,-2.33946556394977,0.0193113517684908
"x1",24.2016764298238,9.79440361144762,2.47096989157534,0.0134747163038453
"x2",-0.342826857511481,1.66436633029374,-0.205980409043108,0.836806214486621
