"","Estimate","Std. Error","z value","Pr(>|z|)"
"(Intercept)",-12.3311125302355,7.27107829711085,-1.69591249418058,0.089902453150279
"x1",26.0763715981309,13.7326595064444,1.89885808978908,0.0575831370194159
"x2",-0.653321932386508,1.97767376659707,-0.330348687139973,0.741136508806923
