"","Estimate","Std. Error","z value","Pr(>|z|)"
"(Intercept)",0.511812362137094,1.68459293837085,0.3038196056028,0.761265329253733
"x1",-6.85183692675701,3.92633902516847,-1.74509559231529,0.0809682306983135
"x2",3.37733639782368,2.2956300163725,1.47120240358264,0.14123638736989
