"","Estimate","Std. Error","z value","Pr(>|z|)"
"(Intercept)",-54.9049637827824,23.9597488699876,-2.29155005257828,0.0219316204767962
"x1",110.215898111371,47.4158685823161,2.32445173750284,0.0201012953871014
"x2",-0.483371566582753,1.93488546403372,-0.249819214402,0.802727159846296
