"","Estimate","Std. Error","z value","Pr(>|z|)"
"(Intercept)",7.70250798726962,3.51639896528774,2.19045337668029,0.0284913725690479
"x1",-13.1663946039949,5.72862618895457,-2.2983511525645,0.0215418112812101
"x2",0.158439489602108,1.86016524386047,0.0851749542816381,0.932122301796599
