"","Estimate","Std. Error","z value","Pr(>|z|)"
"(Intercept)",-0.683310929826313,1.1192608022893,-0.610501974543099,0.541529335809229
"x1",-4.08718220819363,1.87035708441332,-2.18524165372179,0.0288711328979513
"x2",4.11272581973031,1.57155307313384,2.61698181883804,0.00887110662651625
