"","Estimate","Std. Error","z value","Pr(>|z|)"
"(Intercept)",-5.07144761625966,1.74582789723104,-2.90489550791529,0.00367375725036389
"x1",9.34768681480273,2.76304589801589,3.38310949576161,0.000716700514972655
"x2",0.462522166809635,1.45149654708851,0.318651923586996,0.749990474920774
