"","Estimate","Std. Error","z value","Pr(>|z|)"
"(Intercept)",0.766686624940305,1.52160619592475,0.503866655507638,0.614355083730369
"x1",10.9670609262197,3.82537930646976,2.86692117241064,0.00414486237510146
"x2",-13.3854774009873,4.29377726801129,-3.11741307605995,0.0018244573980913
