"","Estimate","Std. Error","z value","Pr(>|z|)"
"(Intercept)",0.37085504753485,1.64566889258037,0.225352164829074,0.82170532145979
"x1",7.25806936745987,3.2421844735386,2.23863553314048,0.0251796402669451
"x2",-8.54548387446259,3.47907499925816,-2.4562516980188,0.0140394786368759
