"","Estimate","Std. Error","z value","Pr(>|z|)"
"(Intercept)",18.9229534617569,8.93638010661533,2.11751886513296,0.034215835943006
"x1",-35.028333256405,16.0896668762173,-2.17707013612455,0.0294753348534333
"x2",-0.133711227338147,2.02535953278314,-0.0660185143298528,0.947363085306271
