"","Estimate","Std. Error","z value","Pr(>|z|)"
"(Intercept)",3.46561665383055,1.65045215946215,2.09979830918573,0.0357465870579742
"x1",1.30576162391731,1.77788877795545,0.734445056466874,0.462677534858083
"x2",-8.00718190599476,2.45193959231841,-3.26565219268866,0.00109212300038873
