"","Estimate","Std. Error","z value","Pr(>|z|)"
"(Intercept)",-6.81410403385,3.39037740684042,-2.00983643298881,0.0444485033847007
"x1",15.5810869305265,5.66285046990916,2.75145653471165,0.00593308928262675
"x2",-3.14820042845417,2.23421600602011,-1.40908507502019,0.158810013511504
