"","Estimate","Std. Error","z value","Pr(>|z|)"
"(Intercept)",4.22902820807161,1.55895778901744,2.71272784796632,0.00667318873454141
"x1",-4.63176848519527,2.0049855986342,-2.31012556317135,0.0208812035612596
"x2",-6.25376479160554,2.20841421825565,-2.83178977019318,0.00462882711144045
