"","Estimate","Std. Error","z value","Pr(>|z|)"
"(Intercept)",-8.50772851739,5.24208700533722,-1.622965911998,0.104596692052423
"x1",18.0260023262186,9.34946588489978,1.92802482496163,0.0538520384265227
"x2",-0.230392600660141,2.36085910366797,-0.0975884584989377,0.922259089541919
