"","Estimate","Std. Error","z value","Pr(>|z|)"
"(Intercept)",-6.83528609416667,2.48821010434589,-2.74706950278363,0.00601303904863658
"x1",16.1216631718946,5.3719059841014,3.00110672443039,0.00269000266233307
"x2",0.630545386162501,1.93349892871769,0.326116232492915,0.744336416063588
