"","Estimate","Std. Error","z value","Pr(>|z|)"
"(Intercept)",0.374122060433957,1.2410732758992,0.301450420131634,0.763071051543746
"x1",-5.47267075165033,2.42399843230509,-2.25770391544606,0.0239641249693223
"x2",5.52210187754145,2.48945243832608,2.21819938896062,0.0265412403947423
