"","Estimate","Std. Error","z value","Pr(>|z|)"
"(Intercept)",6.21642832898053,2.38089361934964,2.61096433644045,0.00902873088134886
"x1",-6.44061103668645,2.64230338511829,-2.43749868881847,0.0147892678561831
"x2",-4.87211185626377,2.20236293586799,-2.21222023714433,0.0269514512093953
