"","Estimate","Std. Error","z value","Pr(>|z|)"
"(Intercept)",-12.8197653730694,6.14982673287415,-2.08457342457159,0.0371080388831978
"x1",-0.638026493814128,1.76933042519682,-0.360603358608472,0.718395978225587
"x2",25.7699043602131,11.4503741090175,2.25057313541559,0.0244125865233498
