"","Estimate","Std. Error","z value","Pr(>|z|)"
"(Intercept)",-7.60539307417976,3.52782979667246,-2.15582766531236,0.0310971243824839
"x1",12.7814477722164,5.66627726407711,2.2557046146061,0.0240891363873697
"x2",-0.215470241092365,2.12061547884356,-0.101607407491842,0.919068299555441
