"","Estimate","Std. Error","z value","Pr(>|z|)"
"(Intercept)",-0.815680158470199,1.16546451830558,-0.699875582360997,0.48400500762389
"x1",-0.977650560024308,1.83306107116869,-0.533343146827614,0.593796065229674
"x2",-1.59065153631,1.70383345069754,-0.933572196072799,0.350524613094715
