"","Estimate","Std. Error","z value","Pr(>|z|)"
"(Intercept)",7.08811950567361,3.66300401045614,1.93505644150003,0.0529833699336543
"x1",-14.0934005544781,6.49390326363772,-2.17025107740569,0.0299878305791467
"x2",-0.27114950592951,2.05967103661167,-0.131646996588141,0.895263511091399
