"","Estimate","Std. Error","z value","Pr(>|z|)"
"(Intercept)",-5.69929588648051,2.86625341500867,-1.98841311680157,0.0467660192993761
"x1",13.8271004244774,4.97599119538732,2.77876304067719,0.00545663141223599
"x2",-7.11345254616598,2.76260814248683,-2.57490464780959,0.0100267724349837
