"","Estimate","Std. Error","z value","Pr(>|z|)"
"(Intercept)",-3.80260529309963,1.60985164766557,-2.36208429429739,0.0181725096256212
"x1",12.5562060302516,3.93648020553894,3.18970384065033,0.00142418661259356
"x2",-5.02770532892294,2.23300639595703,-2.25154094409486,0.0243512966684336
