"","Estimate","Std. Error","z value","Pr(>|z|)"
"(Intercept)",-43.6510746549411,21.6470109083015,-2.01649432523736,0.0437483110240109
"x1",87.0821663219439,42.6602563662189,2.04129496021738,0.041221517715478
"x2",-0.808943336608841,1.92511727864603,-0.420204704192249,0.67433591852512
