"","Estimate","Std. Error","z value","Pr(>|z|)"
"(Intercept)",-0.198299053886066,0.728489689260086,-0.272205711089027,0.785463850774249
"x1",2.88770845445839,1.98176025196124,1.45714318954606,0.145076858551009
"x2",-2.91698841743881,1.99598864181321,-1.46142535900853,0.143898745583089
