"","Estimate","Std. Error","z value","Pr(>|z|)"
"(Intercept)",-14.1084592035409,5.82746344950013,-2.42102920521125,0.0154766338186438
"x1",2.86054469329321,2.57720103871351,1.10994239499498,0.267023850216088
"x2",26.3396791047805,11.0774687555753,2.37777056166588,0.0174176597501637
