"","Estimate","Std. Error","z value","Pr(>|z|)"
"(Intercept)",-4.20513115459144,2.25888786479732,-1.86159358334007,0.0626603984430213
"x1",6.77179831984075,3.24630204731945,2.08600377325714,0.0369782812705489
"x2",-1.54868245807849,2.26620863076743,-0.683380354770795,0.494366530398117
