"","Estimate","Std. Error","z value","Pr(>|z|)"
"(Intercept)",-2.27308396922385,2.27102748537248,-1.00090553014643,0.316872482704003
"x1",-5.3432873135772,2.34145592737266,-2.28203625407243,0.0224871999321942
"x2",8.48201040135567,3.1952210117455,2.65459270897887,0.0079404216886085
