"","Estimate","Std. Error","z value","Pr(>|z|)"
"(Intercept)",0.422559119649918,0.980216334573596,0.431087612750032,0.666404667221814
"x1",-2.69214821217472,1.62607181606849,-1.65561458329915,0.0977998949884241
"x2",-0.697334326627862,1.39654990527316,-0.49932646444988,0.617549414309395
