"","Estimate","Std. Error","z value","Pr(>|z|)"
"(Intercept)",-8.21367616222646,3.07474465551559,-2.67133602378736,0.00755499749449043
"x1",6.21099252687857,2.93639045109354,2.11517937764902,0.0344146618891134
"x2",16.4747338418117,6.03753638523182,2.72871793901068,0.0063581061364731
