"","Estimate","Std. Error","z value","Pr(>|z|)"
"(Intercept)",0.764057425777053,1.25784575839127,0.60743332056408,0.543563381223113
"x1",6.79538768371437,2.57654928085855,2.63739868443348,0.00835445778046543
"x2",-10.5565927706167,3.5272032351436,-2.99290743029354,0.00276333551067699
