"","Estimate","Std. Error","z value","Pr(>|z|)"
"(Intercept)",19.8251596675847,10.0349829885293,1.9756047110639,0.0481995646619595
"x1",2.255781021184,3.98999779949075,0.565358963724719,0.571829630472064
"x2",-42.6471324568651,18.987576250614,-2.24605457242,0.0247005126104136
