"","Estimate","Std. Error","z value","Pr(>|z|)"
"(Intercept)",7.08113679474275,3.73528896621821,1.89574002407424,0.0579944300664087
"x1",-13.5210230134695,7.00279134481207,-1.9308047816513,0.0535071988167359
"x2",0.462830606007728,1.37593693337168,0.336374869212632,0.73658819796919
