"","Estimate","Std. Error","z value","Pr(>|z|)"
"(Intercept)",-80.4413883590333,38.9367063933477,-2.06595256276675,0.0388329589777409
"x1",159.137150108352,77.8041315875436,2.04535603522924,0.0408197700140332
"x2",0.449676174100099,1.8597497605477,0.24179391423482,0.808939854756064
