"","Estimate","Std. Error","z value","Pr(>|z|)"
"(Intercept)",-39.1799994750253,20.0230136844953,-1.95674837426516,0.0503770594419317
"x1",0.054355699437504,2.4609457938663,0.0220873208881647,0.98237830047575
"x2",76.5901491264148,39.0308008642645,1.9623002200946,0.0497275416090199
