"","Estimate","Std. Error","z value","Pr(>|z|)"
"(Intercept)",4.91515759208587,1.8793243163333,2.61538551348907,0.00891267949944276
"x1",-9.08369949796783,2.84414791608768,-3.19382105501147,0.00140403118800524
"x2",1.22047247082285,1.50043355324121,0.813413208593213,0.415981188824596
