"","Estimate","Std. Error","z value","Pr(>|z|)"
"(Intercept)",-7.50396258249094,2.30633622030677,-3.2536290747291,0.00113940949186011
"x1",9.54506626315014,2.92055072278076,3.26824190680788,0.00108217827193253
"x2",7.09114226622294,2.43291422778521,2.91467006326742,0.0035606475284786
