"","Estimate","Std. Error","z value","Pr(>|z|)"
"(Intercept)",-6.31673898716429,2.48374882323567,-2.54322777249885,0.0109833605344161
"x1",-1.78391787673899,1.85233362255863,-0.963065106098362,0.33551485151086
"x2",12.3063893096728,4.18513505882223,2.9404999209598,0.0032768308515934
