"","Estimate","Std. Error","z value","Pr(>|z|)"
"(Intercept)",-1.02413076945574,1.99399010217315,-0.5136087527915,0.607525558820325
"x1",8.79139471425772,3.40362126695797,2.58295327967413,0.00979585874569501
"x2",-6.51030888371511,2.7714450099265,-2.34906659175885,0.0188205405219799
