"","Estimate","Std. Error","z value","Pr(>|z|)"
"(Intercept)",6.16306596245989,2.66425480052688,2.31324194714451,0.0207093404768543
"x1",-10.6795131084919,4.501357367603,-2.37250949799146,0.0176677088815691
"x2",-0.504162396713782,1.86122258499934,-0.270877003522908,0.786485632547458
