"","Estimate","Std. Error","z value","Pr(>|z|)"
"(Intercept)",17.0563555419927,8.638933882922,1.97435884718493,0.0483409539180197
"x1",-35.6985801936503,17.0466586015024,-2.09416877689473,0.0362449480942739
"x2",0.555474985894011,1.72466950203038,0.322076192128447,0.747394974006564
