"","Estimate","Std. Error","z value","Pr(>|z|)"
"(Intercept)",-8.19236746731982,3.65980108324981,-2.23847342545874,0.0251901985047501
"x1",15.6946104812488,6.09135521389182,2.57653837777446,0.00997951265483432
"x2",-0.85810632764943,1.77740788476776,-0.482785259930109,0.629248217880202
