"","Estimate","Std. Error","z value","Pr(>|z|)"
"(Intercept)",-43.166913709023,21.4822908310931,-2.00941855076946,0.044492764518998
"x1",85.3030564939545,42.7307136779968,1.99629374638504,0.0459019583503168
"x2",0.789833398391829,1.87459432084995,0.421335640254002,0.673510008551663
