"","Estimate","Std. Error","z value","Pr(>|z|)"
"(Intercept)",-10.3190924008424,4.61512858108271,-2.23592738957265,0.0253565278402154
"x1",0.0509387643065566,2.71956137413573,0.0187305073498276,0.985056091174678
"x2",30.773653005329,12.8050481958856,2.40324382497965,0.0162503483102951
