"","Estimate","Std. Error","z value","Pr(>|z|)"
"(Intercept)",-0.544797460704105,1.74428702016091,-0.312332462723851,0.754787871469479
"x1",-15.6806651895093,6.68831010037436,-2.34448836166128,0.019053205157002
"x2",15.0403321732693,5.69138243516392,2.6426500669404,0.0082260003190107
