"","Estimate","Std. Error","z value","Pr(>|z|)"
"(Intercept)",-1.15134260205768,1.51016143310965,-0.762397037041857,0.445823074113761
"x1",11.8606253158917,3.66868584983876,3.2329356618019,0.00122525153757108
"x2",-8.93656409505466,3.29481287388025,-2.71231309246713,0.00668154502188064
