"","Estimate","Std. Error","z value","Pr(>|z|)"
"(Intercept)",31.1037661262047,15.5510640394365,2.00010533345677,0.0454888909840952
"x1",0.661094867026748,2.67927338098453,0.246744088049657,0.805106283909019
"x2",-57.4075043698591,27.5915333408647,-2.08062029973649,0.0374686743344665
