"","Estimate","Std. Error","z value","Pr(>|z|)"
"(Intercept)",-13.5911796414148,6.17235573120461,-2.20194367163642,0.0276692876135425
"x1",30.9352200048604,13.5878014100835,2.27669061912426,0.0228047071064075
"x2",0.225259380304023,2.20682851723793,0.102073803444392,0.918698094209448
