"","Estimate","Std. Error","z value","Pr(>|z|)"
"(Intercept)",0.312455694515477,1.20619917556994,0.25904154209676,0.795603188156855
"x1",3.96874343330972,1.69191724512491,2.34570777308716,0.0189909905359765
"x2",-3.20414805557828,1.69273413583385,-1.89288322823354,0.0583734001244433
