"","Estimate","Std. Error","z value","Pr(>|z|)"
"(Intercept)",-0.927553395334032,1.33780732563041,-0.69333855299151,0.488097114086094
"x1",6.11907033000692,2.21139007547555,2.76706963546042,0.005656267181542
"x2",-4.53089519249001,1.82768812622099,-2.4790308190371,0.0131739922607785
