"","Estimate","Std. Error","z value","Pr(>|z|)"
"(Intercept)",0.740460681212232,1.02958598589506,0.719182944752805,0.472028206477858
"x1",-0.249380771810974,2.63972246468555,-0.0944723451602253,0.9247339495399
"x2",-2.98675949274983,2.35452183182411,-1.26852061950766,0.204612091993587
