"","Estimate","Std. Error","z value","Pr(>|z|)"
"(Intercept)",-5.7479475571902,2.58671751629663,-2.22210099130556,0.0262764813065119
"x1",6.32490033976845,2.89703105328644,2.18323525824598,0.0290184895067376
"x2",5.88650185041019,2.86814228697671,2.05237441571112,0.0401332889617617
