"","Estimate","Std. Error","z value","Pr(>|z|)"
"(Intercept)",-13.4183813651324,6.15744910287909,-2.17921108903007,0.0293159905342576
"x1",28.7364875078755,13.0278036807302,2.20578143577497,0.0273993067294198
"x2",-0.266655669729728,1.79996520106053,-0.148144902786241,0.882228413087397
