"","Estimate","Std. Error","z value","Pr(>|z|)"
"(Intercept)",5.17628344674038,2.11046132872407,2.45267865195607,0.0141796948235734
"x1",-5.71227261951609,2.29483670201105,-2.4891847923254,0.0128036396957486
"x2",-3.52289920648876,2.25421709902828,-1.56280387013627,0.118098733631
