"","Estimate","Std. Error","z value","Pr(>|z|)"
"(Intercept)",7.2044817437651,2.71147324837716,2.65703589296964,0.00788310494823551
"x1",-7.74242912548801,2.90769131727996,-2.66274108240994,0.0077507026541035
"x2",-6.26544524474101,2.65369682539945,-2.36102526286057,0.0182244890734123
