"","Estimate","Std. Error","z value","Pr(>|z|)"
"(Intercept)",-0.0756327163389491,1.41428745710862,-0.0534776123190494,0.957351367900993
"x1",13.7041050561617,4.28156561228223,3.20072288904079,0.00137083299731139
"x2",-13.4414254368058,4.540344311919,-2.9604418769564,0.00307198081381927
