"","Estimate","Std. Error","z value","Pr(>|z|)"
"(Intercept)",5.24028673194747,2.0538030891158,2.55150396828135,0.0107259102659302
"x1",-4.10838558041354,2.02970083004785,-2.02413356667775,0.0429564107162413
"x2",-4.87813595973194,2.0621569247598,-2.3655503134419,0.0180032968729973
