"","Estimate","Std. Error","z value","Pr(>|z|)"
"(Intercept)",4.69868520424468,3.45184609332617,1.36120935789378,0.173447537735534
"x1",1.25641194390782,2.45147552126538,0.512512539084747,0.608292346875593
"x2",-12.0011810120028,5.58328102073411,-2.14948539531418,0.0315959425803014
