"","Estimate","Std. Error","z value","Pr(>|z|)"
"(Intercept)",-0.966496598170297,1.80547034879703,-0.53531568591767,0.592431581468745
"x1",-7.76579178407756,3.46069385356246,-2.2439984906736,0.0248324984552884
"x2",8.62117671419472,3.30302152917653,2.61008795675154,0.00905189454628163
