"","Estimate","Std. Error","z value","Pr(>|z|)"
"(Intercept)",3.28865913832295,2.22144985675978,1.48041115054463,0.138763556050877
"x1",-12.1539285723475,5.56861476503586,-2.18257665239466,0.0290670007099288
"x2",2.08298293585355,1.96254612916566,1.06136763100651,0.288522861249204
