"","Estimate","Std. Error","z value","Pr(>|z|)"
"(Intercept)",-3.51518130771882,1.92914816213673,-1.82214169793231,0.0684334881835487
"x1",6.20295471535501,2.2979088202811,2.69939114233271,0.00694664777356347
"x2",1.62852244173301,2.03958423990077,0.798458043494317,0.424604731611362
