"","Estimate","Std. Error","z value","Pr(>|z|)"
"(Intercept)",3.10731815165335,1.95423804120974,1.59004076582698,0.111825616376369
"x1",-3.26837332854235,1.95570965036451,-1.67119558260255,0.0946830525092805
"x2",-3.85428437369902,2.01651611949974,-1.91135807764095,0.0559585802310272
