"","Estimate","Std. Error","z value","Pr(>|z|)"
"(Intercept)",-24.0895658706966,9.80178928768913,-2.45767024403928,0.0139841512426943
"x1",1.87504607538749,3.04855408083953,0.615060788054356,0.538514576515626
"x2",30.2484475409313,12.6006971688502,2.400537615943,0.0163710080651341
