"","Estimate","Std. Error","z value","Pr(>|z|)"
"(Intercept)",35.7516368383203,16.4877225370614,2.1683793354696,0.0301298366414225
"x1",0.28397692315915,3.24723080279349,0.0874520292536192,0.930312214388643
"x2",-70.7211929417169,32.3632442708388,-2.18523187446448,0.028871849555142
