"","Estimate","Std. Error","z value","Pr(>|z|)"
"(Intercept)",2.60274651624198,1.52660696835623,1.70492246543619,0.0882088858657589
"x1",4.77140145591931,2.34509245530996,2.03463255579348,0.0418878590561824
"x2",-8.83123222493054,2.54814199276688,-3.46575357652703,0.000528747657127518
