"","Estimate","Std. Error","z value","Pr(>|z|)"
"(Intercept)",-10.6289684459048,4.93751999660689,-2.15269375176387,0.0313427548825748
"x1",21.0765476493895,9.89282270727289,2.13048876675963,0.0331312822416348
"x2",-0.742080126229078,1.72053597943035,-0.431307531548844,0.666244774779361
