"","Estimate","Std. Error","z value","Pr(>|z|)"
"(Intercept)",-8.2453101377481,2.68325681567481,-3.07287401249906,0.00212007974483707
"x1",7.38287999260933,2.633649365244,2.80328888501273,0.0050584337345232
"x2",9.67820451337227,3.27492377171512,2.95524573639272,0.00312420098295136
