"","Estimate","Std. Error","z value","Pr(>|z|)"
"(Intercept)",-0.691854202211857,1.27873817618564,-0.541044457025278,0.588476940481711
"x1",-9.09534782033374,3.18199606700028,-2.85837808370017,0.00425812700939472
"x2",12.1750537736517,3.98348329455465,3.05638379111438,0.00224024301653861
