"","Estimate","Std. Error","z value","Pr(>|z|)"
"(Intercept)",-7.4028212551829,4.50445209497348,-1.64344544000006,0.100290805090238
"x1",16.5042318830448,8.04046953954949,2.05264528419189,0.0401069922551522
"x2",-0.654970132159921,1.93049592761748,-0.33927558343428,0.734402134584656
