"","Estimate","Std. Error","z value","Pr(>|z|)"
"(Intercept)",-0.0500115578032857,1.57266492915798,-0.0318005169925563,0.974631134345781
"x1",-3.70257183259853,2.40606904941617,-1.53884687286799,0.123841683672189
"x2",4.96986897759218,2.05493415051144,2.41850522380742,0.0155844217939375
