"","Estimate","Std. Error","z value","Pr(>|z|)"
"(Intercept)",0.444234566858985,1.04301070145186,0.425915636570761,0.670169320519745
"x1",-1.3797194718497,1.4324913778021,-0.963160751422202,0.335466858173465
"x2",0.751459916213624,1.16601446105545,0.644468779172277,0.519271496679061
