"","Estimate","Std. Error","z value","Pr(>|z|)"
"(Intercept)",0.181865750638831,0.755982393448649,0.240568764848072,0.809889361310331
"x1",2.9826200797378,2.41832138930381,1.2333431333527,0.217447771661592
"x2",-5.90751198500315,2.69101114527966,-2.1952759264359,0.028143810692841
