"","Estimate","Std. Error","z value","Pr(>|z|)"
"(Intercept)",26.5797892084585,12.1102565373926,2.19481636300507,0.028176773236219
"x1",-0.0936574639514799,3.48047444348996,-0.0269093956792762,0.978531999563816
"x2",-52.4452633201959,23.7861761208967,-2.20486315470109,0.0274636987096402
