"","Estimate","Std. Error","z value","Pr(>|z|)"
"(Intercept)",13.1612105016662,5.70538777904048,2.30680385126769,0.0210657574587217
"x1",-22.537982650849,9.55921139694465,-2.357724054314,0.0183873554742291
"x2",0.109151918441695,1.88109894166371,0.0580256125949213,0.953728226993711
