"","Estimate","Std. Error","z value","Pr(>|z|)"
"(Intercept)",-23.9575339606782,11.6209619478232,-2.06157924518166,0.0392478116971468
"x1",-0.30558751898886,2.89718713999313,-0.105477314451142,0.915997070009421
"x2",48.6289424852392,23.0479145469472,2.10990640329671,0.0348664186080941
