"","Estimate","Std. Error","z value","Pr(>|z|)"
"(Intercept)",-55.3599144039592,25.5623855400934,-2.16567872028726,0.0303357462415305
"x1",-0.334586226484411,2.22232887792281,-0.150556575945297,0.880325518198755
"x2",112.923770628837,51.6923399858773,2.18453586468882,0.0289228948650301
