"","Estimate","Std. Error","z value","Pr(>|z|)"
"(Intercept)",-7.76031899406197,3.70911006708062,-2.09223205936565,0.0364177619443912
"x1",13.5359230613631,6.0711313913434,2.22955528201275,0.0257769813879403
"x2",0.331343825104461,2.11122202677665,0.156944092521783,0.875288909614875
