"","Estimate","Std. Error","z value","Pr(>|z|)"
"(Intercept)",-5.6080140799829,1.85011073498201,-3.03117752572655,0.00243601975907593
"x1",9.75594732153694,2.92426742607653,3.33620216623841,0.00084931377332393
"x2",3.21086232580935,1.73615312228192,1.84941194679254,0.064398351666998
