"","Estimate","Std. Error","z value","Pr(>|z|)"
"(Intercept)",-34.0532238315383,18.9679215435857,-1.79530602513768,0.0726049556136495
"x1",68.5481678708332,38.1040700325723,1.7989723358223,0.0720230568706232
"x2",-0.246202029978382,1.78047470764495,-0.138278869630244,0.89002002466347
