"","Estimate","Std. Error","z value","Pr(>|z|)"
"(Intercept)",8.42129431537534,3.40615062514999,2.47237871783914,0.0134217246548349
"x1",-8.88453421276151,3.65783261048576,-2.42890672123503,0.0151444281161702
"x2",-7.75630109291071,3.45523715545545,-2.24479557956372,0.0247812586881717
