"","Estimate","Std. Error","z value","Pr(>|z|)"
"(Intercept)",6.39397578493664,2.74511486618776,2.32921975823044,0.0198474267171521
"x1",-4.76155347499055,2.58326021850434,-1.84323415848033,0.0652948296005836
"x2",-8.12688836582311,3.17152234483488,-2.56245660039524,0.0103934576560124
