"","Estimate","Std. Error","z value","Pr(>|z|)"
"(Intercept)",-8.19831339655704,3.68157215552322,-2.22685120655795,0.0259572197751486
"x1",12.9292650718307,5.37724498159491,2.404440399514,0.0161972471552019
"x2",-0.106933240581283,1.93750838686944,-0.0551911110712984,0.955986210480858
