"","Estimate","Std. Error","z value","Pr(>|z|)"
"(Intercept)",-7.8627125486746,2.6199715408117,-3.00106792237852,0.00269034547169421
"x1",11.2846087967043,3.79241683051217,2.97557185853442,0.00292442827093061
"x2",6.35482534274293,2.55011803272775,2.49197302289002,0.012703568573806
