"","Estimate","Std. Error","z value","Pr(>|z|)"
"(Intercept)",3.24546766342277,2.31862322823259,1.39973913135369,0.161591451135994
"x1",-5.63982755330751,2.65594494575164,-2.12347306457869,0.0337142302782492
"x2",-1.75681231866191,2.2974783952391,-0.764669788539655,0.444468200559047
