"","Estimate","Std. Error","z value","Pr(>|z|)"
"(Intercept)",-8.68386226047085,4.15752685105019,-2.08870864135906,0.0367339585120567
"x1",8.01206050610107,4.24613644634779,1.88690603972287,0.0591729646205096
"x2",9.89312929906248,4.03918481040271,2.44928859743759,0.0143138707688646
