"","Estimate","Std. Error","z value","Pr(>|z|)"
"(Intercept)",-2.61076979049711,2.65504911126561,-0.983322598222148,0.325448691419492
"x1",5.9042241075644,3.25845302921097,1.81197152594651,0.0699905962890486
"x2",0.760757791743114,2.14868884431491,0.354056751286236,0.723296352843933
