"","Estimate","Std. Error","z value","Pr(>|z|)"
"(Intercept)",-22.5265752911453,10.2274208314449,-2.20256657689158,0.0276253118205941
"x1",-0.0357852200617921,2.28482273001491,-0.0156621428838633,0.98750392889267
"x2",45.1600434548423,20.1787954110706,2.23799501084521,0.025221380480476
