"","Estimate","Std. Error","z value","Pr(>|z|)"
"(Intercept)",0.496502268531501,1.07210175578732,0.463111142064017,0.643284703911112
"x1",2.60437261092663,2.05637483544757,1.2664872989266,0.205338673813269
"x2",-3.49901772812133,1.86656300022611,-1.87457788871711,0.0608508174414986
