"","Estimate","Std. Error","z value","Pr(>|z|)"
"(Intercept)",6.04040436713051,2.99823152689581,2.01465574387592,0.0439407323305134
"x1",0.56652611233977,2.19004319539978,0.258682620292497,0.795880130241368
"x2",-11.4807383831393,4.8968222036846,-2.34452832992398,0.0190511631469091
