"","Estimate","Std. Error","z value","Pr(>|z|)"
"(Intercept)",-4.59513168192043,3.02005298663782,-1.52154008630031,0.128124359716873
"x1",9.86593279089077,5.2109960645106,1.89329116137365,0.0583191599212185
"x2",-1.00599912067134,1.67013017529437,-0.602347730465997,0.546942695322338
