"","Estimate","Std. Error","z value","Pr(>|z|)"
"(Intercept)",-5.98214223494634,2.39829097459696,-2.49433546567537,0.0126193216329196
"x1",3.31392769450686,1.79810551263572,1.84301069721387,0.0653274486548692
"x2",6.31923497414614,2.72095233308188,2.32243501560672,0.0202095237514212
