"","Estimate","Std. Error","z value","Pr(>|z|)"
"(Intercept)",18.932941311123,8.04131398498264,2.35445865519997,0.0185497071317027
"x1",-37.2566445111405,15.3395413250839,-2.42879781875985,0.0151489775360849
"x2",-0.165471485887199,1.85029900385713,-0.0894295924833002,0.928740506285297
