"","Estimate","Std. Error","z value","Pr(>|z|)"
"(Intercept)",9.7047975971319,4.41537712596209,2.19795440350234,0.0279523553944717
"x1",0.94141187985049,3.09333516203829,0.304335557104703,0.760872258424749
"x2",-23.5011409569171,9.53644379630033,-2.46435059639678,0.0137261774711997
