"","Estimate","Std. Error","z value","Pr(>|z|)"
"(Intercept)",2.18458518379146,2.11009674488489,1.03530095910869,0.300528382067764
"x1",10.7364280987565,4.02812899670987,2.66536352423815,0.00769051397888684
"x2",-12.9138775872969,4.15103199999603,-3.11100410387327,0.00186452348064805
