"","Estimate","Std. Error","z value","Pr(>|z|)"
"(Intercept)",5.6402545871063,2.79721107622826,2.01638504689163,0.0437597278976279
"x1",-10.2060531789922,4.41903440274161,-2.30956635518842,0.0209121740877148
"x2",0.981383150494341,1.97036508662531,0.498071731556702,0.618433484267549
