"","Estimate","Std. Error","z value","Pr(>|z|)"
"(Intercept)",19.2088894834494,8.41287570059289,2.28327270805816,0.0224143095973981
"x1",0.844672420087563,2.12680890580841,0.397154825607851,0.691253292408571
"x2",-40.8724245369269,16.863553477293,-2.42371363733996,0.0153627142177176
