"","Estimate","Std. Error","z value","Pr(>|z|)"
"(Intercept)",0.727955725096441,1.04607106163647,0.695895099093582,0.486494526751069
"x1",-1.78845127100522,1.37343913184078,-1.30217002671841,0.192858268991698
"x2",0.55021528934395,1.1410950877531,0.482181805223053,0.629676800890983
