"","Estimate","Std. Error","z value","Pr(>|z|)"
"(Intercept)",-1.05970371360044,0.931430501020404,-1.13771635397328,0.255238942306528
"x1",1.0779821726324,1.32895411028203,0.811150787143155,0.417279083187623
"x2",1.46779726131411,1.28963180226488,1.13815219098686,0.2550569381005
