"","Estimate","Std. Error","z value","Pr(>|z|)"
"(Intercept)",0.442486915983054,1.51212114615193,0.2926266305508,0.769807556123962
"x1",-0.554235105686202,1.06400187247817,-0.520896739021078,0.602438707208811
"x2",-0.713733278406303,2.58028381271073,-0.2766103770796,0.782079295745228
