"","Estimate","Std. Error","z value","Pr(>|z|)"
"(Intercept)",-2.90839761485826,1.40617355465459,-2.06830629493148,0.0386112302100745
"x1",10.6132587542879,3.23777760805073,3.27794556608769,0.00104565557905447
"x2",-2.28507086117966,1.9223941343452,-1.18865888131624,0.234573927356746
