"","Estimate","Std. Error","z value","Pr(>|z|)"
"(Intercept)",3.62350684413054,1.43382027554288,2.52716948277119,0.0114985998108896
"x1",-1.53171167280173,1.6622991599049,-0.92144164525076,0.356819894556747
"x2",-5.13682110275958,1.72198733463514,-2.98307716871099,0.0028536603412522
