"","Estimate","Std. Error","z value","Pr(>|z|)"
"(Intercept)",1.27619219534907,1.3490913479894,0.945964257536026,0.344166816927421
"x1",5.90312994427916,2.31275273263241,2.5524258866879,0.0106975666144758
"x2",-6.73884496877991,2.14250382591958,-3.14531292185093,0.00165909266558601
