"","Estimate","Std. Error","z value","Pr(>|z|)"
"(Intercept)",-9.28495964502292,4.01522926561014,-2.31243573674541,0.0207536828959356
"x1",17.487482182431,7.53506724600427,2.32081302150347,0.0202969374221419
"x2",-0.160519891686251,2.45799584146616,-0.0653051925386916,0.94793100812408
