"","Estimate","Std. Error","z value","Pr(>|z|)"
"(Intercept)",0.334370973443435,1.49169429551658,0.22415515997374,0.822636572836549
"x1",14.4254326662455,4.74301820456073,3.04140360506617,0.00235477951066696
"x2",-13.4231264462748,4.99601633920784,-2.68676592206726,0.00721474933901521
