"","Estimate","Std. Error","z value","Pr(>|z|)"
"(Intercept)",15.7250019749645,7.18704220134563,2.18796572142297,0.02867209932998
"x1",-1.29339700980493,2.91818312240557,-0.443219961034773,0.657606642199649
"x2",-34.3395705543282,15.8906869963864,-2.16098715946876,0.0306963313167446
