"","Estimate","Std. Error","z value","Pr(>|z|)"
"(Intercept)",17.0070339014091,7.3300182922989,2.32018983080536,0.0203306104734281
"x1",-28.2009368968403,12.5197049743618,-2.25252407741165,0.0242891729205196
"x2",-1.57864601838107,2.20002787846677,-0.717557279083774,0.473030306840134
