"","Estimate","Std. Error","z value","Pr(>|z|)"
"(Intercept)",-1.12286820253895,1.38974056530545,-0.807969653164836,0.419108052072564
"x1",-4.27353390529042,2.40942871230643,-1.77367102976023,0.0761175810868084
"x2",7.20943023695959,2.92422851504781,2.46541274044095,0.0136855504702451
