"","Estimate","Std. Error","z value","Pr(>|z|)"
"(Intercept)",-0.280217830850824,1.52547987452657,-0.183691594710674,0.854255403156863
"x1",6.45514519895042,2.73112729369916,2.36354607631902,0.0181009756308106
"x2",-5.04560438902382,2.49306414806861,-2.02385662355807,0.0429849061178078
