"","Estimate","Std. Error","z value","Pr(>|z|)"
"(Intercept)",-7.6177194000418,4.10474614015648,-1.85583203928694,0.0634775022681893
"x1",17.1696757249786,7.73480982971096,2.21979287183331,0.0264328310236223
"x2",-0.534531501948653,2.00142087287256,-0.267076010445251,0.789410637801943
