"","Estimate","Std. Error","z value","Pr(>|z|)"
"(Intercept)",-4.55791313271001,3.25142608676333,-1.40181969729081,0.160969094960697
"x1",-3.16090002816876,3.16678330829259,-0.998142190497081,0.318210414036658
"x2",12.2988961873073,5.71550774153443,2.15184665011151,0.0314094342752019
