"","Estimate","Std. Error","z value","Pr(>|z|)"
"(Intercept)",9.14272972443417,3.93915785444286,2.32098587116085,0.0202876064078955
"x1",-0.176693264092572,2.43168552880242,-0.0726628760173573,0.942074391069767
"x2",-15.8777359164898,7.22150852748448,-2.19867301354841,0.0279011811686228
