"","Estimate","Std. Error","z value","Pr(>|z|)"
"(Intercept)",-5.95990558477233,2.25404587105913,-2.64409241235711,0.00819102896602444
"x1",13.5301205661373,4.22605539978957,3.20159564562524,0.00136668695050339
"x2",-1.32126142192343,1.74936249262311,-0.755281668319211,0.450079995520138
