"","Estimate","Std. Error","z value","Pr(>|z|)"
"(Intercept)",-1.90603281246904,1.07281579012998,-1.77666364533851,0.0756235971642258
"x1",0.31233463859315,1.58034370218211,0.197637158399078,0.843328960000451
"x2",1.53212847437076,1.26711106814753,1.20915088888828,0.226604881462958
