"","Estimate","Std. Error","z value","Pr(>|z|)"
"(Intercept)",-6.6118166242405,3.50853679493148,-1.88449402434431,0.0594981823500918
"x1",14.9417049518419,6.41129358835176,2.3305288934184,0.019778214747962
"x2",0.104888385833086,1.89410643119748,0.0553761837801134,0.955838769307198
