"","Estimate","Std. Error","z value","Pr(>|z|)"
"(Intercept)",-0.128211652359774,1.75833279722785,-0.072916601772946,0.941872482806307
"x1",-7.26549539731738,3.16715794999962,-2.29401106986731,0.0217898628924567
"x2",5.86003496285224,2.55032021154297,2.29776438908699,0.0215752025934637
