"","Estimate","Std. Error","z value","Pr(>|z|)"
"(Intercept)",1.51003323667881,1.45961763110624,1.03454028267277,0.300883655025118
"x1",-8.06141222302892,3.80185363884029,-2.12038994365074,0.0339731740735983
"x2",3.55903385771599,2.35618896420475,1.51050442548746,0.130914761005685
