"","Estimate","Std. Error","z value","Pr(>|z|)"
"(Intercept)",10.800590433951,5.19362933957125,2.07958437689407,0.0375636711975415
"x1",-20.5729043876244,9.41611770185126,-2.18486058044704,0.0288990705735247
"x2",-0.842804293032162,1.92372592989292,-0.438110377333779,0.661306272176838
