"","Estimate","Std. Error","z value","Pr(>|z|)"
"(Intercept)",1.36177350109197,1.29982684317133,1.04765762320271,0.294796378402557
"x1",-5.15974404816309,2.20148312453067,-2.34375816497031,0.0190905451797733
"x2",3.57935610090023,2.18061393388864,1.64144420306315,0.100705240514928
