"","Estimate","Std. Error","z value","Pr(>|z|)"
"(Intercept)",-35.7868195750016,17.5363587219177,-2.04072123195528,0.0412785437289182
"x1",71.0037398795151,34.6012977671741,2.05205424251097,0.0401643911735297
"x2",-0.547203807748434,1.67595225956752,-0.326503219065227,0.744043654172928
