"","Estimate","Std. Error","z value","Pr(>|z|)"
"(Intercept)",1.08064992067341,1.87227296157132,0.577186095646262,0.5638137488464
"x1",-11.4889101268824,4.24955109320355,-2.70355853474899,0.00686013640338215
"x2",11.7181287386532,4.31694954633841,2.71444653519112,0.00663866152331286
