"","Estimate","Std. Error","z value","Pr(>|z|)"
"(Intercept)",11.291575104375,5.59070441017799,2.01970526000596,0.0434139691782824
"x1",-23.1166098229817,11.1102191622481,-2.08066191003061,0.0374648628355227
"x2",0.188387073975703,1.99763031647692,0.0943052738146004,0.924866660690045
