"","Estimate","Std. Error","z value","Pr(>|z|)"
"(Intercept)",0.555157796602186,1.58734691187096,0.349739425232406,0.726534262896682
"x1",-0.346700116070239,1.2944743556488,-0.26783081067409,0.788829553363885
"x2",-0.689093908775231,2.57719285612603,-0.26738158424475,0.789175377081543
