"","Estimate","Std. Error","z value","Pr(>|z|)"
"(Intercept)",-27.5504480522429,12.6417937174842,-2.17931479249969,0.0293082910700777
"x1",58.1360161012906,26.0914751438878,2.22816133548162,0.0258697583655128
"x2",-0.299053779986616,2.08078740600302,-0.143721448488131,0.885720433591959
