"","Estimate","Std. Error","z value","Pr(>|z|)"
"(Intercept)",-52.8872092442417,23.4852688425228,-2.25193118285634,0.024326621194698
"x1",0.897918110543056,2.7283366282669,0.329108256378698,0.742073863867713
"x2",104.412781992542,46.6581281122441,2.23782620985908,0.0252323905154395
