"","Estimate","Std. Error","z value","Pr(>|z|)"
"(Intercept)",-13.8001348260245,6.11672129026501,-2.25613268467667,0.0240623227369963
"x1",25.5853320475151,10.5078759040099,2.43487192666137,0.0148970614130182
"x2",-1.27730945950835,1.97809260792611,-0.645727836194442,0.518455629949381
