"","Estimate","Std. Error","z value","Pr(>|z|)"
"(Intercept)",-7.21522189639726,2.26335737309725,-3.18784032170921,0.00143339668916567
"x1",5.4954008562981,2.18977979275867,2.50956779968045,0.0120879008223528
"x2",8.37236251713232,2.49667861152015,3.35340018474971,0.000798251997254213
