"","Estimate","Std. Error","z value","Pr(>|z|)"
"(Intercept)",-7.78100958998626,3.6196526003968,-2.14965645850468,0.0315823989805831
"x1",14.5790325560825,6.77936682437836,2.15050061956477,0.0315156370378388
"x2",-0.0360569386203764,1.59634852677439,-0.0225871343354034,0.981979606523994
