"","Estimate","Std. Error","z value","Pr(>|z|)"
"(Intercept)",-15.1239586789804,6.88420769127872,-2.19690621741994,0.0280271447258838
"x1",28.4785340949946,12.7445750113815,2.23456129918511,0.0254461639747603
"x2",0.81539756672405,2.28167992190508,0.357367200761112,0.720816927748997
