"","Estimate","Std. Error","z value","Pr(>|z|)"
"(Intercept)",11.2406935748803,4.76279639025798,2.36010374028847,0.0182698251767326
"x1",-24.0326440321811,9.74030279412695,-2.46734054783923,0.0136120831171396
"x2",0.037884951691331,1.65117850992735,0.0229441889314547,0.981694791991693
