"","Estimate","Std. Error","z value","Pr(>|z|)"
"(Intercept)",14.1521975848085,6.16411033520471,2.29590270374978,0.0216814451284651
"x1",-0.9907056843439,2.05558014944848,-0.481959161071735,0.62983495776806
"x2",-26.5239281044855,11.9835942949321,-2.21335331050906,0.0268732968987357
