"","Estimate","Std. Error","z value","Pr(>|z|)"
"(Intercept)",-18.4173935674146,7.94390802271531,-2.3184298603094,0.0204259707836927
"x1",1.0816679176629,2.45372994068503,0.440825984851829,0.659338980231066
"x2",25.6463405792698,10.8509106037391,2.36351966354164,0.0181022659798031
