"","Estimate","Std. Error","z value","Pr(>|z|)"
"(Intercept)",4.37000952415396,1.97854096100941,2.20870308488558,0.0271952997254728
"x1",-5.37813289118603,2.14117070541598,-2.5117721242787,0.0120126629799055
"x2",-2.18378628688556,1.91923606497726,-1.13784141864354,0.255186706447372
