"","Estimate","Std. Error","z value","Pr(>|z|)"
"(Intercept)",-5.1206646821438,1.77907432280159,-2.87827473901149,0.00399856735038017
"x1",8.54921281148344,2.63974138188208,3.23865544941681,0.001200945565812
"x2",0.268873685948754,1.45778396068774,0.184440008395968,0.853668285994276
