"","Estimate","Std. Error","z value","Pr(>|z|)"
"(Intercept)",-12.2367166106349,6.22433740683247,-1.96594686483458,0.0493047487516311
"x1",-0.27758652475058,3.66449432352425,-0.0757502946501,0.939617761562305
"x2",22.3394670461501,10.9142178140557,2.04682254163743,0.040675511561094
