"","Estimate","Std. Error","z value","Pr(>|z|)"
"(Intercept)",-0.80609894772904,1.99478909690335,-0.404102342939614,0.686137462147929
"x1",-10.569785501892,4.83463578249361,-2.18626303560769,0.0287963668457096
"x2",13.3806923509484,3.88348661725785,3.44553584695925,0.000569928369458349
