"","Estimate","Std. Error","z value","Pr(>|z|)"
"(Intercept)",-11.3477138472793,5.93559360612622,-1.91180774835513,0.0559008575823213
"x1",22.867484870821,11.8422152038054,1.93101412846075,0.0534813052320476
"x2",-0.303661413578383,2.2781790115328,-0.133291287489333,0.893963017695122
