"","Estimate","Std. Error","z value","Pr(>|z|)"
"(Intercept)",5.28827002493693,2.47743978920393,2.13457055464351,0.032796104785445
"x1",-9.84759282808919,4.17613050658522,-2.35806635174854,0.018370409101272
"x2",-2.72359149262049,2.34882035773504,-1.15955717245521,0.246229146447569
