"","Estimate","Std. Error","z value","Pr(>|z|)"
"(Intercept)",1.59379609950275,3.38699233816753,0.470563833741956,0.637952239573582
"x1",-14.4683783005228,6.44497285251971,-2.24490911468561,0.0247739676944306
"x2",12.0254307090751,5.2331961780651,2.29791322547386,0.0215667284067377
