"","Estimate","Std. Error","z value","Pr(>|z|)"
"(Intercept)",-0.972966776316252,1.06699655657397,-0.91187433579014,0.361834873011173
"x1",2.05747899821908,1.40292721246386,1.46656147228456,0.142495387261946
"x2",-0.601615768793826,1.15430340471731,-0.521193792147881,0.602231778245654
