"","Estimate","Std. Error","z value","Pr(>|z|)"
"(Intercept)",-7.04293159101113,2.45065661068491,-2.87389573892312,0.00405442782145042
"x1",0.691880447488918,1.92082494594226,0.360199636593909,0.718697846450278
"x2",13.2645052975292,4.11496069209271,3.22348286899026,0.00126641873275203
