"","Estimate","Std. Error","z value","Pr(>|z|)"
"(Intercept)",0.429006097885483,1.26714405628535,0.338561425401877,0.73494014613231
"x1",-5.69291168410808,2.77654285540811,-2.05035973891759,0.0403293389773503
"x2",4.08768303111374,2.07134518850914,1.97344366056914,0.0484450374391438
