"","Estimate","Std. Error","z value","Pr(>|z|)"
"(Intercept)",-7.9806481817799,3.69495708904121,-2.15987574130415,0.0307822901857801
"x1",13.8150018807101,6.11055259453878,2.26084329804429,0.0237689623507266
"x2",0.287786469666835,2.16669951423962,0.132822510816794,0.894333751035926
