"","Estimate","Std. Error","z value","Pr(>|z|)"
"(Intercept)",26.708393342159,11.3570814094863,2.35169515645543,0.0186880835230171
"x1",-0.621549706556283,2.81517976254959,-0.220785086204716,0.825259776527951
"x2",-49.746553907061,21.7156354022336,-2.29081732980027,0.021973980912969
