"","Estimate","Std. Error","z value","Pr(>|z|)"
"(Intercept)",7.87692200428816,2.60234398602404,3.0268565749153,0.00247111177414302
"x1",-14.499055135241,4.45913192292166,-3.25154209067246,0.00114780779070676
"x2",-0.808593132205744,1.67182588293546,-0.483658699425076,0.628628108586921
