"","Estimate","Std. Error","z value","Pr(>|z|)"
"(Intercept)",-11.7403014171474,4.74548061480422,-2.47399628617633,0.0133611085709035
"x1",1.86587715631651,2.38326859264796,0.782906786953209,0.433681851699134
"x2",23.5280972379448,9.54204169561016,2.46572987086915,0.0136734408418456
