"","Estimate","Std. Error","z value","Pr(>|z|)"
"(Intercept)",14.1952856640108,5.26833210092972,2.69445535931679,0.00705037702054885
"x1",-13.5885597804455,5.29234341233422,-2.56758844272582,0.0102408661425879
"x2",-14.3275236569921,5.87361218598464,-2.4393036522193,0.0147155971844682
