"","Estimate","Std. Error","z value","Pr(>|z|)"
"(Intercept)",-0.487322922386259,1.22134484257659,-0.3990051829737,0.689889385274526
"x1",5.99518234202638,2.68430474207429,2.23342091084398,0.0255212004902649
"x2",-4.14853929155923,2.28801978144794,-1.81315709120919,0.0698075957589424
