"","Estimate","Std. Error","z value","Pr(>|z|)"
"(Intercept)",-3.78068913473798,2.4180833252283,-1.56350655715349,0.117933494591701
"x1",-0.162291313223002,1.64019875458039,-0.0989461263580344,0.921181045033918
"x2",7.20233802499914,4.1663219399944,1.72870414930269,0.0838620583583887
