"","Estimate","Std. Error","z value","Pr(>|z|)"
"(Intercept)",15.3363911282943,8.11220868502181,1.89053212556169,0.0586868282261069
"x1",-0.49055551585408,1.40039357544218,-0.350298319312974,0.726114826454694
"x2",-29.6196575944994,15.40116070608,-1.92320943594896,0.0544537527036794
