"","Estimate","Std. Error","z value","Pr(>|z|)"
"(Intercept)",25.9064990581805,11.5906594041651,2.23511865501552,0.0254095599680572
"x1",-51.9388102396444,23.4006854407039,-2.21954225961691,0.0264498555221469
"x2",-0.478191424038711,2.09201475095869,-0.228579374891871,0.819195856638638
