"","Estimate","Std. Error","z value","Pr(>|z|)"
"(Intercept)",0.203731306171842,1.27488570635118,0.159803584867962,0.873035800059852
"x1",5.52230696127046,3.16350035672392,1.74563184402144,0.0808749451622803
"x2",-5.04456077000396,2.94363403855396,-1.71371872451987,0.0865803963271905
