"","Estimate","Std. Error","z value","Pr(>|z|)"
"(Intercept)",-4.54293859846437,2.96430430736995,-1.53254798678043,0.125387265460118
"x1",-0.450185045408704,2.42223460256583,-0.185855261472952,0.852558267017365
"x2",9.0965901118718,3.81458122489812,2.38468905904992,0.0170935623330182
