"","Estimate","Std. Error","z value","Pr(>|z|)"
"(Intercept)",5.99842504525345,2.30304842556282,2.60455880070674,0.00919926343660987
"x1",-4.13670611579637,2.08040321266453,-1.98841555839465,0.0467657494891442
"x2",-6.07377858987643,2.52543634582022,-2.40504125155598,0.0161706403180606
