"","Estimate","Std. Error","z value","Pr(>|z|)"
"(Intercept)",-32.6576839119235,14.6352229933126,-2.23144423059669,0.0256517177893848
"x1",63.4796013191631,28.0314442703703,2.26458546719486,0.0235381295662482
"x2",-0.321052458913936,2.13001218885029,-0.150727991414561,0.880190291536277
