"","Estimate","Std. Error","z value","Pr(>|z|)"
"(Intercept)",2.32720794578776,1.18342835097918,1.96649669907113,0.0492412632550029
"x1",-3.99023257570755,1.67254735955414,-2.38572172734842,0.0170456435391228
"x2",-1.03626470532387,1.24514422019406,-0.832244721950649,0.405270825248687
