"","Estimate","Std. Error","z value","Pr(>|z|)"
"(Intercept)",-8.92597604646654,4.44555375532678,-2.00784346286921,0.0446599286348736
"x1",18.6042082333603,8.67064639373082,2.14565412871777,0.0319005834622596
"x2",-0.662878008944924,2.07367562831081,-0.319663306977714,0.749223578165483
