"","Estimate","Std. Error","z value","Pr(>|z|)"
"(Intercept)",5.2557304043099,2.05771720131994,2.55415583878026,0.010644560291092
"x1",-3.82132883657566,2.59700263822663,-1.47143818043445,0.141172654351921
"x2",-7.23718113533316,3.02878933040378,-2.38946336170841,0.0168730067160009
