"","Estimate","Std. Error","z value","Pr(>|z|)"
"(Intercept)",7.68841586321267,2.75887144061577,2.78679743826579,0.00532317416819358
"x1",-2.18047875954341,2.60683948141797,-0.836445348893273,0.402904409682204
"x2",-16.3297916154312,5.09350887350766,-3.20600042543671,0.0013459378942964
