"","Estimate","Std. Error","z value","Pr(>|z|)"
"(Intercept)",-0.331397160420598,1.09334927640284,-0.303102739054173,0.761811566820447
"x1",0.953874955062512,1.41224007161859,0.675433996125928,0.499400072680843
"x2",-1.60239973688219,1.25324005971216,-1.27860558275661,0.20103598304286
