"","Estimate","Std. Error","z value","Pr(>|z|)"
"(Intercept)",-5.81850916933595,2.90493576925367,-2.00297343263835,0.0451801401745237
"x1",-0.610247794824859,3.01860377840116,-0.202162270911913,0.839789867558828
"x2",22.5387290167037,8.5375734963548,2.63994553327439,0.00829193524025103
