"","Estimate","Std. Error","z value","Pr(>|z|)"
"(Intercept)",-17.8098347368699,8.24822252248641,-2.15923305758502,0.0308320906262314
"x1",35.2305509995024,15.9693537382391,2.2061350494818,0.0273745452826693
"x2",0.0245953878314499,2.18687636885093,0.0112468122029108,0.991026531362295
