"","Estimate","Std. Error","z value","Pr(>|z|)"
"(Intercept)",-5.80659932675887,3.31240253389109,-1.75298722523854,0.079604199897527
"x1",10.707483100951,5.204428631386,2.05737917825947,0.0396497664214404
"x2",-0.350722763270121,2.40743873381868,-0.14568294442692,0.884171686085734
