"","Estimate","Std. Error","z value","Pr(>|z|)"
"(Intercept)",-7.39852235117309,3.25618065470511,-2.27214738238875,0.0230776100776021
"x1",7.49844337377987,3.56481868495441,2.10345715630016,0.0354258266761025
"x2",7.73815320349927,3.87577241992898,1.99654478258583,0.0458746563254497
