"","Estimate","Std. Error","z value","Pr(>|z|)"
"(Intercept)",7.0577988776242,2.9208297502796,2.41636777253059,0.0156762187707002
"x1",-7.18320688924941,2.91524067170871,-2.46401848017547,0.0137389027557432
"x2",-6.51982342146541,2.86945602257935,-2.27214613855791,0.0230776851786473
