"","Estimate","Std. Error","z value","Pr(>|z|)"
"(Intercept)",11.5035462028871,4.2945901001385,2.67861330992127,0.00739277143623953
"x1",-0.968832670266855,2.34845856364213,-0.412539818784085,0.679943801353966
"x2",-21.6128168182697,7.59782185266607,-2.84460694622443,0.00444662557672474
