"","Estimate","Std. Error","z value","Pr(>|z|)"
"(Intercept)",3.57789130799478,1.52219223624355,2.3504858471912,0.0187489206515317
"x1",-9.04727050234123,2.81732133460472,-3.21130230734244,0.00132134850913933
"x2",1.03718013564241,1.36928575281889,0.757460693290068,0.448773906231163
