"","Estimate","Std. Error","z value","Pr(>|z|)"
"(Intercept)",26.6262517382798,12.1268162092212,2.19565063730686,0.0281169588654878
"x1",-0.737870523068062,2.46693626053019,-0.299104008025517,0.764860688236125
"x2",-52.7002709881771,24.1346931379739,-2.18358985079689,0.0289924000086336
