"","Estimate","Std. Error","z value","Pr(>|z|)"
"(Intercept)",-1.43097017540279,1.41188421134033,-1.01351808024281,0.310812764544612
"x1",10.1698804283564,4.25946022697623,2.38759840130633,0.0169588621209121
"x2",-6.05151862216679,3.38524195567735,-1.78761775418087,0.0738376990883397
