"","Estimate","Std. Error","z value","Pr(>|z|)"
"(Intercept)",-9.1460888970962,4.3702794121995,-2.09279271059081,0.0363676628134678
"x1",16.7138927744319,8.24443940342684,2.02729281598998,0.0426324757772082
"x2",0.517692980774808,1.93087925296842,0.268112560626946,0.788612677698724
