"","Estimate","Std. Error","z value","Pr(>|z|)"
"(Intercept)",0.249914457748077,0.860261136417505,0.290509994196446,0.771426106047581
"x1",0.506200467136069,1.18776774631474,0.426177986990002,0.669978156502181
"x2",-1.13415199079313,1.20034558273371,-0.944854554477697,0.344733135581538
