"","Estimate","Std. Error","z value","Pr(>|z|)"
"(Intercept)",11.6472900055804,5.49510306469261,2.11957626061959,0.0340417962298918
"x1",-23.0434429788999,10.8187289805859,-2.12995842859648,0.0331750456151972
"x2",-0.159895343712102,1.84790182774885,-0.08652805106367,0.931046658165045
