"","Estimate","Std. Error","z value","Pr(>|z|)"
"(Intercept)",-0.536097214113756,1.28224057776833,-0.418094095139934,0.675878322066601
"x1",5.72460598162159,2.11437455722494,2.70747014149422,0.00677981691707336
"x2",-4.01191251749485,1.68768769211402,-2.37716523989666,0.0174462707735132
