"","Estimate","Std. Error","z value","Pr(>|z|)"
"(Intercept)",4.17050932183263,1.536482185157,2.71432325224551,0.00664113283253613
"x1",-8.6086937570128,2.58387837977661,-3.33169464336672,0.000863189128490053
"x2",-0.323311426556196,1.35449835869315,-0.238694587174055,0.81134241426458
