"","Estimate","Std. Error","z value","Pr(>|z|)"
"(Intercept)",15.9180404132028,5.62982057678036,2.82745075018113,0.00469202320783698
"x1",-16.2973760378561,6.19460801458316,-2.63089706394486,0.00851598252153025
"x2",-15.513709456482,5.46427408462289,-2.83911626983343,0.00452386697555328
