"","Estimate","Std. Error","z value","Pr(>|z|)"
"(Intercept)",6.09114157873721,2.79798480382167,2.17697450337026,0.0294824698440649
"x1",-2.22519529847386,2.65943797594163,-0.836716373385612,0.402752013426778
"x2",-8.5273961518203,3.44411959607906,-2.47592916387929,0.0132889941231398
