"","Estimate","Std. Error","z value","Pr(>|z|)"
"(Intercept)",1.74442114975111,1.13708329345647,1.5341190568797,0.125000365870976
"x1",-7.24067544295859,2.34069150473853,-3.09339160171277,0.00197882828737279
"x2",1.53322420143047,1.61861713236797,0.947243279939478,0.343514826023633
