"","Estimate","Std. Error","z value","Pr(>|z|)"
"(Intercept)",-8.26907873714251,4.14334756167774,-1.99574827215175,0.0459613298506437
"x1",0.184174416884774,1.51178024331079,0.121826183203343,0.903036677199976
"x2",15.1493704734551,7.15974020796405,2.11591063829437,0.0343524084773932
