"","Estimate","Std. Error","z value","Pr(>|z|)"
"(Intercept)",-75.0867741949799,33.8669704218347,-2.21710927371791,0.0266156252357803
"x1",0.26476192826938,2.51034261104389,0.105468443671632,0.916004108607806
"x2",149.585371257945,67.4391532300826,2.21807902521557,0.0265494446770073
