"","Estimate","Std. Error","z value","Pr(>|z|)"
"(Intercept)",-39.7472499484371,21.0048637974716,-1.89228791634543,0.0584526300488732
"x1",0.149553196564752,2.6528576508108,0.0563743767099766,0.955043568908581
"x2",80.2403656812954,42.6807712428792,1.88001208377139,0.0601064310785569
