"","Estimate","Std. Error","z value","Pr(>|z|)"
"(Intercept)",-5.87361497002904,2.45140548822387,-2.3960193441048,0.0165742155842242
"x1",4.88295461086624,2.56575555933997,1.90312541391214,0.0570241825325676
"x2",6.89401555309316,2.68362510572261,2.56891901122562,0.0102016296585017
