"","Estimate","Std. Error","z value","Pr(>|z|)"
"(Intercept)",-0.525056677599015,1.47058353620152,-0.357039681645847,0.721062099236539
"x1",-13.5735976666587,4.30334649498248,-3.15419585257309,0.00160941037988567
"x2",14.5807301178283,4.95220400358401,2.94429108883155,0.00323695396088328
