"","Estimate","Std. Error","z value","Pr(>|z|)"
"(Intercept)",-3.91148642585601,1.86182134268757,-2.10089246275892,0.0356504072154876
"x1",12.8913504886428,3.87569032952821,3.32620756370183,0.000880363444731028
"x2",-7.80861934180348,3.15835378310658,-2.47237006302786,0.0134220496342192
