"","Estimate","Std. Error","z value","Pr(>|z|)"
"(Intercept)",-11.4098494755012,5.88857609434659,-1.93762452801712,0.0526690477504211
"x1",25.0283506286633,11.7621783414225,2.12786695645668,0.0333481159610136
"x2",-0.362415238964079,1.93385368896949,-0.187405717935777,0.851342539763522
