"","Estimate","Std. Error","z value","Pr(>|z|)"
"(Intercept)",-10.6518455389008,5.08076264010603,-2.096505248015,0.0360373948672647
"x1",21.8551627485899,10.0514559204096,2.17432806964936,0.0296805058225129
"x2",-1.13741824631587,1.93017956060921,-0.5892810542232,0.555672751934996
