"","Estimate","Std. Error","z value","Pr(>|z|)"
"(Intercept)",-0.661090183156943,1.09247047871522,-0.605133224226257,0.545090480155434
"x1",-3.20336844974791,2.04161428821442,-1.56903704496972,0.116639307400772
"x2",5.63972113751405,2.23494562188259,2.52342655780747,0.0116217333439464
