"","Estimate","Std. Error","z value","Pr(>|z|)"
"(Intercept)",0.746062142987063,1.3528636972869,0.551468817208452,0.581312337089008
"x1",-10.8211587577768,3.42608706913138,-3.15845993970034,0.00158605106235671
"x2",11.1724826572006,3.91033192852543,2.85716989284173,0.00427436985206438
