"","Estimate","Std. Error","z value","Pr(>|z|)"
"(Intercept)",-19.9173870995284,9.63726537110471,-2.06670526674989,0.0387619346000131
"x1",40.4573972621255,18.8485179039971,2.14644978815793,0.0318371107240864
"x2",-0.752853985439277,1.79325015247097,-0.419826528051259,0.674612183967722
