"","Estimate","Std. Error","z value","Pr(>|z|)"
"(Intercept)",-0.656345115603078,1.17848319234035,-0.556940582495402,0.577568026003376
"x1",5.33317209721209,2.03279571343127,2.62356520233404,0.00870147881271303
"x2",-1.56960991220155,1.8297179264553,-0.857842561144027,0.390979404568126
