"","Estimate","Std. Error","z value","Pr(>|z|)"
"(Intercept)",-6.23781241994884,2.53321916561459,-2.4624053475592,0.0138008594723732
"x1",7.37869119922566,3.22992442447736,2.28447797208742,0.0223434557299275
"x2",4.62485108216694,2.65936942383435,1.73907808396876,0.0820210290536305
