"","Estimate","Std. Error","z value","Pr(>|z|)"
"(Intercept)",-0.0509760052716471,1.60513640127047,-0.0317580519831832,0.974664999416258
"x1",-10.371288126074,3.83854818750701,-2.70187779844174,0.00689490984417956
"x2",11.2851251866676,4.10269804770572,2.75065945761676,0.00594754370157778
