"","Estimate","Std. Error","z value","Pr(>|z|)"
"(Intercept)",8.22243180485294,3.63859610202434,2.25978140312918,0.0238348211553302
"x1",-23.9927152441259,9.64183963097982,-2.4883960076494,0.0128320759056791
"x2",0.849741512997298,1.877616066128,0.4525640402884,0.650862697472153
