"","Estimate","Std. Error","z value","Pr(>|z|)"
"(Intercept)",-0.833335469175075,1.16405804433736,-0.715888243914376,0.474060358080651
"x1",9.20733432726703,2.68209223136011,3.43289250817372,0.000597178803945577
"x2",-6.1391703360729,2.25782508262334,-2.71906375003146,0.00654669891926656
