"","Estimate","Std. Error","z value","Pr(>|z|)"
"(Intercept)",-1.84273008903784,0.87173678248859,-2.1138606584631,0.0345271702655761
"x1",4.09240975084501,1.55929328416342,2.6245285556018,0.00867690164060972
