"","Estimate","Std. Error","z value","Pr(>|z|)"
"(Intercept)",21.2974325058874,9.3473810421829,2.27843846418331,0.022700466893743
"x2",-38.6744282820135,17.1157730063483,-2.25957824210855,0.0238474392399692
