"","Estimate","Std. Error","z value","Pr(>|z|)"
"(Intercept)",-0.965187857860323,0.710420731378529,-1.35861443118,0.174268799799203
"x2",0.610478410485088,1.13774460054073,0.536568936644436,0.591565405958066
