"","Estimate","Std. Error","z value","Pr(>|z|)"
"(Intercept)",2.74046388228319,1.00017382337677,2.7399876083848,0.00614415008112562
"x2",-3.1864346554507,1.4846490027018,-2.14625453534939,0.0318526767392839
