"","Estimate","Std. Error","z value","Pr(>|z|)"
"(Intercept)",-0.547876164297623,0.688838310003266,-0.795362505745398,0.426402663668704
"x1",1.08601791472568,1.16787363565499,0.929910464257206,0.35241744454468
