"","Estimate","Std. Error","z value","Pr(>|z|)"
"(Intercept)",0.372955215006663,0.633156766087562,0.589040874207582,0.555833854632152
"x2",0.28548516103255,1.08829624527627,0.2623230230479,0.793072413528885
