"","Estimate","Std. Error","z value","Pr(>|z|)"
"(Intercept)",1.62364848545554,0.786244265906565,2.06506877806406,0.0389164930895289
"x2",-2.98796597121341,1.46826339544588,-2.03503402760103,0.0418474492404522
