"","Estimate","Std. Error","z value","Pr(>|z|)"
"(Intercept)",-0.821277141694342,0.950561906905627,-0.863991220064617,0.387592713733287
"x1",5.42423674941649,2.25894251696312,2.40122832196223,0.0163401374885086
