"","Estimate","Std. Error","z value","Pr(>|z|)"
"(Intercept)",-0.0218142414481363,0.657451770684574,-0.0331799873706661,0.973531057099277
"x1",0.0442087235404146,1.12389359577894,0.039335328278808,0.968623040508628
