"","Estimate","Std. Error","z value","Pr(>|z|)"
"(Intercept)",8.22306935253466,2.80713598068499,2.92934485864418,0.00339677330812067
"x2",-18.0943523970787,5.90935046425,-3.06198667798512,0.00219873238037994
