"","Estimate","Std. Error","z value","Pr(>|z|)"
"(Intercept)",2.88542948509339,0.996596510946669,2.89528355096539,0.00378816177773105
"x1",-4.63312561062974,1.61202734921063,-2.87409863914434,0.00405182396635563
