"","Estimate","Std. Error","z value","Pr(>|z|)"
"(Intercept)",-1.2996812727912,0.825830873291512,-1.57378624949085,0.115536874042524
"x1",-0.308772184923526,1.34343910340974,-0.229837127816096,0.818218333084383
