"","Estimate","Std. Error","z value","Pr(>|z|)"
"(Intercept)",-1.5778531714015,0.797641993861694,-1.97814706791264,0.0479121180595301
"x2",4.18920955496237,1.6271376675643,2.57458827146034,0.0100359474266784
