"","Estimate","Std. Error","z value","Pr(>|z|)"
"(Intercept)",-0.440962379673914,0.751054765687899,-0.587124135042312,0.55712033928319
"x2",1.30977075922976,1.25836234172117,1.04085342973493,0.297943578275055
