"","Estimate","Std. Error","z value","Pr(>|z|)"
"(Intercept)",-15.7923229594068,6.8953243185662,-2.29029444153696,0.0220042538261599
"x1",40.1943145664732,17.649261916735,2.27739351119045,0.0227627372440781
