"","Estimate","Std. Error","z value","Pr(>|z|)"
"(Intercept)",-11.8415074897389,4.89129100409112,-2.42093702456765,0.0154805588690639
"x1",25.1978170020653,10.1368392932575,2.48576664511447,0.0129272702082205
