"","Estimate","Std. Error","z value","Pr(>|z|)"
"(Intercept)",-0.313342672202108,0.729238360495888,-0.429684845417393,0.667424908737363
"x2",-1.59786745788049,1.30179350642877,-1.22743541889677,0.219658980918476
