"","Estimate","Std. Error","z value","Pr(>|z|)"
"(Intercept)",-2.75690843522254,0.994283257313845,-2.77275958831954,0.00555831676353406
"x1",7.60315273889338,2.26639616786646,3.35473243676142,0.000794417819415942
