"","Estimate","Std. Error","z value","Pr(>|z|)"
"(Intercept)",0.265873245393753,0.683996642735337,0.388705483013063,0.697494025872747
"x1",-0.537482829771045,1.18345043240524,-0.454165899182331,0.649709425116596
