"","Estimate","Std. Error","z value","Pr(>|z|)"
"(Intercept)",-1.5095382532842,0.943224468196124,-1.60040192359633,0.109509448663307
"x2",4.69793188597131,1.85833815494532,2.52802853639387,0.0114705028397754
