"","Estimate","Std. Error","z value","Pr(>|z|)"
"(Intercept)",-3.37079639416348,1.12995231531944,-2.98313154321963,0.00285315339571256
"x1",5.35586364692594,1.82610789176178,2.93293932471796,0.0033576950406457
