"","Estimate","Std. Error","z value","Pr(>|z|)"
"(Intercept)",4.56763096941366,1.45997367550889,3.12857077222408,0.00175658702894586
"x1",-7.03562715263893,2.26887550639868,-3.10093133483836,0.0019291301981959
