"","Estimate","Std. Error","z value","Pr(>|z|)"
"(Intercept)",2.26311088180816,0.900530585078385,2.51308608425685,0.0119680127360826
"x1",-4.94355712744811,1.67484428695983,-2.95165178395278,0.00316079156361186
