"","Estimate","Std. Error","z value","Pr(>|z|)"
"(Intercept)",-1.85928743681942,0.808573823771289,-2.2994652833893,0.0214785325532044
"x2",0.797398686430646,1.29076336896714,0.617772943981762,0.536725020693946
