"","Estimate","Std. Error","z value","Pr(>|z|)"
"(Intercept)",0.243240200223448,0.669657012915754,0.363231020555367,0.716432316753514
"x2",-0.249342753506144,1.19619693153318,-0.208446240692624,0.834880554310367
