"","Estimate","Std. Error","z value","Pr(>|z|)"
"(Intercept)",-0.0516971133021009,0.663091648093402,-0.0779637527493317,0.937856886312011
"x2",0.0998375630042158,1.08384811016822,0.0921139798718848,0.92660748134449
