"","Estimate","Std. Error","z value","Pr(>|z|)"
"(Intercept)",-0.583705578104678,0.695006813570668,-0.839855907463457,0.400989182311807
"x1",2.00745160721528,1.25729877917868,1.59663847643806,0.110346317008175
