"","Estimate","Std. Error","z value","Pr(>|z|)"
"(Intercept)",-0.286042784294476,0.719128668020202,-0.397763011008818,0.690804885270618
"x1",1.27952834208537,1.21157730529311,1.05608477188818,0.290929486978185
