"","Estimate","Std. Error","z value","Pr(>|z|)"
"(Intercept)",6.34999678254043,2.27865869166309,2.7867257197285,0.00532435230928899
"x2",-16.7615718947099,5.63643780423313,-2.97378814011245,0.00294148090366072
