"","Estimate","Std. Error","z value","Pr(>|z|)"
"(Intercept)",-2.33227503602528,0.961203056018732,-2.42641242287085,0.0152489302163784
"x1",1.89931354152026,1.44760722145208,1.31203652024828,0.18950781263555
