"","Estimate","Std. Error","z value","Pr(>|z|)"
"(Intercept)",2.96296457287765,1.03448535098555,2.86419190958562,0.00418074634105767
"x1",-5.30726387071941,1.80382473929234,-2.94222811956859,0.00325859784814642
