"","Estimate","Std. Error","z value","Pr(>|z|)"
"(Intercept)",-0.330628893181068,0.69827394180604,-0.47349453185367,0.635860401265665
"x1",-0.90571704612512,1.18922654423114,-0.761601774294979,0.446297715550263
