"","Estimate","Std. Error","z value","Pr(>|z|)"
"(Intercept)",2.34860271735039,0.937453372490385,2.50530083550846,0.0122347281297334
"x1",-3.32865051970254,1.47586046700782,-2.25539649181816,0.0241084527565434
