"","Estimate","Std. Error","z value","Pr(>|z|)"
"(Intercept)",3.70830201239655,1.27361303266024,2.91163949904855,0.00359537323431172
"x2",-3.8260011807724,1.78183920566341,-2.14722022537826,0.0317757532717792
