"","Estimate","Std. Error","z value","Pr(>|z|)"
"(Intercept)",0.860002408661794,0.740542455907276,1.16131411751155,0.245514180393125
"x1",-1.63214917814,1.22757180782647,-1.32957531912522,0.183658234432883
