"","Estimate","Std. Error","z value","Pr(>|z|)"
"(Intercept)",0.441143728781115,0.726798033648474,0.606968797874431,0.543871619306708
"x2",-1.05253015875122,1.18139646546953,-0.890920355287253,0.372971899295503
