"","Estimate","Std. Error","z value","Pr(>|z|)"
"(Intercept)",-0.691096862291789,0.762043666593926,-0.906899292767244,0.364460055198482
"x2",-0.179219695829664,1.24842738047247,-0.143556364297166,0.885850799890663
