"","Estimate","Std. Error","z value","Pr(>|z|)"
"(Intercept)",1.73576808250205,0.870420580310153,1.99417169327907,0.046133294477462
"x1",-4.77092421211223,1.71654331501389,-2.77937886587711,0.00544629622583548
