"","Estimate","Std. Error","z value","Pr(>|z|)"
"(Intercept)",0.327810599599889,0.615738927598116,0.532385699372001,0.594458887719293
"x1",-1.26531165235477,1.10673583020176,-1.14328245081222,0.252921338862742
