"","Estimate","Std. Error","z value","Pr(>|z|)"
"(Intercept)",17.771799302195,7.60317887193895,2.33741696749834,0.0194175137262978
"x2",-31.223656440744,13.4934006036217,-2.31399462285018,0.0206680170972856
