"","Estimate","Std. Error","z value","Pr(>|z|)"
"(Intercept)",-0.178851576062604,0.805293912781424,-0.222094782071386,0.824240099737897
"x1",-2.81368945931053,1.63643138013201,-1.71940571017622,0.0855405232197369
