"","Estimate","Std. Error","z value","Pr(>|z|)"
"(Intercept)",0.00953918060679503,0.600815126687911,0.0158770646461272,0.987332467457984
"x1",0.248990248701481,1.04965357986628,0.237211832053392,0.812492457596014
