"","Estimate","Std. Error","z value","Pr(>|z|)"
"(Intercept)",-1.68755933060622,0.738696404293665,-2.28451001087497,0.0223415749255819
"x1",2.13057773470883,1.22535988602651,1.73873631657526,0.0820811549057813
