"","Estimate","Std. Error","z value","Pr(>|z|)"
"(Intercept)",-0.405992905483652,0.686935656158222,-0.59102028238601,0.554506831218135
"x1",0.31324522126705,1.18207372523977,0.264996348855914,0.791012274493295
