"","Estimate","Std. Error","z value","Pr(>|z|)"
"(Intercept)",2.12399930331231,0.87637768167396,2.42361181454927,0.0153670217797961
"x1",-4.4731011988521,1.58651805538654,-2.81944550436413,0.00481066987969752
