"","Estimate","Std. Error","z value","Pr(>|z|)"
"(Intercept)",-18.8476381103007,8.58863727864925,-2.19448528314901,0.0282005408086908
"x1",38.6214020165229,16.9610419538348,2.2770654138846,0.0227823196573655
