"","Estimate","Std. Error","z value","Pr(>|z|)"
"(Intercept)",4.02062276008671,1.307342377307,3.07541683791265,0.00210208540984495
"x1",-8.44018733634086,2.57069411608306,-3.28323283720784,0.00102623866006465
