"","Estimate","Std. Error","z value","Pr(>|z|)"
"(Intercept)",-2.52244584643144,0.994617204811997,-2.53609713790164,0.0112095635767647
"x1",5.859652783133,1.90950201703193,3.06868111731091,0.00215005955455358
