"","Estimate","Std. Error","z value","Pr(>|z|)"
"(Intercept)",0.861357887654979,0.741419117447202,1.16176919017241,0.245329232108401
"x1",-2.28752255417704,1.34722694579959,-1.6979489322932,0.0895174006894447
