"","Estimate","Std. Error","z value","Pr(>|z|)"
"(Intercept)",1.78467742495441,0.913276708869044,1.95414753012202,0.0506837724361663
"x2",-4.51463345426754,1.69175820472301,-2.66860443866251,0.00761670943185152
