"","Estimate","Std. Error","z value","Pr(>|z|)"
"(Intercept)",-1.23433095861648,0.782446406700868,-1.57752780004569,0.11467413058928
"x2",4.54920356322902,1.74426097375529,2.60809800349707,0.0091046883031881
