"","Estimate","Std. Error","z value","Pr(>|z|)"
"(Intercept)",0.0466903035155201,0.680862857848263,0.0685751953970229,0.945327763581481
"x1",-0.347215253340864,1.17861939901634,-0.294594890963652,0.768303365482305
