"","Estimate","Std. Error","z value","Pr(>|z|)"
"(Intercept)",0.470295487442827,0.810250952982011,0.580431884358757,0.561623408792956
"x1",-3.51181933377775,1.7129510647338,-2.0501574190174,0.0403490717066225
