"","Estimate","Std. Error","z value","Pr(>|z|)"
"(Intercept)",-0.522010009389925,0.670915347669952,-0.778056443637538,0.436535738849774
"x1",0.547395063378567,1.1412123663028,0.479660998725392,0.631468464601609
