"","Estimate","Std. Error","z value","Pr(>|z|)"
"(Intercept)",7.42427809990045,2.7881988839449,2.66275054575596,0.00775048470047778
"x1",-21.1340198058363,7.91284767839103,-2.6708488100372,0.00756597166413186
