"","Estimate","Std. Error","z value","Pr(>|z|)"
"(Intercept)",9.69614071672887,3.9824969108737,2.43468882304838,0.0149046011183544
"x1",-24.7009924786859,9.71878240037538,-2.54157274657491,0.0110354978896445
