"","Estimate","Std. Error","z value","Pr(>|z|)"
"(Intercept)",3.74685946397043,1.40310448571655,2.67040658918351,0.00757594476912023
"x2",-8.73757204952743,2.87296688019266,-3.04130622241684,0.00235554131681955
