"","Estimate","Std. Error","z value","Pr(>|z|)"
"(Intercept)",0.81064947302559,0.689961572032597,1.17491974319302,0.240026826034678
"x2",-1.65391344103958,1.20022523303318,-1.37800255778647,0.168202498435278
