"","Estimate","Std. Error","z value","Pr(>|z|)"
"(Intercept)",0.146730996112061,0.623868658675485,0.235195331696228,0.814057129152313
"x2",-0.566269191553781,1.07279147406696,-0.527846468994621,0.597605901433761
