"","Estimate","Std. Error","z value","Pr(>|z|)"
"(Intercept)",-3.5071885238806,1.17700534510616,-2.97975581713631,0.00288478241085733
"x2",6.86708215653791,2.17521278982247,3.15697029213329,0.00159417586907136
