"","Estimate","Std. Error","z value","Pr(>|z|)"
"(Intercept)",-16.116677018945,6.33227335755773,-2.54516444709534,0.0109226285651567
"x2",27.5412520688572,10.8926335980183,2.52842912790786,0.0114574215832073
