"","Estimate","Std. Error","z value","Pr(>|z|)"
"(Intercept)",0.164923401565367,0.650708548939405,0.253452028306954,0.799918926964812
"x2",-0.646817275118704,1.22040500395648,-0.53000214930434,0.596110440601726
