"","Estimate","Std. Error","z value","Pr(>|z|)"
"(Intercept)",2.10279150278786,0.862989017073898,2.43663761784329,0.0148245273613284
"x1",-3.64602349737042,1.47372453578057,-2.4740196752165,0.0133602338772401
