"","Estimate","Std. Error","z value","Pr(>|z|)"
"(Intercept)",-1.16010281122037,0.698324074342236,-1.66126710197281,0.0966598141256053
"x1",3.5226145841807,1.39599830263823,2.52336595074898,0.0116237367638721
