"","Estimate","Std. Error","z value","Pr(>|z|)"
"(Intercept)",2.76378497084087,1.04909600810623,2.6344442734368,0.00842751364197861
"x2",-7.51016884343722,2.33999299340966,-3.20948347477485,0.00132973690076351
