"","Estimate","Std. Error","z value","Pr(>|z|)"
"(Intercept)",0.615156099333927,0.639678044041747,0.961665176824141,0.336217820166672
"x2",-0.488451258391949,1.08316251762093,-0.450949188552784,0.652026170695283
