"","Estimate","Std. Error","z value","Pr(>|z|)"
"(Intercept)",0.055099573566219,0.658224762178397,0.0837093599819411,0.933287515078758
"x1",0.141441351303635,1.1261168463105,0.125600954969317,0.90004780698738
