"","Estimate","Std. Error","z value","Pr(>|z|)"
"(Intercept)",0.788719220280465,0.727208526238244,1.08458467114021,0.278105647231798
"x1",-1.0135008727561,1.1827190577069,-0.856924445540868,0.391486641752872
