"","Estimate","Std. Error","z value","Pr(>|z|)"
"(Intercept)",7.89806934318208,2.66853723503244,2.95969988332806,0.00307938865955914
"x2",-14.8957181385259,4.82266586556748,-3.08868964878477,0.00201041332994255
