"","Estimate","Std. Error","z value","Pr(>|z|)"
"(Intercept)",2.22543077470342,0.905880549231911,2.45664925313867,0.0140239533857719
"x1",-4.51116787222685,1.65543403199372,-2.72506652940669,0.00642885313833612
