"","Estimate","Std. Error","z value","Pr(>|z|)"
"(Intercept)",0.716614474427197,0.678653108570611,1.05593633238716,0.290997303576578
"x2",-1.16534742229803,1.13008546926866,-1.03120290808817,0.302445677215128
