"","Estimate","Std. Error","z value","Pr(>|z|)"
"(Intercept)",3.07223830541586,1.03046250429635,2.98141688087305,0.0028691792183197
"x1",-4.03886742292161,1.59215277998632,-2.53673358090441,0.0111892070381638
