"","Estimate","Std. Error","z value","Pr(>|z|)"
"(Intercept)",-2.59282120219686,0.986707469010208,-2.62775065926864,0.0085951491465939
"x1",5.25272977364122,1.75417513971624,2.99441581100671,0.00274970928312973
