"","Estimate","Std. Error","z value","Pr(>|z|)"
"(Intercept)",14.0477705258559,6.00610433054679,2.33891550208503,0.019339807035686
"x1",-26.9756953269859,11.5423847204553,-2.3370989600771,0.0194340390833326
