"","Estimate","Std. Error","z value","Pr(>|z|)"
"(Intercept)",3.88456390362707,1.39000136272358,2.79464755057191,0.00519563249321966
"x2",-3.57923308460885,2.10298866250802,-1.70197450343848,0.0887601479393724
