"","Estimate","Std. Error","z value","Pr(>|z|)"
"(Intercept)",0.325968135910259,0.675201556345149,0.482771600342152,0.62925791775357
"x1",-0.878874024008549,1.12296096941017,-0.782639867234365,0.433838623231885
