"","Estimate","Std. Error","z value","Pr(>|z|)"
"(Intercept)",2.25754724560216,0.873630475096543,2.58409855191085,0.0097633891696972
"x2",-3.27832680949986,1.39435890296402,-2.35113556669739,0.0187162134927203
