"","Estimate","Std. Error","z value","Pr(>|z|)"
"(Intercept)",1.68430978287085,0.803751897983589,2.0955593225924,0.0361213008429496
"x2",-3.75324930443046,1.48005087224854,-2.53589209317408,0.0112161289046466
