"","Estimate","Std. Error","z value","Pr(>|z|)"
"(Intercept)",-1.15490033917245,0.735235349504463,-1.57079000615359,0.116231434202317
"x1",0.991309918040664,1.2064018663626,0.821707878345335,0.411243174232149
