"","Estimate","Std. Error","z value","Pr(>|z|)"
"(Intercept)",1.79635235062615,0.756375857754254,2.37494670435368,0.0175514842294858
"x1",-2.34140126569467,1.25121493494972,-1.87130220419624,0.061303205206863
