"","Estimate","Std. Error","z value","Pr(>|z|)"
"(Intercept)",1.57769880104704,0.790258272399835,1.99643440144691,0.0458866593969986
"x2",-3.75216773283303,1.45924249676224,-2.57131199314597,0.0101314008453776
