"","Estimate","Std. Error","z value","Pr(>|z|)"
"(Intercept)",0.474304452613807,0.681447695609837,0.696024736262914,0.486413338699621
"x2",-1.16306012492976,1.1313196896641,-1.02805611495641,0.3039234322791
