"","Estimate","Std. Error","z value","Pr(>|z|)"
"(Intercept)",6.15046658128735,1.94293909368488,3.16554780398324,0.00154791224526937
"x1",-13.3602664716023,4.08819209864687,-3.26801337834012,0.00108305246005123
