"","Estimate","Std. Error","z value","Pr(>|z|)"
"(Intercept)",1.32735450180231,0.790452425520678,1.67923389055068,0.0931064694089939
"x2",-3.79029147964278,1.49628516868681,-2.53313443116547,0.0113047588805856
