"","Estimate","Std. Error","z value","Pr(>|z|)"
"(Intercept)",-0.11582414818209,0.70983953987134,-0.16316947940528,0.870384996030964
"x2",0.214611303228613,1.14082053507152,0.188120126374793,0.85078248419316
