"","Estimate","Std. Error","z value","Pr(>|z|)"
"(Intercept)",16.4878099733273,7.59501285376719,2.17087321519794,0.0299407575460716
"x1",-32.0985051585394,14.1289972481397,-2.27181763820966,0.0230975270756741
