"","Estimate","Std. Error","z value","Pr(>|z|)"
"(Intercept)",-0.306032366034026,0.793637563249312,-0.385607209392998,0.699787593104684
"x2",2.44763278364722,1.42956768007196,1.71214893688979,0.086869224892791
