"","Estimate","Std. Error","z value","Pr(>|z|)"
"(Intercept)",2.27458517598303,0.893345734840678,2.54614208953344,0.0108920842806272
"x2",-4.0855545763399,1.49645661915656,-2.73015236395067,0.00633050600913416
