"","Estimate","Std. Error","z value","Pr(>|z|)"
"(Intercept)",1.59987890984387,0.816988868357516,1.95826280113251,0.0501991833498449
"x1",-2.26121505713855,1.31414031851736,-1.72068007143232,0.0853088945881452
