"","Estimate","Std. Error","z value","Pr(>|z|)"
"(Intercept)",0.158116456777715,0.654522106899535,0.241575425964925,0.809109165412965
"x2",0.183485343534568,1.09055081557506,0.168250154797064,0.866386485464124
