"","Estimate","Std. Error","z value","Pr(>|z|)"
"(Intercept)",-8.77492966479211,3.56001159419262,-2.46485985582364,0.0137066850290554
"x1",19.75249090122,7.44364183449091,2.65360576723275,0.00796368083682544
