"","Estimate","Std. Error","z value","Pr(>|z|)"
"(Intercept)",0.536312235110324,0.713626264088111,0.75153096529545,0.452333172362288
"x2",-2.76968137113653,1.47893169757216,-1.87275813729822,0.0611017911709215
