"","Estimate","Std. Error","z value","Pr(>|z|)"
"(Intercept)",3.76665258153879,1.17569660342345,3.203762408236,0.00135644365461847
"x2",-6.27791897021371,1.92177327641623,-3.26673237017892,0.00108796479428095
