"","Estimate","Std. Error","z value","Pr(>|z|)"
"(Intercept)",-0.885795677535969,0.701179814727202,-1.26329317948292,0.206483836474514
"x1",1.80136931936552,1.21973442670465,1.47685371497816,0.139714854229028
