"","Estimate","Std. Error","z value","Pr(>|z|)"
"(Intercept)",-1.59922160065621,0.808465378443293,-1.9780953437184,0.0479179517659094
"x1",4.23505868734404,1.56939250009591,2.69853378749116,0.00696456677226655
