"","Estimate","Std. Error","z value","Pr(>|z|)"
"(Intercept)",16.2894634735322,6.95435267678113,2.34234072251163,0.0191632115079916
"x2",-35.7860873883774,15.2194596766265,-2.35133757365489,0.0187060545528777
