"","Estimate","Std. Error","z value","Pr(>|z|)"
"(Intercept)",-0.48685154078562,0.777739404016333,-0.625982865560707,0.53132618006419
"x2",1.91775202492952,1.34536848418508,1.4254474127147,0.154027910991165
