"","Estimate","Std. Error","z value","Pr(>|z|)"
"(Intercept)",-10.0048492421654,3.59791349567933,-2.78073646133516,0.00542357455285282
"x1",18.4596700961845,6.43840028235005,2.86712060242496,0.0041422512854002
