"","Estimate","Std. Error","z value","Pr(>|z|)"
"(Intercept)",-0.550441711604725,0.725451764201294,-0.75875714798316,0.447997844002446
"x2",0.786240491611165,1.1646678889769,0.675076988944748,0.499626852491879
