"","Estimate","Std. Error","z value","Pr(>|z|)"
"(Intercept)",24.1835009847637,10.8005459429421,2.23909986703653,0.0251494189271324
"x2",-46.6292584725848,21.362715351065,-2.18274024187942,0.0290549446208367
