"","Estimate","Std. Error","z value","Pr(>|z|)"
"(Intercept)",-0.1796199168385,0.614912403753051,-0.292106511012316,0.77020518861846
"x1",1.22840466137182,1.11320199265546,1.10348765945123,0.269815447725928
