"","Estimate","Std. Error","z value","Pr(>|z|)"
"(Intercept)",0.590436839425279,0.743511624609988,0.794119177000084,0.427126054507265
"x2",-0.871775953265837,1.21891637774022,-0.715205709912639,0.47448194132145
