"","Estimate","Std. Error","z value","Pr(>|z|)"
"(Intercept)",3.06756575883638,1.05582845014438,2.90536380073573,0.00366826458657067
"x1",-5.83327957071598,1.86069061460171,-3.13500778954842,0.00171849548294954
