"","Estimate","Std. Error","z value","Pr(>|z|)"
"(Intercept)",1.69005333501199,0.800900136357284,2.11019234270432,0.0348417918295957
"x1",-3.43376301201376,1.42272622542421,-2.41350932502134,0.0157997235831705
