"","Estimate","Std. Error","z value","Pr(>|z|)"
"(Intercept)",0.239892253095702,0.674547574264942,0.355634298080626,0.722114454558727
"x2",-0.955396809644228,1.12194844322188,-0.851551437515823,0.394463102712135
