"","Estimate","Std. Error","z value","Pr(>|z|)"
"(Intercept)",-1.28836275651773,0.792433185649672,-1.62583140111866,0.103985526394946
"x1",-0.346102502854285,1.32830921866137,-0.260558684673647,0.794432854142411
