"","Estimate","Std. Error","z value","Pr(>|z|)"
"(Intercept)",-9.56937315629357,3.96349600462303,-2.41437688977908,0.0157621486072958
"x1",19.0179464941491,7.4655676634664,2.54742135513895,0.0108522311127388
