"","Estimate","Std. Error","z value","Pr(>|z|)"
"(Intercept)",-15.6380990098023,6.5624659878552,-2.38296077095758,0.0171740243531124
"x1",29.7989999608571,12.3415627576175,2.41452403930487,0.0157557832371676
