"","Estimate","Std. Error","z value","Pr(>|z|)"
"(Intercept)",4.79018215283082,1.51064842458184,3.17094439373396,0.00151944225816598
"x1",-8.2045664277903,2.4988478112844,-3.28333978193461,0.00102584938291206
