"","Estimate","Std. Error","z value","Pr(>|z|)"
"(Intercept)",-0.890443605418909,0.771040697165613,-1.15485941104306,0.248148003155225
"x2",0.195009496917925,1.2494930802767,0.156070889864184,0.875977143677343
