"","Estimate","Std. Error","z value","Pr(>|z|)"
"(Intercept)",0.463853426426611,0.67829173120367,0.683855345845768,0.494066513747839
"x2",-0.17954462648084,1.20777028145938,-0.148657927121614,0.881823561548989
