"","Estimate","Std. Error","z value","Pr(>|z|)"
"(Intercept)",-6.80825018452913,2.32268854227182,-2.93119376990166,0.00337662091924031
"x2",14.0734190563688,4.64970854527337,3.02673144334498,0.00247213487023295
