"","Estimate","Std. Error","z value","Pr(>|z|)"
"(Intercept)",1.90470001808235,0.781603378362279,2.4369137478312,0.0148132122114573
"x1",-3.77967438150451,1.40979667263375,-2.68100674010204,0.00734010375144271
