"","Estimate","Std. Error","z value","Pr(>|z|)"
"(Intercept)",1.59173968993318,0.725565474731548,2.19379193934512,0.0282503705782006
"x1",-2.520473669252,1.2415437104222,-2.0301127121774,0.0423450836507735
