"","Estimate","Std. Error","z value","Pr(>|z|)"
"(Intercept)",0.586952225746115,0.798383916630916,0.735175413130794,0.462232670869379
"x1",-2.90145725156108,1.54197316792733,-1.88165223099253,0.0598832495621162
