"","Estimate","Std. Error","z value","Pr(>|z|)"
"(Intercept)",2.09335013819141,0.892183260066114,2.34632303909881,0.0189596670148465
"x1",-3.41166367468409,1.45524811514949,-2.34438625219151,0.0190584228793615
