"","Estimate","Std. Error","z value","Pr(>|z|)"
"(Intercept)",-0.2699298198594,0.604168734626333,-0.446778862243419,0.655034734719177
"x1",0.0414892986452237,1.05183483089984,0.039444689818581,0.96853585029177
