"","Estimate","Std. Error","z value","Pr(>|z|)"
"(Intercept)",1.215264236045,0.86970757410191,1.39732511505368,0.162315826693375
"x1",-4.60102587287549,1.81051315997974,-2.54128275594914,0.0110446559074323
