"","Estimate","Std. Error","z value","Pr(>|z|)"
"(Intercept)",-2.94885492824531,1.03439706821252,-2.85079590697317,0.00436099514371494
"x1",6.17842458792171,1.94873906924873,3.17047299221214,0.00152190979924972
