"","Estimate","Std. Error","z value","Pr(>|z|)"
"(Intercept)",-0.253970932030878,0.703620129294177,-0.360948928913736,0.718137625697281
"x1",0.257853276734439,1.21332626947166,0.212517674118043,0.831703190728911
