"","Estimate","Std. Error","z value","Pr(>|z|)"
"(Intercept)",-18.1967850523836,7.67861796888297,-2.36979950378111,0.0177977336561171
"x2",38.279108025407,15.9828651786065,2.39500912994277,0.0166199514247869
