"","Estimate","Std. Error","z value","Pr(>|z|)"
"(Intercept)",-1.67342214634151,0.805454097080512,-2.07761330211998,0.0377449900071042
"x2",4.05443788796018,1.60218438887801,2.530568838459,0.0113877736541232
