"","Estimate","Std. Error","z value","Pr(>|z|)"
"(Intercept)",0.0872521629757079,0.667517935858613,0.130711338660103,0.896003662352852
"x2",0.0792830003005974,1.1939080498463,0.0664062867410971,0.947054365157634
