"","Estimate","Std. Error","z value","Pr(>|z|)"
"(Intercept)",4.06390095574875,1.33990167343514,3.03298446171056,0.00242148068121742
"x2",-7.55480984965699,2.39862936813784,-3.14963618390203,0.00163473898348417
