"","Estimate","Std. Error","z value","Pr(>|z|)"
"(Intercept)",-10.3150454265178,4.3915595957923,-2.34883421288443,0.0188322898233421
"x1",19.4767480382652,8.00360830766245,2.43349590454329,0.0149538045923402
