"","Estimate","Std. Error","z value","Pr(>|z|)"
"(Intercept)",1.49595981662879,0.887728211869354,1.68515520474294,0.0919586310466557
"x1",-5.58676105488197,1.98798760984726,-2.81025949417825,0.0049501570554349
