"","Estimate","Std. Error","z value","Pr(>|z|)"
"(Intercept)",0.728932457603243,0.689233363388313,1.05759891543811,0.290238337195985
"x2",-0.916305189139935,1.11905523041422,-0.818820344372779,0.412888921864414
