"","Estimate","Std. Error","z value","Pr(>|z|)"
"(Intercept)",1.10064154499909,0.876782973627422,1.25531810961785,0.209363303613479
"x2",-4.18088738363085,1.72680545054667,-2.42116874388327,0.01547069393045
