"","Estimate","Std. Error","z value","Pr(>|z|)"
"(Intercept)",14.8738229106866,6.92831209921536,2.14681768050996,0.0318077991972294
"x2",-26.220937444873,12.4812991414256,-2.10081796356,0.0356569489392789
