"","Estimate","Std. Error","z value","Pr(>|z|)"
"(Intercept)",-2.11446224614063,0.902224712470912,-2.34360932139597,0.0190981644289017
"x1",2.39431380158448,1.39451002075,1.71695704294528,0.0859870211129395
