"","Estimate","Std. Error","z value","Pr(>|z|)"
"(Intercept)",9.98034320069555,4.12088481083705,2.4218932726412,0.0154398844023444
"x1",-25.9816225574912,10.6041596085081,-2.45013499576573,0.0142802664384762
