"","Estimate","Std. Error","z value","Pr(>|z|)"
"(Intercept)",1.6701334061834,1.01632182433939,1.64331156350891,0.100318487020568
"x1",-7.44555807555375,2.78860501833013,-2.66999378779441,0.00758526503118473
