"","Estimate","Std. Error","z value","Pr(>|z|)"
"(Intercept)",0.964231934136053,0.822171495627307,1.17278686899788,0.240881285157066
"x1",-3.38982664864842,1.59352007813796,-2.12725694213371,0.0333987402365618
