"","Estimate","Std. Error","z value","Pr(>|z|)"
"(Intercept)",-0.417393803308832,0.673398675856807,-0.619831636552827,0.535368637815724
"x1",0.566719648446454,1.10629426042858,0.512268452180984,0.608463141355256
