"","Estimate","Std. Error","z value","Pr(>|z|)"
"(Intercept)",2.14798354526336,0.875333990442049,2.45390167492367,0.0141315615564445
"x2",-6.93895273427164,2.17920451423161,-3.1841677497251,0.00145170857669671
