"","Estimate","Std. Error","z value","Pr(>|z|)"
"(Intercept)",2.46042141193212,0.941743326139158,2.61262420835946,0.00898500367951091
"x1",-4.6591254007179,1.68081891230398,-2.77193775403885,0.00557236910491106
