"","Estimate","Std. Error","z value","Pr(>|z|)"
"(Intercept)",3.80110074038184,1.22066627957941,3.11395571743943,0.00184597192820518
"x1",-6.5203277540666,2.0669905782899,-3.15450289060394,0.00160771785687327
