"","Estimate","Std. Error","z value","Pr(>|z|)"
"(Intercept)",-1.72651343218217,0.835099489490908,-2.06743442417224,0.0386932373274051
"x1",2.48962854486696,1.34220393954465,1.85488096966216,0.0636132260944865
