"","Estimate","Std. Error","z value","Pr(>|z|)"
"(Intercept)",-2.23695599858015,0.901097029396163,-2.48248071584384,0.0130471129643142
"x1",3.62346716817165,1.53440871168112,2.36147458013435,0.0182024197767498
