"","Estimate","Std. Error","z value","Pr(>|z|)"
"(Intercept)",-3.57006558349502,1.80551108947011,-1.97731578848556,0.0480059461161603
"x1",18.3745376214998,7.53954154281938,2.43708951229264,0.014806013766729
