"","Estimate","Std. Error","z value","Pr(>|z|)"
"(Intercept)",-0.54996630122584,0.718576342513055,-0.765355423896171,0.444059929043836
"x1",0.847170594181136,1.24060507633764,0.68286887611491,0.494689702458953
