"","Estimate","Std. Error","z value","Pr(>|z|)"
"(Intercept)",-6.09810592929834,1.96520269507682,-3.10304170891642,0.00191542643397996
"x2",12.7510311877544,3.86635655968988,3.29794497504315,0.000973952184710912
