"","Estimate","Std. Error","z value","Pr(>|z|)"
"(Intercept)",1.9630568337482,0.857241509704569,2.28996940946633,0.022023090023409
"x2",-4.70104730736253,1.65562210766113,-2.83944463269075,0.00451921370085538
