"","Estimate","Std. Error","z value","Pr(>|z|)"
"(Intercept)",-2.4129508683073,1.02311254613832,-2.35844128528658,0.0183518626787188
"x2",5.15049374282572,1.85898273838559,2.77059793857936,0.00559534702079395
