"","Estimate","Std. Error","z value","Pr(>|z|)"
"(Intercept)",2.25837405925447,0.910993100797614,2.47902432771133,0.0131742320216024
"x1",-5.11510880450464,1.7305907050579,-2.95570107337049,0.00311959279391524
