"","Estimate","Std. Error","z value","Pr(>|z|)"
"(Intercept)",-0.0818455758941754,0.734587567771224,-0.111417044726879,0.911285644475025
"x1",-2.21264182630675,1.42501722816418,-1.55271233398157,0.120491874361928
