"","Estimate","Std. Error","z value","Pr(>|z|)"
"(Intercept)",1.33241050660786,0.821374396421142,1.62217195034734,0.10476653580012
"x2",-2.25038967472182,1.36025657890758,-1.65438617215078,0.0980490742330954
