"","Estimate","Std. Error","z value","Pr(>|z|)"
"(Intercept)",-1.17141125273593,0.763290974990814,-1.53468505604959,0.124861208363131
"x1",3.63199714694357,1.49025152263545,2.43717056602669,0.0148026952445637
