"","Estimate","Std. Error","z value","Pr(>|z|)"
"(Intercept)",-0.109061230092485,0.732284575771612,-0.148932851654791,0.881606618418977
"x2",0.678550187035587,1.21122070024738,0.56022010431047,0.575329315655068
