"","Estimate","Std. Error","z value","Pr(>|z|)"
"(Intercept)",0.379367566472656,0.82512081192412,0.459772146078826,0.645679778190767
"x1",-3.20324649141871,1.66432281947012,-1.92465455255763,0.0542725897326636
