"","Estimate","Std. Error","z value","Pr(>|z|)"
"(Intercept)",-1.58694911649538,0.851206344260717,-1.86435301756787,0.0622721460522232
"x1",4.81354561239201,1.76114927672872,2.73318433366025,0.00627252167371636
