"","Estimate","Std. Error","z value","Pr(>|z|)"
"(Intercept)",-0.0180505581073227,0.652552744817197,-0.0276614545731155,0.977932166725403
"x2",0.283162938213801,1.0875907734482,0.260357981261678,0.794587651614398
