"","Estimate","Std. Error","z value","Pr(>|z|)"
"(Intercept)",-0.12599876878123,0.653616609508903,-0.19277167524231,0.847137787275379
"x1",0.256321180449821,1.11865068757844,0.229134244761145,0.818764577932117
