"","Estimate","Std. Error","z value","Pr(>|z|)"
"(Intercept)",-0.321580197731662,0.669725211156751,-0.480167376671139,0.631108382111575
"x2",-0.668999921701105,1.1684906378311,-0.572533403385131,0.566960662596181
