"","Estimate","Std. Error","z value","Pr(>|z|)"
"(Intercept)",-0.574035165934984,0.697621829240744,-0.822845762380651,0.410595709222772
"x2",1.48124159831449,1.27448666127604,1.16222605015846,0.245143655759182
