"","Estimate","Std. Error","z value","Pr(>|z|)"
"(Intercept)",-22.6940324469234,9.92355639675538,-2.28688501778893,0.0222025353367523
"x1",43.9902313167988,19.4929893540899,2.2567206351841,0.0240255366080325
