"","Estimate","Std. Error","z value","Pr(>|z|)"
"(Intercept)",0.683536642637082,0.724148720925261,0.94391748944017,0.345211813924671
"x1",-0.605968906988501,1.24036615450334,-0.488540343340101,0.625167157099358
