"","Estimate","Std. Error","z value","Pr(>|z|)"
"(Intercept)",-12.089339042236,4.37282892608738,-2.76464944011724,0.00569839988802458
"x1",21.0273056725553,7.46638881783999,2.81626180815995,0.00485860555879829
