"","Estimate","Std. Error","z value","Pr(>|z|)"
"(Intercept)",-21.0718603466506,8.75768991031315,-2.40609801927745,0.0161239378765636
"x1",26.460322886329,11.1470484974876,2.3737514815956,0.0176083975815015
