"","Estimate","Std. Error","z value","Pr(>|z|)"
"(Intercept)",-1.09944844661927,0.800825620802326,-1.3728936962803,0.169785396562143
"x2",-1.21848885985066,1.42465084910201,-0.855289463112099,0.392390919355068
