"","Estimate","Std. Error","z value","Pr(>|z|)"
"(Intercept)",3.04157682928529,1.05790162981511,2.87510364249732,0.00403894894313085
"x2",-6.71716084053529,2.08175320324472,-3.22668452248115,0.00125233454247089
