"","Estimate","Std. Error","z value","Pr(>|z|)"
"(Intercept)",-3.7051254973512,1.4534479745202,-2.54919719336655,0.0107971229900799
"x1",10.4668354539941,3.47553850252058,3.0115722920069,0.00259898509097036
