"","Estimate","Std. Error","z value","Pr(>|z|)"
"(Intercept)",0.437487673380669,0.728993624628126,0.600125513585719,0.548422590220474
"x1",-1.38739522342154,1.28798409922299,-1.07718350269892,0.281398293940322
