"","Estimate","Std. Error","z value","Pr(>|z|)"
"(Intercept)",-0.250025026274041,0.773868018055421,-0.32308484191181,0.746630989597712
"x2",1.72833422307244,1.34036644352007,1.2894490394235,0.19724202207489
