"","Estimate","Std. Error","z value","Pr(>|z|)"
"(Intercept)",-24.1835009847637,10.8005459429421,-2.23909986703654,0.0251494189271321
"x2",46.6292584725848,21.3627153510649,2.18274024187943,0.0290549446208364
