"","Estimate","Std. Error","z value","Pr(>|z|)"
"(Intercept)",-8.24917872257218,2.99112201243125,-2.75788773854366,0.00581761732240916
"x2",20.6400101098575,7.29652072354663,2.82874686331666,0.00467306450884574
