"","Estimate","Std. Error","z value","Pr(>|z|)"
"(Intercept)",-1.72303194753139,0.799265377299856,-2.15576953095639,0.0311016657658138
"x1",2.53384085945223,1.29220010282944,1.96087343895427,0.049893788450255
