"","Estimate","Std. Error","z value","Pr(>|z|)"
"(Intercept)",33.0853249734959,16.238025914572,2.03752138021933,0.0415978216340138
"x2",-60.415567344518,29.0753068121183,-2.07789956387794,0.0377186107129227
