"","Estimate","Std. Error","z value","Pr(>|z|)"
"(Intercept)",0.672703053568931,0.690519572596028,0.974198386643676,0.32995804559157
"x2",-1.29923345089477,1.14006327885098,-1.13961520820512,0.254446646544681
