"","Estimate","Std. Error","z value","Pr(>|z|)"
"(Intercept)",15.5278438207675,6.44249302860942,2.41022283637908,0.01594277967608
"x2",-28.5478790145625,11.8116096142987,-2.41693384278494,0.0156518615987111
