"","Estimate","Std. Error","z value","Pr(>|z|)"
"(Intercept)",-2.96766597808721,1.07141711661018,-2.76985119248095,0.00560819083053447
"x1",3.82447371500848,1.61799926033997,2.36370547796474,0.0180931900583544
