"","Estimate","Std. Error","z value","Pr(>|z|)"
"(Intercept)",-1.33483494844805,0.828907595869732,-1.61035434480181,0.107320521511738
"x1",3.22736569390291,1.52419137953385,2.11742812434088,0.0342235293878812
