"","Estimate","Std. Error","z value","Pr(>|z|)"
"(Intercept)",-0.752631288298029,0.706623456065875,-1.06510940421976,0.286826424076533
"x2",-0.780568993214007,1.34652984474853,-0.579689337193845,0.562124135204133
