"","Estimate","Std. Error","z value","Pr(>|z|)"
"(Intercept)",-1.76871312600023,0.801852569332813,-2.20578344903466,0.027399165698243
"x2",1.57235274202076,1.25498717551997,1.25288351362578,0.210248102587043
