"","Estimate","Std. Error","z value","Pr(>|z|)"
"(Intercept)",4.26933186432258,1.39055895883601,3.07022714656866,0.00213896027383814
"x1",-5.93124368920832,2.12477135151051,-2.79147386140714,0.0052468595278382
