"","Estimate","Std. Error","z value","Pr(>|z|)"
"(Intercept)",-0.384991370226488,0.76309802916858,-0.504511026775876,0.613902315435554
"x2",1.97712039465807,1.31375624718877,1.50493700706565,0.132340272767079
