"","Estimate","Std. Error","z value","Pr(>|z|)"
"(Intercept)",1.24066578398188,0.871365881421184,1.42381726256985,0.154499377239345
"x2",-4.09006474230734,1.66898123232254,-2.45063555125521,0.0142604257824731
