"","Estimate","Std. Error","z value","Pr(>|z|)"
"(Intercept)",-3.89823255308712,1.40488367863278,-2.77477246862234,0.00552403399856584
"x2",8.57952051270212,2.78357114670008,3.08219911061843,0.00205477344786891
