"","Estimate","Std. Error","z value","Pr(>|z|)"
"(Intercept)",-0.479119339757142,0.679616699385272,-0.704984648244394,0.480819789890682
"x1",-0.338243473520752,1.16916202727174,-0.289304190207109,0.772348606037805
