"","Estimate","Std. Error","z value","Pr(>|z|)"
"(Intercept)",16.4878099733272,7.59501285376717,2.17087321519794,0.0299407575460714
"x1",-32.0985051585394,14.1289972481397,-2.27181763820966,0.023097527075674
