"","Estimate","Std. Error","z value","Pr(>|z|)"
"(Intercept)",-4.47752389892064,1.4009970285723,-3.19595531439743,0.00139368694522195
"x2",8.60372046107065,2.41672376341784,3.56007607956934,0.000370747367219203
