"","Estimate","Std. Error","z value","Pr(>|z|)"
"(Intercept)",0.353382422409317,0.653533620469659,0.540725696950925,0.588696663778507
"x2",0.0560004089437761,1.21695834064361,0.0460167017008645,0.963296937978343
