"","Estimate","Std. Error","z value","Pr(>|z|)"
"(Intercept)",-2.77238096540729,0.995254938965537,-2.78559880173907,0.00534289546350727
"x1",5.62185104459024,1.80871205906819,3.10820675762316,0.00188226335662192
