"","Estimate","Std. Error","z value","Pr(>|z|)"
"(Intercept)",1.27456457524493,0.750220069534573,1.69892092600995,0.0893340835862777
"x2",-2.46222510084828,1.25970334041851,-1.95460710617014,0.0506294619267753
