"","Estimate","Std. Error","z value","Pr(>|z|)"
"(Intercept)",-4.44752142926681,1.39727730649446,-3.1829912420355,0.00145762023104054
"x1",9.61378544830077,2.83086192285052,3.39606300494523,0.000683626215958068
