"","Estimate","Std. Error","z value","Pr(>|z|)"
"(Intercept)",-1.26390937830567,0.842932702409881,-1.4994190813718,0.133764946478064
"x2",-1.60968361319626,1.6901382158606,-0.952397619372585,0.340895366352778
