"","Estimate","Std. Error","z value","Pr(>|z|)"
"(Intercept)",-3.55322713025743,1.22112509138565,-2.90979782114336,0.00361662628579591
"x1",9.46819659385693,2.85875155435402,3.31200400378844,0.000926302202228008
