"","Estimate","Std. Error","z value","Pr(>|z|)"
"(Intercept)",4.73503096520604,1.47354620854928,3.21335763869104,0.00131192817354184
"x1",-8.50903754663294,2.50821809201249,-3.39246318879936,0.000692672385338903
