"","Estimate","Std. Error","z value","Pr(>|z|)"
"(Intercept)",0.374690772193182,0.708170633504874,0.529096738082409,0.596738344135161
"x1",-0.498512291537731,1.22122185089801,-0.408207805298567,0.683121118279174
