"","Estimate","Std. Error","z value","Pr(>|z|)"
"(Intercept)",0.0337151733338749,0.666774835370655,0.050564555747118,0.959672507093546
"x2",-0.0710728376587961,1.19228179588038,-0.0596107714672571,0.952465639236541
