"","Estimate","Std. Error","z value","Pr(>|z|)"
"(Intercept)",-0.336399948679042,0.65861796661753,-0.510766431724744,0.609514617158059
"x2",0.665789448209178,1.09874832444757,0.605952640286322,0.544546202521622
