"","Estimate","Std. Error","z value","Pr(>|z|)"
"(Intercept)",0.0553183074579531,0.654865616365465,0.0844727621599257,0.932680558069697
"x2",0.387978181028742,1.09498914288461,0.354321486701378,0.723097966854895
