"","Estimate","Std. Error","z value","Pr(>|z|)"
"(Intercept)",1.42405155693261,0.800001959010827,1.78006008721953,0.0750661276158197
"x1",-3.40274890659397,1.45283793323255,-2.34213935963447,0.0191735541266201
