"","Estimate","Std. Error","z value","Pr(>|z|)"
"(Intercept)",0.290415488502069,0.695758246395712,0.417408618592061,0.676379551937406
"x1",-1.10289505500823,1.22517149840579,-0.900196467550323,0.368015705702879
