"","Estimate","Std. Error","z value","Pr(>|z|)"
"(Intercept)",-0.973390145197789,0.801629790899357,-1.21426393610663,0.22464695246353
"x2",-0.556773229846118,1.30447769304939,-0.426816980323049,0.669512637646328
