"","Estimate","Std. Error","z value","Pr(>|z|)"
"(Intercept)",0.889656645648414,0.714343728224782,1.24541815164991,0.212978084453471
"x2",-2.58665204938814,1.4085702311536,-1.83636711338823,0.0663033799874479
