"","Estimate","Std. Error","z value","Pr(>|z|)"
"(Intercept)",-0.154675122808876,0.666242670009165,-0.232160337023668,0.816413482632459
"x1",0.300347840106211,1.09676984768782,0.273847645191375,0.784201707057757
