"","Estimate","Std. Error","z value","Pr(>|z|)"
"(Intercept)",0.556613391726031,0.694044637974306,0.801985003948171,0.422561632849566
"x1",-0.615698697921674,1.19283453065281,-0.516164381647066,0.605739604903613
