"","Estimate","Std. Error","z value","Pr(>|z|)"
"(Intercept)",-12.2586957476935,5.26855197448533,-2.32676754581909,0.0199776406133704
"x1",31.8609469836112,13.0325033259224,2.44472962613697,0.0144960768673012
