"","Estimate","Std. Error","z value","Pr(>|z|)"
"(Intercept)",-9.49299485432897,3.19094362633842,-2.97498043399222,0.00293007235987844
"x1",17.063741580098,5.57231395110311,3.06223621458372,0.00219690011886101
