"","Estimate","Std. Error","z value","Pr(>|z|)"
"(Intercept)",0.0614130332745614,0.654807082286616,0.0937879795986694,0.925277580484437
"x2",0.375832661265082,1.09464224102867,0.343338350356278,0.731343932876114
