"","Estimate","Std. Error","z value","Pr(>|z|)"
"(Intercept)",-0.303259315872331,0.667552765964309,-0.454285161165141,0.649623594923949
"x1",0.870750441760325,1.15276650718657,0.755357165854403,0.450034706938235
