"","Estimate","Std. Error","z value","Pr(>|z|)"
"(Intercept)",-0.772886078778297,0.729827386162089,-1.05899846105069,0.289600480591098
"x2",2.59237311173857,1.31362083386518,1.97345614876617,0.0484436158997781
