"","Estimate","Std. Error","z value","Pr(>|z|)"
"(Intercept)",-0.267147972290271,0.762743058677068,-0.350246350001038,0.726153824701145
"x2",-0.993987606657515,1.28839390626368,-0.771493564060747,0.44041443573623
