"","Estimate","Std. Error","z value","Pr(>|z|)"
"(Intercept)",-1.39227046699554,0.831157092609071,-1.67509906295221,0.0939147967946922
"x2",3.10719230394835,1.42312132291308,2.18336430908647,0.0290089921253583
