"","Estimate","Std. Error","z value","Pr(>|z|)"
"(Intercept)",2.14139420198422,0.872298527337931,2.45488687057549,0.0140928931273967
"x2",-3.1479279944077,1.55454378271115,-2.02498509814736,0.0428688944257553
