"","Estimate","Std. Error","z value","Pr(>|z|)"
"(Intercept)",4.84806417556157,1.45957033856915,3.32156940124874,0.00089512718032102
"x2",-8.69117836164409,2.54767057394325,-3.41142157488282,0.000646250888424123
