"","Estimate","Std. Error","z value","Pr(>|z|)"
"(Intercept)",7.65195313653629,2.69399284122663,2.84037619530281,0.00450603599136483
"x2",-14.3891024538794,4.59914937066674,-3.12864429793316,0.00175614758661091
