"","Estimate","Std. Error","z value","Pr(>|z|)"
"(Intercept)",0.644208453618888,0.758853368909746,0.848923494329912,0.395923864650267
"x2",-1.93401646372533,1.27824090614549,-1.51302970701925,0.130272113101825
