"","Estimate","Std. Error","z value","Pr(>|z|)"
"(Intercept)",-3.33220377191257,1.08829609547636,-3.0618540172691,0.00219970703257695
"x1",5.16325915706706,1.75328107370467,2.94491238997814,0.00323046121866403
