"","Estimate","Std. Error","z value","Pr(>|z|)"
"(Intercept)",0.0165380602071531,0.735297151702703,0.0224916690740015,0.982055757436404
"x2",0.684329590582404,1.21957333955096,0.561122130493905,0.574714282534459
