"","Estimate","Std. Error","z value","Pr(>|z|)"
"(Intercept)",1.19153070939676,0.706374202295692,1.68682648024847,0.0916367221129541
"x2",-3.09055387477433,1.30503455988569,-2.3681778013948,0.0178759428544925
