"","Estimate","Std. Error","z value","Pr(>|z|)"
"(Intercept)",-0.178263344074996,0.713951388298012,-0.249685548619714,0.802830534834882
"x2",0.562764490269262,1.15259932780419,0.488256826716515,0.625367937708335
