"","Estimate","Std. Error","z value","Pr(>|z|)"
"(Intercept)",-11.614212412755,4.95819933820026,-2.3424254695195,0.019158860098539
"x2",31.2197630405865,13.2731518198874,2.35209869247555,0.0186678211654156
