"","Estimate","Std. Error","z value","Pr(>|z|)"
"(Intercept)",0.266627033696014,0.747986904115502,0.356459494449707,0.721496481224795
"x2",-3.09635453773264,1.55819887383509,-1.98713693722021,0.0469072239499175
