"","Estimate","Std. Error","z value","Pr(>|z|)"
"(Intercept)",-3.32066780748811,1.09404239707166,-3.03522771729531,0.00240354137896492
"x1",6.28325819026313,1.94912827538292,3.22362477093958,0.00126579141660179
