"","Estimate","Std. Error","z value","Pr(>|z|)"
"(Intercept)",0.0872521629757088,0.667517935858612,0.130711338660104,0.896003662352851
"x2",0.0792830003005955,1.1939080498463,0.0664062867410955,0.947054365157635
