"","Estimate","Std. Error","z value","Pr(>|z|)"
"(Intercept)",-14.0477705258559,6.00610433054677,-2.33891550208504,0.0193398070356856
"x1",26.9756953269859,11.5423847204553,2.33709896007711,0.0194340390833323
