"","Estimate","Std. Error","z value","Pr(>|z|)"
"(Intercept)",-1.77501697197089,0.773281446287087,-2.2954345801178,0.0217082315168256
"x2",3.07134381002402,1.3076990419934,2.34866258320583,0.0188409717047612
