"","Estimate","Std. Error","z value","Pr(>|z|)"
"(Intercept)",-4.82994041893225,1.50856221130185,-3.20168461250539,0.00136626496188682
"x2",9.79948050790216,2.97662771471653,3.29214179504318,0.000994274678613282
