"","Estimate","Std. Error","z value","Pr(>|z|)"
"(Intercept)",-0.0863354003050334,0.665172207673497,-0.129794058304089,0.896729363935718
"x1",0.167642909358666,1.09449438705806,0.153169272808498,0.878264788455485
