"","Estimate","Std. Error","z value","Pr(>|z|)"
"(Intercept)",-1.19964038650755,0.738047163764578,-1.62542510208767,0.104072010831237
"x2",2.73521722110149,1.32948357852988,2.05735314468949,0.0396522687400467
