"","Estimate","Std. Error","z value","Pr(>|z|)"
"(Intercept)",4.47752389892065,1.4009970285723,3.19595531439742,0.00139368694522196
"x2",-8.60372046107066,2.41672376341784,-3.56007607956934,0.000370747367219205
