"","Estimate","Std. Error","z value","Pr(>|z|)"
"(Intercept)",-0.664605020879034,0.684661006686854,-0.970706691907469,0.33169435853214
"x2",0.548556135132192,1.10834283584932,0.494933622872956,0.620646975854455
