"","Estimate","Std. Error","z value","Pr(>|z|)"
"(Intercept)",-0.13992422541818,0.671247943110769,-0.208453860982766,0.834874604868681
"x2",0.559294569136273,1.20642068817683,0.463598290892618,0.642935579086388
