"","Estimate","Std. Error","z value","Pr(>|z|)"
"(Intercept)",-5.52970367749689,1.77781608187924,-3.11039130192349,0.00186839648484383
"x2",10.7803365907818,3.32379554178857,3.2433813859022,0.00118119981502014
