"","Estimate","Std. Error","z value","Pr(>|z|)"
"(Intercept)",-1.62927293234311,0.853211259612762,-1.90957739245327,0.0561876482579507
"x1",4.53170247061239,1.67111426242788,2.7117849284755,0.00669219982331343
