"","Estimate","Std. Error","z value","Pr(>|z|)"
"(Intercept)",1.03896018144738,0.982747553581043,1.05719945845859,0.290420566936484
"x2",-5.64514524894168,2.28014360645138,-2.47578496063557,0.0132943623532975
