"","Estimate","Std. Error","z value","Pr(>|z|)"
"(Intercept)",-2.22535883809497,0.903690520907961,-2.46252316098115,0.0137963261923172
"x2",4.99211993191699,1.67687182302148,2.97704324408165,0.00291042955198924
