"","Estimate","Std. Error","z value","Pr(>|z|)"
"(Intercept)",0.239282169218979,0.675600443768699,0.354177045657627,0.723206204994701
"x1",-0.723997376476652,1.14563641371365,-0.631960862809667,0.527412451376686
