"","Estimate","Std. Error","z value","Pr(>|z|)"
"(Intercept)",-0.968302243014822,0.689561078938882,-1.40422983922595,0.160250419017976
"x2",2.92562845599703,1.29647310198566,2.25660559522306,0.024032730440068
