"","Estimate","Std. Error","z value","Pr(>|z|)"
"(Intercept)",-1.55689409611199,0.820330879302245,-1.89788551838527,0.0577111644436035
"x2",3.91615242323094,1.60340798285689,2.44239299361182,0.0145902542374463
