"","Estimate","Std. Error","z value","Pr(>|z|)"
"(Intercept)",6.66235626988735,2.65437157891666,2.50995615037684,0.0120746154330455
"x1",-22.8514841273104,8.39611209319474,-2.72167449334462,0.00649520845451702
