"","Estimate","Std. Error","z value","Pr(>|z|)"
"(Intercept)",4.61301514840182,1.62426226491582,2.84006791762837,0.00451039297036588
"x2",-10.0911481043067,3.28616327110702,-3.07079937050945,0.0021348654923856
