"","Estimate","Std. Error","z value","Pr(>|z|)"
"(Intercept)",1.48560584938795,0.755634712175746,1.96603706188981,0.0492943296248809
"x2",-1.92809912740915,1.25755782351412,-1.53320912275928,0.125224337217318
