"","Estimate","Std. Error","z value","Pr(>|z|)"
"(Intercept)",-1.03460958235083,0.728976310884732,-1.41926365356806,0.155822164402891
"x2",2.26180878827105,1.23828973506535,1.82655861889358,0.0677661600315611
