"","Estimate","Std. Error","z value","Pr(>|z|)"
"(Intercept)",0.369687539034859,0.651338617110291,0.567581177168649,0.570319391220162
"x2",-1.89920860741122,1.19446616407595,-1.59000620070344,0.111833407355106
