"","Estimate","Std. Error","z value","Pr(>|z|)"
"(Intercept)",-0.48762533017473,0.689835484257454,-0.706871915554787,0.479646078192982
"x1",1.21998469790932,1.17960253607325,1.03423370211673,0.301026922160769
