"","Estimate","Std. Error","z value","Pr(>|z|)"
"(Intercept)",0.380899115246696,0.637993415756149,0.597026718207202,0.550489542421736
"x2",-1.33060216067266,1.12165455994263,-1.1862851613965,0.235509704574461
