"","Estimate","Std. Error","z value","Pr(>|z|)"
"(Intercept)",0.0552404120383338,0.645444668733859,0.0855850465798974,0.931796285939944
"x2",-0.12301251993986,1.20308366304132,-0.102247685442667,0.918560078552402
