"","Estimate","Std. Error","z value","Pr(>|z|)"
"(Intercept)",-0.0692818570910612,0.704300416259798,-0.0983697517303539,0.921638692784074
"x1",-0.363430816131112,1.22014563872811,-0.297858554418106,0.765811121679482
