"","Estimate","Std. Error","z value","Pr(>|z|)"
"(Intercept)",-0.12245425854524,0.92293972905173,-0.132678499679557,0.894447647284833
"x2",3.90918616233455,1.95766730703534,1.99685929692239,0.0458404698947476
