"","Estimate","Std. Error","z value","Pr(>|z|)"
"(Intercept)",-2.98560948783771,1.06222479457912,-2.81071342250177,0.00494317927450269
"x1",6.02605738480196,1.90944720056577,3.15591726391619,0.00159994237136364
