"","Estimate","Std. Error","z value","Pr(>|z|)"
"(Intercept)",-10.2692513067681,4.32211599385568,-2.37597772048849,0.0175025195786997
"x2",30.7113902754209,12.7654671656943,2.40581796786522,0.0161363028151101
