"","Estimate","Std. Error","z value","Pr(>|z|)"
"(Intercept)",-1.88563800586379,0.887129415883159,-2.12555008559443,0.0335407394899294
"x2",5.82467421029946,1.96339961734299,2.96662694585926,0.00301086037199429
