"","Estimate","Std. Error","z value","Pr(>|z|)"
"(Intercept)",0.634255342303638,0.72912590727948,0.869884523333118,0.384363514089599
"x2",-0.707025954157059,1.16543010695328,-0.606665255976096,0.544073084140563
