"","Estimate","Std. Error","z value","Pr(>|z|)"
"(Intercept)",-1.31018202373458,0.765797076899095,-1.71087362861169,0.087104443789915
"x2",-0.801209894476316,1.34831810627377,-0.594229129422988,0.552358872318771
