"","Estimate","Std. Error","z value","Pr(>|z|)"
"(Intercept)",-3.87402944814752,1.29114095270561,-3.0004698093027,0.00269563474941395
"x1",7.30516453234633,2.32341203640771,3.14415369201627,0.00166567932621624
