"","Estimate","Std. Error","z value","Pr(>|z|)"
"(Intercept)",-3.27595460663563,1.15568139886968,-2.83465201554657,0.00458756261761326
"x1",7.85827347776729,2.45677547988609,3.19861279229783,0.00138090502746992
