"","Estimate","Std. Error","z value","Pr(>|z|)"
"(Intercept)",-2.48326791482851,0.955069797231334,-2.60009050859664,0.00931991758575065
"x2",5.85412206168733,1.89247485446218,3.09336847878542,0.0019789824932448
