"","Estimate","Std. Error","z value","Pr(>|z|)"
"(Intercept)",-0.0884473965901885,0.69711230671632,-0.126876825639202,0.899037888849673
"x1",-0.0691118865976618,1.14061274743185,-0.0605918939212902,0.95168422937742
