"","Estimate","Std. Error","z value","Pr(>|z|)"
"(Intercept)",0.124311478020989,0.653421758453731,0.190246921552111,0.84911564439406
"x2",0.56968770586028,1.2295872323471,0.463316217730101,0.64313772278228
