"","Estimate","Std. Error","z value","Pr(>|z|)"
"(Intercept)",-0.643965621219676,0.684579398828119,-0.940673386201853,0.346872261537451
"x1",0.758848053083039,1.11944486751538,0.677878897928495,0.497848480684496
