"","Estimate","Std. Error","z value","Pr(>|z|)"
"(Intercept)",11.781885401785,4.75957123212244,2.47540898689966,0.0133083676806013
"x2",-25.7883318124942,10.4893121907587,-2.4585341101025,0.0139505523407891
