"","Estimate","Std. Error","z value","Pr(>|z|)"
"(Intercept)",0.343794177958583,0.673442255584157,0.510502830952253,0.609699231777657
"x1",0.0674767417737921,1.10772684006545,0.060914603973851,0.951427218755521
