"","Estimate","Std. Error","z value","Pr(>|z|)"
"(Intercept)",3.13107690685481,1.31172208651723,2.38699716886537,0.0169866220887641
"x2",-10.6329559112338,3.71113517116591,-2.86514918503853,0.00416812825192553
