"","Estimate","Std. Error","z value","Pr(>|z|)"
"(Intercept)",0.806604677038281,0.756525809627271,1.06619584787951,0.286335118721976
"x2",-0.553938079720243,1.2261901213184,-0.451755457893144,0.651445161245263
