"","Estimate","Std. Error","z value","Pr(>|z|)"
"(Intercept)",-0.284491792449903,0.670864911795333,-0.424067181705124,0.671516818822337
"x2",0.336118710684367,1.19828057702377,0.280500841897316,0.779093279639785
