"","Estimate","Std. Error","z value","Pr(>|z|)"
"(Intercept)",0.94185117298151,0.745488274893039,1.26340172568998,0.206444844290796
"x1",-0.85444143451097,1.26878584720101,-0.673432349829483,0.500672273709877
