"","Estimate","Std. Error","z value","Pr(>|z|)"
"(Intercept)",-1.98755169479063,0.871327179518489,-2.28106243155296,0.0225447528123762
"x2",4.18929592837506,1.63904420263125,2.55593834604933,0.0105901881023211
