"","Estimate","Std. Error","z value","Pr(>|z|)"
"(Intercept)",6.24918649115644,2.02705350292421,3.08289173529036,0.00204999720642431
"x1",-10.1983493104344,3.19992922033307,-3.18705465284412,0.00143729613150616
