"","Estimate","Std. Error","z value","Pr(>|z|)"
"(Intercept)",0.82604442938093,0.735651114213702,1.12287525080941,0.26149048001195
"x1",-0.886560790533598,1.25825788626841,-0.704593867607581,0.48106301589414
