"","Estimate","Std. Error","z value","Pr(>|z|)"
"(Intercept)",2.13215532842539,0.828022479837348,2.57499691173146,0.0100240981659722
"x1",-4.62199098576325,1.5578773594921,-2.96685163154956,0.00300866106973804
