"","Estimate","Std. Error","z value","Pr(>|z|)"
"(Intercept)",-6.38931972075344,2.05123470961402,-3.11486525203921,0.00184028957380817
"x1",9.67820643786808,3.10921234199586,3.1127518397973,0.00185351799362868
