"","Estimate","Std. Error","z value","Pr(>|z|)"
"(Intercept)",2.78428722842583,0.977302209045762,2.84895214873648,0.0043863477099286
"x1",-4.76636730670007,1.62795535236578,-2.92782434098913,0.0034134283271879
