"","Estimate","Std. Error","z value","Pr(>|z|)"
"(Intercept)",-0.479453865460543,0.719807353349125,-0.666086367734001,0.505355897470981
"x1",-0.315786675157574,1.18370533561923,-0.266778112470344,0.789640007402254
