"","Estimate","Std. Error","z value","Pr(>|z|)"
"(Intercept)",-8.83169745955031,3.3258755680356,-2.65545035551847,0.00792025905196581
"x2",18.9797916772482,6.86568155099624,2.7644439282935,0.00570199060911517
