"","Estimate","Std. Error","z value","Pr(>|z|)"
"(Intercept)",-0.224617130726288,0.703990202835493,-0.319062864542131,0.749678842870796
"x1",-0.863159849334468,1.24593252880403,-0.692782176706646,0.488446259028128
