"","Estimate","Std. Error","z value","Pr(>|z|)"
"(Intercept)",0.43185980213412,0.748501989872923,0.576965469667541,0.56396278207329
"x2",-2.88844959746474,1.44453319622612,-1.99957301432109,0.0455463903264617
