"","Estimate","Std. Error","z value","Pr(>|z|)"
"(Intercept)",0.613886262357792,0.75649284817256,0.81148984268753,0.417084423613208
"x2",-1.39330291575162,1.26148424344365,-1.10449490193245,0.269378513818505
