"","Estimate","Std. Error","z value","Pr(>|z|)"
"(Intercept)",2.79083177655135,1.00248202456914,2.78392201371474,0.00537059455256351
"x2",-5.78390024584739,1.91250839488252,-3.02424829157557,0.00249251784903571
