"","Estimate","Std. Error","z value","Pr(>|z|)"
"(Intercept)",0.0289316016761667,0.724758816797741,0.0399189371769183,0.968157753451709
"x2",0.180236976196508,1.18916599815493,0.151565867571186,0.879529356055402
