"","Estimate","Std. Error","z value","Pr(>|z|)"
"(Intercept)",12.6744914892845,5.50965587644985,2.30041435862803,0.0214247561216598
"x1",-31.6898584444376,13.6798816658088,-2.31653015856435,0.0205293397396062
