"","Estimate","Std. Error","z value","Pr(>|z|)"
"(Intercept)",3.08447384465407,1.09717114253861,2.81129691172635,0.00493422295202322
"x1",-4.01519896878897,1.6520434206357,-2.43044396935036,0.0150803375520661
