"","Estimate","Std. Error","z value","Pr(>|z|)"
"(Intercept)",-0.0447660078318215,0.790859327252885,-0.0566042610729773,0.954860440144088
"x1",-2.2261982929345,1.51099471848596,-1.47333294133893,0.140661282438758
