"","Estimate","Std. Error","z value","Pr(>|z|)"
"(Intercept)",-0.262119732122472,0.669118307527334,-0.391738993200039,0.695251075676269
"x1",0.50900831956151,1.10287591642182,0.461528184614765,0.644419705136343
