"","Estimate","Std. Error","z value","Pr(>|z|)"
"(Intercept)",-0.283650070995951,0.733876126621406,-0.386509467615209,0.699119392219523
"x2",0.769019675046978,1.21175771004512,0.634631551070008,0.52566874553745
