"","Estimate","Std. Error","z value","Pr(>|z|)"
"(Intercept)",-2.11439098986704,0.84831214467676,-2.49246813585664,0.0126858712586073
"x2",3.58691183324462,1.41450428021145,2.53580839833755,0.0112188097111942
