"","Estimate","Std. Error","z value","Pr(>|z|)"
"(Intercept)",6.82989992376716,2.58859097006145,2.63846239238214,0.00832829373092823
"x2",-17.6247852950668,6.2507761336294,-2.81961550346442,0.00480812234611363
