"","Estimate","Std. Error","z value","Pr(>|z|)"
"(Intercept)",-3.35089310240987,1.12798398065806,-2.97069210189933,0.0029712951005337
"x1",6.78700962420091,2.07257022625648,3.27468258407811,0.00105780756719721
