"","Estimate","Std. Error","z value","Pr(>|z|)"
"(Intercept)",-0.117301806008765,0.762781684178811,-0.153781623814222,0.877781923541981
"x1",-1.70049249263326,1.40625167499504,-1.20923766554039,0.226571551031142
