"","Estimate","Std. Error","z value","Pr(>|z|)"
"(Intercept)",0.0603414007546756,0.627307027310859,0.0961911761348302,0.923368738742694
"x1",-1.58902862290929,1.17793805952081,-1.34899166392138,0.17733964365295
