"","Estimate","Std. Error","z value","Pr(>|z|)"
"(Intercept)",2.82501683186802,0.964863661919605,2.92789224360219,0.00341268297163582
"x2",-5.44422183162349,1.67157773877045,-3.25693607024707,0.00112621794724745
