"","Estimate","Std. Error","z value","Pr(>|z|)"
"(Intercept)",-0.500585388858131,0.658201610675559,-0.760535040843101,0.446934832017649
"x2",0.27100717872818,1.22017932934066,0.222104384340474,0.82423262488852
