"","Estimate","Std. Error","z value","Pr(>|z|)"
"(Intercept)",0.115824148182091,0.70983953987134,0.163169479405281,0.870384996030964
"x2",-0.214611303228614,1.14082053507152,-0.188120126374794,0.850782484193159
