"","Estimate","Std. Error","z value","Pr(>|z|)"
"(Intercept)",2.1161579958772,0.874335001809576,2.42030570833545,0.0155074638578348
"x1",-4.62463081154505,1.61995170680547,-2.8547954807028,0.0043064551186637
