"","Estimate","Std. Error","z value","Pr(>|z|)"
"(Intercept)",-20.8546823702191,9.22020182755952,-2.26184662334437,0.023706881140721
"x1",29.7953608086449,13.1115163546894,2.27245728126546,0.023058905360182
