"","Estimate","Std. Error","z value","Pr(>|z|)"
"(Intercept)",-0.701687924127676,0.684374398320872,-1.02529832479018,0.305222446002475
"x1",1.42715112812312,1.18447193671344,1.20488386755961,0.228248137268329
