"","Estimate","Std. Error","z value","Pr(>|z|)"
"(Intercept)",-0.146131727107191,0.712166360983374,-0.205193245726194,0.837421146304262
"x1",1.00707205606934,1.19044054162819,0.845965859573253,0.39757179008508
