"","Estimate","Std. Error","z value","Pr(>|z|)"
"(Intercept)",-1.07905930622145,0.72144392000404,-1.49569394973265,0.134733427683471
"x1",1.58813045215912,1.18071516462949,1.34505806288808,0.178606484755278
