"","Estimate","Std. Error","z value","Pr(>|z|)"
"(Intercept)",1.47173102370051,0.766644222870315,1.91970535979564,0.0548951268604339
"x2",-3.00470445510448,1.36347263553732,-2.20371452773629,0.02754442681434
