"","Estimate","Std. Error","z value","Pr(>|z|)"
"(Intercept)",-0.628550352307482,0.649040204528419,-0.968430534691107,0.332829395902794
"x2",1.57844413391511,1.13668093900278,1.38864309214149,0.164941306861154
