"","Estimate","Std. Error","z value","Pr(>|z|)"
"(Intercept)",0.235745026797323,0.739779285982991,0.318669407570764,0.749977215323855
"x2",-1.40905380086413,1.23578739965617,-1.14020728909857,0.254199951461195
