"","Estimate","Std. Error","z value","Pr(>|z|)"
"(Intercept)",1.20195718605995,0.770177954991368,1.56062268242074,0.118612803704026
"x1",-2.94314670011062,1.38412898441975,-2.12635291453305,0.0334738851972592
