"","Estimate","Std. Error","z value","Pr(>|z|)"
"(Intercept)",-0.497461404040833,0.68198234448184,-0.729434431940898,0.465735962160321
"x1",0.736495578183078,1.14694064124309,0.64213922822095,0.520782787325481
