"","Estimate","Std. Error","z value","Pr(>|z|)"
"(Intercept)",-0.405992905483651,0.686935656158222,-0.591020282386009,0.554506831218135
"x1",0.313245221267049,1.18207372523977,0.264996348855914,0.791012274493295
