"","Estimate","Std. Error","z value","Pr(>|z|)"
"(Intercept)",0.888997062491472,0.757717654487931,1.17325636696727,0.240693014090788
"x2",-1.64638012701402,1.23306429491832,-1.33519406392598,0.181812839190745
