"","Estimate","Std. Error","z value","Pr(>|z|)"
"(Intercept)",-1.35483862213175,0.792613675119044,-1.70933036441525,0.0873897718137873
"x2",3.46844836192153,1.53392718156153,2.26115581209707,0.0237496102958862
