"","Estimate","Std. Error","z value","Pr(>|z|)"
"(Intercept)",-2.39638344445253,0.933732737722396,-2.56645541881491,0.0102743831674535
"x1",5.61685786773545,1.81578962857835,3.0933417502407,0.00197916075857858
