"","Estimate","Std. Error","z value","Pr(>|z|)"
"(Intercept)",1.57408850580059,0.793256567849495,1.98433718622452,0.0472182633310388
"x2",-2.45613785805682,1.40363307532514,-1.74984324695247,0.0801453659031177
