"","Estimate","Std. Error","z value","Pr(>|z|)"
"(Intercept)",8.66739095393636,3.1214200726714,2.77674608099722,0.00549060543286062
"x1",-21.6609356025607,7.83416661216225,-2.76493169917179,0.00569347155646458
