"","Estimate","Std. Error","z value","Pr(>|z|)"
"(Intercept)",1.53699195114396,0.782620105784222,1.96390552681217,0.0495410488101288
"x2",-0.169205153710686,1.40617508837129,-0.120330074903168,0.904221680866729
