"","Estimate","Std. Error","z value","Pr(>|z|)"
"(Intercept)",1.18161631435846,0.70529303932611,1.67535513392768,0.0938645739302189
"x2",-3.06866544439825,1.30224466373831,-2.35644309387233,0.0184508944107667
