"","Estimate","Std. Error","z value","Pr(>|z|)"
"(Intercept)",1.60179888468261,0.828001949192562,1.93453516171625,0.0530473632209644
"x1",-0.93569288476756,1.29421359612303,-0.722981807307958,0.469691061343385
