"","Estimate","Std. Error","z value","Pr(>|z|)"
"(Intercept)",2.03661314835295,0.882825351787449,2.30692644273234,0.0210589211177116
"x1",-3.04468801764122,1.41597206988347,-2.15024581515353,0.0315357759204828
