"","Estimate","Std. Error","z value","Pr(>|z|)"
"(Intercept)",2.2126300171351,0.909875317292011,2.43179474713126,0.0150242185656989
"x2",-4.66305972331835,1.71999924579057,-2.71108242328039,0.00670639532717478
