"","Estimate","Std. Error","z value","Pr(>|z|)"
"(Intercept)",-0.832041855390973,0.776521855917745,-1.07149830883718,0.283945430705976
"x2",2.29747399654681,1.32189786345929,1.73801173302038,0.0822087463923885
