"","Estimate","Std. Error","z value","Pr(>|z|)"
"(Intercept)",2.4009719957821,0.91956643811162,2.61098262863163,0.00902824796332297
"x1",-4.86325702585135,1.66029589499066,-2.92915078602825,0.00339889495932375
