"","Estimate","Std. Error","z value","Pr(>|z|)"
"(Intercept)",-0.646765580120987,0.68658698319203,-0.942000934993105,0.346192161214724
"x1",-0.285710098431055,1.17918978135105,-0.242293567116657,0.808552697997322
