"","Estimate","Std. Error","z value","Pr(>|z|)"
"(Intercept)",-0.265702530228882,0.659086380315212,-0.403137643508592,0.686846969350248
"x2",0.7756889479958,1.10613227098981,0.701262379138149,0.48313928717599
