"","Estimate","Std. Error","z value","Pr(>|z|)"
"(Intercept)",-2.60228077447631,1.08010534388594,-2.40928423251197,0.0159838442704279
"x2",5.88322433344579,2.04044284863111,2.88330758070128,0.0039352298517543
