"","Estimate","Std. Error","z value","Pr(>|z|)"
"(Intercept)",2.74299816571447,1.13006480152292,2.42729280835744,0.0152119729655813
"x1",-0.120023563091499,1.70614493147854,-0.0703478121213812,0.943916828169729
