"","Estimate","Std. Error","z value","Pr(>|z|)"
"(Intercept)",3.94048033467253,1.55887352470249,2.52777423712073,0.0114788138217145
"x2",-15.1136826061236,5.28048432351342,-2.86217734589686,0.00420741408325424
