"","Estimate","Std. Error","z value","Pr(>|z|)"
"(Intercept)",-12.5835700100631,5.16570469274212,-2.43598323143466,0.0148513729767519
"x2",24.77956208735,10.069264812731,2.46091075646556,0.0138584833410277
