"","Estimate","Std. Error","z value","Pr(>|z|)"
"(Intercept)",2.07073695374639,0.856996124458456,2.41627341670292,0.0156802820041694
"x1",-3.29746714918381,1.43570822594344,-2.29675298197651,0.021632865143377
