"","Estimate","Std. Error","z value","Pr(>|z|)"
"(Intercept)",0.741454235127305,0.681017478106169,1.08874479578586,0.276266441716877
"x1",-0.990001462003885,1.15792749179692,-0.854977076731771,0.392563838309235
