"","Estimate","Std. Error","z value","Pr(>|z|)"
"(Intercept)",1.96484225808717,0.870719437289604,2.25657332768794,0.0240347485719426
"x2",-4.815977620333,1.66118692355281,-2.89911842674092,0.00374213521345655
