"","Estimate","Std. Error","z value","Pr(>|z|)"
"(Intercept)",-17.6565636479601,7.97296510117447,-2.21455423721335,0.0267906760531355
"x1",40.7233169838071,18.1392537530725,2.24503816629773,0.0247656825196625
