"","Estimate","Std. Error","z value","Pr(>|z|)"
"(Intercept)",0.304272330395432,0.640076577638084,0.475368637168716,0.634524244710854
"x1",-2.17439906513965,1.24543464122905,-1.74589576454518,0.0808290659999381
