"","Estimate","Std. Error","z value","Pr(>|z|)"
"(Intercept)",-0.915394994052285,0.73401882832667,-1.24710015428228,0.212360776397321
"x1",-0.35304627881816,1.21477878025453,-0.290625984382266,0.771337384804771
