"","Estimate","Std. Error","z value","Pr(>|z|)"
"(Intercept)",-6.47816831585427,2.00798060818186,-3.22621059658538,0.00125441019957379
"x1",12.5336647567398,3.74500547805928,3.34676807021251,0.000817595846868562
