"","Estimate","Std. Error","z value","Pr(>|z|)"
"(Intercept)",0.0916951586441302,0.675310445080882,0.135782230694133,0.891993438802937
"x2",-0.9191537046375,1.12804195221032,-0.814822270427514,0.415174051218987
