"","Estimate","Std. Error","z value","Pr(>|z|)"
"(Intercept)",-1.550891372634,0.891562704689288,-1.73952024291381,0.0819432946996758
"x2",5.90066325528567,2.13819834881053,2.75964260217868,0.00578646267916112
