"","Estimate","Std. Error","z value","Pr(>|z|)"
"(Intercept)",1.9390308316228,0.895740083119477,2.1647248662469,0.0304087616173482
"x2",-1.49878932846589,1.3568375457862,-1.1046195862729,0.269324460520399
