"","Estimate","Std. Error","z value","Pr(>|z|)"
"(Intercept)",0.170449386112193,0.667021477042352,0.255538077826196,0.798307537695814
"x1",-0.859576805649815,1.15703582735052,-0.742912868669027,0.457534434085621
