"","Estimate","Std. Error","z value","Pr(>|z|)"
"(Intercept)",2.45143787447092,0.935575193487257,2.62024676534384,0.00878661609281028
"x2",-5.08856317160627,1.68352662237987,-3.02256174863036,0.00250644940907269
