"","Estimate","Std. Error","z value","Pr(>|z|)"
"(Intercept)",0.232254617276983,0.726376152947115,0.319744276205462,0.749162192731954
"x2",-0.201561572176319,1.18964222617491,-0.169430411716643,0.865458104200755
