"","Estimate","Std. Error","z value","Pr(>|z|)"
"(Intercept)",-8.78774555836754,3.46677553308721,-2.53484699961002,0.0112496448471539
"x1",15.8705653160479,6.14866726590388,2.58113907123496,0.00984749028581202
