"","Estimate","Std. Error","z value","Pr(>|z|)"
"(Intercept)",-1.11765102833825,0.72778113816025,-1.53569661225839,0.124612806343304
"x2",0.629701340395017,1.15838092860762,0.54360472003965,0.586713511024871
