"","Estimate","Std. Error","z value","Pr(>|z|)"
"(Intercept)",-0.547792505866982,0.743655537290494,-0.736621296283037,0.461352680463444
"x2",-0.446065795740858,1.20653049819078,-0.369709507061565,0.711598947340301
