"","Estimate","Std. Error","z value","Pr(>|z|)"
"(Intercept)",-0.220615234559727,0.622882906077322,-0.354184120975606,0.723200902915258
"x2",0.198921010826723,1.06361318260032,0.18702382979158,0.851641949114894
