"","Estimate","Std. Error","z value","Pr(>|z|)"
"(Intercept)",-0.788849901963889,0.709531328851621,-1.11179009282176,0.266228412539381
"x1",0.560172892221191,1.20985884030286,0.46300681828383,0.643359479850808
