"","Estimate","Std. Error","z value","Pr(>|z|)"
"(Intercept)",7.03549015332418,2.41419397520754,2.9142190832944,0.00356579568172944
"x2",-15.4674485026078,5.3119815136931,-2.91180390269359,0.00359348154228971
