"","Estimate","Std. Error","z value","Pr(>|z|)"
"(Intercept)",0.024075914689583,0.725340498364912,0.0331925692055743,0.973521023773975
"x2",-0.27993007314198,1.19105897321303,-0.235026207297557,0.814188392374939
