"","Estimate","Std. Error","z value","Pr(>|z|)"
"(Intercept)",1.57408850580059,0.793256567849495,1.98433718622452,0.047218263331039
"x2",-2.45613785805682,1.40363307532514,-1.74984324695247,0.080145365903118
