"","Estimate","Std. Error","z value","Pr(>|z|)"
"(Intercept)",-18.3436055814197,8.72502328391178,-2.10241336722204,0.0355170812540703
"x1",41.2717279067357,19.3760516375137,2.13003808406611,0.0331684693100026
