"","Estimate","Std. Error","z value","Pr(>|z|)"
"(Intercept)",0.145086230653499,0.680079673292138,0.213337107917317,0.831064031762737
"x1",-0.0408983605944076,1.17372706001302,-0.0348448646944836,0.972203445482859
