"","Estimate","Std. Error","z value","Pr(>|z|)"
"(Intercept)",3.81085607190689,1.23558607416076,3.08424977555312,0.00204066190603235
"x1",-6.46660460183667,2.01793314559419,-3.20456830592003,0.00135265190379192
