"","Estimate","Std. Error","z value","Pr(>|z|)"
"(Intercept)",-0.602999323563949,0.715694110458902,-0.842537775219789,0.399487004435582
"x1",0.904445710119766,1.17037933124778,0.772779974809969,0.439652606616211
