"","Estimate","Std. Error","z value","Pr(>|z|)"
"(Intercept)",5.01955017556444,1.6565516888907,3.03011986237855,0.00244456701802382
"x2",-10.3239066467565,3.21085749075582,-3.21531138534783,0.00130303093346829
