"","Estimate","Std. Error","z value","Pr(>|z|)"
"(Intercept)",1.12393158262956,0.747774642314659,1.50303516464606,0.132829976290698
"x1",-2.73766688271745,1.32062451144136,-2.07300929143705,0.0381714148652913
