"","Estimate","Std. Error","z value","Pr(>|z|)"
"(Intercept)",-0.0561855954210118,0.647445832766786,-0.0867803800372134,0.930846083242614
"x2",0.403744663481961,1.21048351808323,0.333539992449696,0.73872670636821
