"","Estimate","Std. Error","z value","Pr(>|z|)"
"(Intercept)",0.428460224635339,0.660681248271341,0.648512767323723,0.51665335584114
"x2",-0.599269108290659,1.09711476769179,-0.546222807256033,0.584912790416608
