"","Estimate","Std. Error","z value","Pr(>|z|)"
"(Intercept)",1.8681671676686,0.853207417585554,2.18958148881925,0.028554602729246
"x1",-3.6952001043743,1.49585070670419,-2.47030006926021,0.0134999758112427
