"","Estimate","Std. Error","z value","Pr(>|z|)"
"(Intercept)",1.87973351912642,0.960200453885478,1.95764698039875,0.0502714505902137
"x2",-6.84090008202793,2.41352654575917,-2.83440018260753,0.00459117983658273
