"","Estimate","Std. Error","z value","Pr(>|z|)"
"(Intercept)",7.08640725814214,2.3799329777267,2.97756589133491,0.0029054718404008
"x1",-15.1625770178644,4.99115055940263,-3.03789213276692,0.00238239216019616
