"","Estimate","Std. Error","z value","Pr(>|z|)"
"(Intercept)",-0.172349965626439,0.813386048912835,-0.211891961826492,0.832191321750502
"x2",-3.03756546757077,1.76504835321858,-1.7209531183844,0.0852593314416759
