"","Estimate","Std. Error","z value","Pr(>|z|)"
"(Intercept)",1.69885834183237,0.795859706514172,2.13462037081044,0.0327920321133378
"x1",-2.87483677059928,1.35680552684119,-2.11882743232352,0.0341050535092011
