"","Estimate","Std. Error","z value","Pr(>|z|)"
"(Intercept)",2.1234420027236,0.882136794848169,2.40715727438745,0.0160772445259313
"x1",-5.00625565710888,1.69672486853198,-2.95054062680199,0.00317218322769032
