"","Estimate","Std. Error","z value","Pr(>|z|)"
"(Intercept)",-0.98545860335726,0.775047808262678,-1.27148105297689,0.203557563745128
"x2",1.36742657174012,1.26556033700084,1.08049101394935,0.27992358620358
