"","Estimate","Std. Error","z value","Pr(>|z|)"
"(Intercept)",1.02904963698325,0.706079124122051,1.45741405152402,0.145002120634543
"x1",-1.30171884645375,1.19078435344651,-1.09316085879542,0.2743231790577
