"","Estimate","Std. Error","z value","Pr(>|z|)"
"(Intercept)",1.96234424290094,0.879536561483019,2.23111162041082,0.0256737362069801
"x1",-1.85948570239066,1.35677378452847,-1.37052007018024,0.170524614681732
