"","Estimate","Std. Error","z value","Pr(>|z|)"
"(Intercept)",-0.133500816634032,0.621504200125059,-0.214802758544784,0.829921102092594
"x2",0.0179835918282156,1.06225776618628,0.0169295931747153,0.986492784208022
