"","Estimate","Std. Error","z value","Pr(>|z|)"
"(Intercept)",2.06427499721309,0.900096088441559,2.29339403172744,0.0218253299339358
"x2",-5.64814471843239,1.90518355795581,-2.96461970545905,0.00303057311389356
