"","Estimate","Std. Error","z value","Pr(>|z|)"
"(Intercept)",0.250935154163453,0.738786303678021,0.339658644068226,0.734113609228672
"x2",-0.947772401301908,1.22830410708682,-0.771610544842797,0.440345126926262
