"","Estimate","Std. Error","z value","Pr(>|z|)"
"(Intercept)",0.466339009818533,0.656301711032769,0.710555834274289,0.47735951993546
"x2",-0.47851509900343,1.21838177642167,-0.392746434872659,0.694506770720841
