"","Estimate","Std. Error","z value","Pr(>|z|)"
"(Intercept)",0.483108627144318,0.742720511882681,0.650458172913136,0.515396311313364
"x1",-1.93938606306658,1.29039441599304,-1.50294052657854,0.132854381148824
