"","Estimate","Std. Error","z value","Pr(>|z|)"
"(Intercept)",9.22786876023051,3.16322884795836,2.91723084347389,0.00353154298098302
"x2",-16.076192186098,5.41288616246146,-2.96998527284518,0.00297814025960527
