"","Estimate","Std. Error","z value","Pr(>|z|)"
"(Intercept)",3.53297939448163,1.12474983830131,3.14112460759936,0.0016830040968858
"x2",-7.299457577642,2.05501346976973,-3.55202420082431,0.000382279698813473
