"","Estimate","Std. Error","z value","Pr(>|z|)"
"(Intercept)",0.223681262933378,0.660914547172117,0.338442032923095,0.735030103255131
"x1",-0.45331346067272,1.13145869819944,-0.400645168395548,0.688681385611779
