"","Estimate","Std. Error","z value","Pr(>|z|)"
"(Intercept)",2.84094621555264,1.06379211563856,2.67058401147044,0.00757194207055978
"x2",-7.28745235885364,2.27872039248159,-3.19804587824722,0.00138362266027338
