"","Estimate","Std. Error","z value","Pr(>|z|)"
"(Intercept)",-0.0643242576056067,0.676678554534317,-0.0950588092005871,0.924268115361805
"x2",-0.667166840679216,1.22494354245887,-0.544651094155727,0.585993506663226
