"","Estimate","Std. Error","z value","Pr(>|z|)"
"(Intercept)",0.163847730600174,0.69768352285735,0.234845349262568,0.814328768246598
"x1",-0.0739939498696238,1.14064986309445,-0.0648699940829228,0.948277511509635
