"","Estimate","Std. Error","z value","Pr(>|z|)"
"(Intercept)",-1.57076710428462,0.721290252878974,-2.17771846772506,0.0294270031353368
"x1",1.60977959437026,1.19024128130747,1.35248173597367,0.176221257589948
