"","Estimate","Std. Error","z value","Pr(>|z|)"
"(Intercept)",1.65675252775035,0.810474304172483,2.04417650161277,0.0409361137074326
"x1",-3.99259487446143,1.52391200357014,-2.61996418763536,0.00879390013460639
