"","Estimate","Std. Error","z value","Pr(>|z|)"
"(Intercept)",1.69557556984479,0.799334222031669,2.12123480155165,0.0339020479535365
"x1",-1.17500996139179,1.29299375086391,-0.908751461951549,0.363481332916021
