"","Estimate","Std. Error","z value","Pr(>|z|)"
"(Intercept)",1.44747962961024,0.794980914100854,1.82077280590739,0.0686413996856948
"x1",-3.15033865576209,1.40987540288553,-2.23448018833043,0.0254514946822497
