"","Estimate","Std. Error","z value","Pr(>|z|)"
"(Intercept)",1.50010589815299,0.790941867773721,1.89660701914208,0.0578798235110627
"x2",-0.439757881809735,1.2430689091522,-0.353767903429955,0.723512829296461
