"","Estimate","Std. Error","z value","Pr(>|z|)"
"(Intercept)",3.35973448396435,1.15130685574645,2.91819202430272,0.00352067466800282
"x1",-7.52180581362814,2.32581190974103,-3.23405593639155,0.00122045549696403
