"","Estimate","Std. Error","z value","Pr(>|z|)"
"(Intercept)",-1.83026453849483,0.837362389865958,-2.18574963557631,0.0288339273157551
"x1",3.12759631777182,1.45123981813956,2.15512024868591,0.0311524255772701
