"","Estimate","Std. Error","z value","Pr(>|z|)"
"(Intercept)",5.36735621264381,1.6595928728791,3.23414031257703,0.00122009497467281
"x1",-8.8799678069757,2.69729798853421,-3.29217158976244,0.000994169343454536
