"","Estimate","Std. Error","z value","Pr(>|z|)"
"(Intercept)",1.48872797221332,0.793951867562709,1.87508592527586,0.0607809035232714
"x2",-4.01138297139057,1.54625079504733,-2.5942641285871,0.00947936320573683
