"","Estimate","Std. Error","z value","Pr(>|z|)"
"(Intercept)",-2.14706230666889,0.891369310419796,-2.40872361384948,0.0160084160764178
"x1",4.87691210669042,1.68151448753394,2.90030930024442,0.00372794601229881
