"","Estimate","Std. Error","z value","Pr(>|z|)"
"(Intercept)",1.03765429448237,0.711119554581315,1.45918402580464,0.144514464241087
"x1",-1.31444201884036,1.19889743807574,-1.09637570078561,0.272914393328463
