"","Estimate","Std. Error","z value","Pr(>|z|)"
"(Intercept)",2.0627444489127,0.857917980622427,2.40436090104576,0.01620077037455
"x1",-3.86659323939077,1.49827745656192,-2.58069239609558,0.00986023959712055
