"","Estimate","Std. Error","z value","Pr(>|z|)"
"(Intercept)",-1.83366272443986,0.872263714998835,-2.10218846996554,0.0355367694199515
"x1",5.63105580591313,1.90381096675346,2.95778094792451,0.00309862234607005
