"","Estimate","Std. Error","z value","Pr(>|z|)"
"(Intercept)",-6.6130915647951,2.29495298029988,-2.88158041648896,0.00395686250748033
"x1",14.8690450887933,4.99877139575483,2.97453992423432,0.0029342826950015
