"","Estimate","Std. Error","z value","Pr(>|z|)"
"(Intercept)",-2.50225551268606,0.952516583828334,-2.62699417014772,0.00861428098802512
"x1",3.53787009400013,1.56352084556925,2.26275850688263,0.0236505800096728
