"","Estimate","Std. Error","z value","Pr(>|z|)"
"(Intercept)",1.03393963188591,0.719911914011102,1.43620297395157,0.150944593041874
"x2",-0.808357655368641,1.26112961502655,-0.640979044292462,0.521536298148987
