"","Estimate","Std. Error","z value","Pr(>|z|)"
"(Intercept)",0.0917240639325373,0.71598382195385,0.128109129173102,0.898062611546439
"x2",-0.637354107766636,1.16044043005482,-0.549234662339822,0.582844419718171
