"","Estimate","Std. Error","z value","Pr(>|z|)"
"(Intercept)",-2.10446238333972,0.847762362352329,-2.48237298185822,0.0130510587662495
"x2",3.00328914707171,1.35581095054467,2.21512383113972,0.0267515661221721
