"","Estimate","Std. Error","z value","Pr(>|z|)"
"(Intercept)",0.485537034895312,0.678499727367718,0.715603876185748,0.474235979500415
"x2",-0.49332024181197,1.2083738398402,-0.408251342049251,0.683089158175025
