"","Estimate","Std. Error","z value","Pr(>|z|)"
"(Intercept)",3.1169364253559,1.15612779155915,2.69601375221023,0.00701747694353341
"x2",-6.8955752890035,2.2045304202054,-3.12791115323372,0.00176053390907927
