"","Estimate","Std. Error","z value","Pr(>|z|)"
"(Intercept)",-1.54123884336149,0.838618303331716,-1.83783115302678,0.0660872895490148
"x2",1.63945379886606,1.33539494168257,1.2276920839616,0.219562579178395
