"","Estimate","Std. Error","z value","Pr(>|z|)"
"(Intercept)",4.12337640951907,1.26758884302251,3.2529289226679,0.00114222064357737
"x2",-6.51677294155521,1.99326131675167,-3.26940220370869,0.00107774985762211
