"","Estimate","Std. Error","z value","Pr(>|z|)"
"(Intercept)",5.38842207147844,1.62421397772733,3.31755676614614,0.000908084609083047
"x2",-9.70475420961798,2.86828569939312,-3.38346846399274,0.000715764271358967
