"","Estimate","Std. Error","z value","Pr(>|z|)"
"(Intercept)",-0.200245648986825,0.64851274287739,-0.308776737521538,0.757491365789891
"x2",-0.112406182560254,1.20925146085296,-0.092955176155807,0.925939171222495
