"","Estimate","Std. Error","z value","Pr(>|z|)"
"(Intercept)",-0.848362932863513,0.744990311413725,-1.13875700108586,0.254804520782645
"x1",1.43856590026366,1.29118510747698,1.1141438140304,0.265217494819807
