"","Estimate","Std. Error","z value","Pr(>|z|)"
"(Intercept)",-1.94245229272452,0.826325183101985,-2.35071172033345,0.0187375444355335
"x2",2.51428284150906,1.34922311830629,1.86350412129411,0.0623913732466665
