"","Estimate","Std. Error","z value","Pr(>|z|)"
"(Intercept)",2.45192677955767,0.93618429437486,2.61906421020976,0.00881713493580418
"x1",-5.33993259310307,1.75158354262009,-3.04863140305337,0.00229886351115149
