"","Estimate","Std. Error","z value","Pr(>|z|)"
"(Intercept)",-0.215773138167409,0.670281028041171,-0.321914434603623,0.747517517572749
"x2",-0.073626303134081,1.19862690313414,-0.0614255386238744,0.951020313877463
