"","Estimate","Std. Error","z value","Pr(>|z|)"
"(Intercept)",1.26306584808799,0.743003560769921,1.69994588825276,0.0891411043050537
"x2",-0.328650974809568,1.20164352166551,-0.27350122468438,0.784467951054634
