"","Estimate","Std. Error","z value","Pr(>|z|)"
"(Intercept)",-0.707863220577134,0.673765014712365,-1.05060845416458,0.293438456619756
"x2",0.139938061715521,1.24500090619886,0.112399967758071,0.910506280891647
