"","Estimate","Std. Error","z value","Pr(>|z|)"
"(Intercept)",0.683210102727918,0.691653546681361,0.987792379589527,0.323254340404095
"x2",-1.88100251832961,1.20302407229503,-1.5635618286018,0.117920505037243
