"","Estimate","Std. Error","z value","Pr(>|z|)"
"(Intercept)",-0.275066824376803,0.604272766902696,-0.455203079540892,0.648963145212893
"x1",0.0525551870111872,1.05185738227875,0.0499641756540522,0.960150936334055
