"","Estimate","Std. Error","z value","Pr(>|z|)"
"(Intercept)",0.842513306962841,0.670058708429149,1.25737237105385,0.208618829015929
"x2",0.194482738398769,1.14479806003209,0.169883881872859,0.865101457262124
