"","Estimate","Std. Error","z value","Pr(>|z|)"
"(Intercept)",-1.24008899526304,0.726720342829587,-1.70641844211293,0.0879301993515961
"x2",1.92651752880587,1.20285555553232,1.60162001160089,0.109239662843612
