"","Estimate","Std. Error","z value","Pr(>|z|)"
"(Intercept)",1.97209792810818,0.843111677831645,2.33907082532663,0.0193317682943795
"x1",-3.68833410277013,1.47091818547216,-2.50750459080509,0.0121587002149129
