"","Estimate","Std. Error","z value","Pr(>|z|)"
"(Intercept)",1.7857605049047,0.871912887094042,2.04809509222461,0.0405506827158452
"x1",-3.27813067859167,1.53197734106229,-2.13980363202929,0.0323706395778271
