"","Estimate","Std. Error","z value","Pr(>|z|)"
"(Intercept)",3.68088874895625,1.21487416376487,3.02985186346318,0.00244673714230959
"x2",-9.18999255846545,2.63297971186199,-3.49033929774053,0.000482407648292157
