"","Estimate","Std. Error","z value","Pr(>|z|)"
"(Intercept)",-0.309715549234272,0.714273538146378,-0.433609160487759,0.664572281551412
"x1",-1.26265907719809,1.24739733923351,-1.01223486493402,0.31142576975884
