"","Estimate","Std. Error","z value","Pr(>|z|)"
"(Intercept)",0.900737093785364,0.698276720353011,1.2899428944588,0.19707048613034
"x1",-1.56763383312177,1.19934778880152,-1.30707193339496,0.191188282318095
