"","Estimate","Std. Error","z value","Pr(>|z|)"
"(Intercept)",-1.17497886256445,0.788883027855105,-1.48942089140782,0.136376570632823
"x2",2.17525882886779,1.29201292038839,1.68362002774236,0.0922551256360685
