"","Estimate","Std. Error","z value","Pr(>|z|)"
"(Intercept)",4.59912585449677,1.51410895685005,3.03751314176542,0.00238539003159293
"x1",-10.4342331288485,3.18732799112949,-3.27366156162389,0.00106163681159497
