"","Estimate","Std. Error","z value","Pr(>|z|)"
"(Intercept)",1.67152708438163,0.790147389741631,2.11546238851488,0.0343905572881911
"x2",-3.11719670960254,1.38097842468914,-2.25723780608972,0.0239932192500906
