"","Estimate","Std. Error","z value","Pr(>|z|)"
"(Intercept)",1.528522596394,0.840827722154781,1.81787845015014,0.0690827127024111
"x2",-3.09233252146328,1.41522282930965,-2.18504991399251,0.0288851870304493
