"","Estimate","Std. Error","z value","Pr(>|z|)"
"(Intercept)",1.8331823466418,0.902101141746854,2.03212507091164,0.0421409959082894
"x2",-5.76788145325214,2.01022722693401,-2.86926839711016,0.00411422516185415
