"","Estimate","Std. Error","z value","Pr(>|z|)"
"(Intercept)",1.22750251374309,0.803918161278893,1.52689984237991,0.126785918791733
"x2",-4.62547251303973,1.74908720245725,-2.64450652119661,0.00818101302734802
