"","Estimate","Std. Error","z value","Pr(>|z|)"
"(Intercept)",-1.75298635257188,0.776870949964837,-2.25647046353224,0.0240411830604867
"x2",4.34530413430785,1.48541910342531,2.92530513730959,0.00344118616355404
