"","Estimate","Std. Error","z value","Pr(>|z|)"
"(Intercept)",-2.88317692417996,1.05001143578737,-2.74585287922884,0.00603538218635931
"x2",2.53415957201857,1.53077713965343,1.65547257427185,0.0978286751698783
