"","Estimate","Std. Error","z value","Pr(>|z|)"
"(Intercept)",-2.30594609312622,0.948609229688076,-2.43087039526746,0.0150626014865229
"x2",6.36979026250472,2.05386369003276,3.10136952779136,0.00192627739792581
