"","Estimate","Std. Error","z value","Pr(>|z|)"
"(Intercept)",-0.0447572633525916,0.624899718162986,-0.0716231133599553,0.942901845510116
"x2",0.618078123195428,1.07933861228339,0.57264524419066,0.566884918851605
