"","Estimate","Std. Error","z value","Pr(>|z|)"
"(Intercept)",-0.304742955372057,0.667494579637913,-0.456547460711018,0.647996350145966
"x2",0.346882705054478,1.08934215652157,0.318433196565279,0.750156360528448
