"","Estimate","Std. Error","z value","Pr(>|z|)"
"(Intercept)",-1.23346365233493,0.83348703461945,-1.47988343081798,0.138904358238706
"x2",2.83580522396907,1.44560552346349,1.96167293078325,0.0498005753024718
