"","Estimate","Std. Error","z value","Pr(>|z|)"
"(Intercept)",0.285159381429267,0.673351689780569,0.423492486552153,0.671935979235215
"x1",-0.799013536000082,1.11830709621594,-0.714484901959164,0.474927388855606
