"","Estimate","Std. Error","z value","Pr(>|z|)"
"(Intercept)",2.28982307640936,0.877172637470687,2.61045885221868,0.00904208490878208
"x2",-3.91676062558872,1.46527030933219,-2.67306353008259,0.00751620146973004
