"","Estimate","Std. Error","z value","Pr(>|z|)"
"(Intercept)",-0.0990876875162051,0.677179581518723,-0.14632409219129,0.883665547726614
"x1",-1.13745436075565,1.20412131901364,-0.944634351036493,0.344845583420272
