"","Estimate","Std. Error","z value","Pr(>|z|)"
"(Intercept)",3.25384795453591,1.06653638102732,3.05085509732139,0.0022819067170052
"x2",-5.02932262119135,1.68467314808097,-2.98534028806733,0.00283263015483759
