"","Estimate","Std. Error","z value","Pr(>|z|)"
"(Intercept)",-0.488353871932074,0.688462426365832,-0.709339904735156,0.478113570738782
"x2",1.4455343811032,1.15974584044637,1.24642342372777,0.212608986201499
