"","Estimate","Std. Error","z value","Pr(>|z|)"
"(Intercept)",-2.14514323370302,0.833127714123636,-2.5748071962286,0.0100295977582526
"x2",4.44857561440761,1.49011460252773,2.98539159797598,0.00283215499896409
