"","Estimate","Std. Error","z value","Pr(>|z|)"
"(Intercept)",18.1967850523836,7.67861796888294,2.36979950378112,0.0177977336561167
"x2",-38.279108025407,15.9828651786064,-2.39500912994278,0.0166199514247865
