"","Estimate","Std. Error","z value","Pr(>|z|)"
"(Intercept)",-8.78774555836755,3.46677553308721,-2.53484699961002,0.011249644847154
"x1",15.8705653160479,6.14866726590389,2.58113907123495,0.00984749028581211
