"","Estimate","Std. Error","z value","Pr(>|z|)"
"(Intercept)",0.268595780449336,0.728273555679329,0.368811661984337,0.712268111534522
"x1",-1.9135326091253,1.34973736580179,-1.41770736856544,0.156276217901092
