"","Estimate","Std. Error","z value","Pr(>|z|)"
"(Intercept)",-0.572901698794744,0.683536937156968,-0.838142999524813,0.401950395595615
"x2",0.675944758782281,1.21692511596645,0.55545304301281,0.578584820000747
