"","Estimate","Std. Error","z value","Pr(>|z|)"
"(Intercept)",3.00966217725882,1.14215866111978,2.63506488171102,0.00841212017826342
"x1",-8.56950494297115,2.74888669636039,-3.11744567512275,0.00182425564098892
