"","Estimate","Std. Error","z value","Pr(>|z|)"
"(Intercept)",-11.8005392650631,4.44295822293649,-2.65600950379041,0.00790713859412189
"x1",22.7669118672627,8.38796481953599,2.71423549777383,0.00664289244783847
