"","Estimate","Std. Error","z value","Pr(>|z|)"
"(Intercept)",-2.77678773198876,0.989920227543925,-2.80506211988233,0.00503068833094185
"x1",4.9258068860257,1.69073652018064,2.91340893582841,0.00357506091557336
