"","Estimate","Std. Error","z value","Pr(>|z|)"
"(Intercept)",0.738527663904682,0.685308434226769,1.07765733941092,0.281186703178595
"x1",-0.98072680693956,1.16469027897525,-0.84204944837562,0.399760275530607
