"","Estimate","Std. Error","z value","Pr(>|z|)"
"(Intercept)",-0.650315265125604,0.718982419071461,-0.904493973532012,0.365733528488166
"x1",0.993614150291579,1.17623466597516,0.844741427058535,0.398255224024295
