"","Estimate","Std. Error","z value","Pr(>|z|)"
"(Intercept)",-0.136813290996417,0.676638506966545,-0.202195543983697,0.839763856574923
"x2",0.82175339491175,1.22562323518783,0.670477983216282,0.502553136982037
