"","Estimate","Std. Error","z value","Pr(>|z|)"
"(Intercept)",2.18273587521407,0.932255979516412,2.34134821677016,0.0192142369243635
"x1",-6.52897386326109,2.10826276477992,-3.09685015185602,0.00195588716472293
