"","Estimate","Std. Error","z value","Pr(>|z|)"
"(Intercept)",0.75012648111903,0.730806117359765,1.0264370580655,0.304685617784322
"x1",-1.42364643197913,1.20828871928492,-1.17823365331232,0.238703469607818
