"","Estimate","Std. Error","z value","Pr(>|z|)"
"(Intercept)",1.06669508335855,0.773210354949832,1.37956647441402,0.167720165804806
"x1",-3.02310947954497,1.45742758248333,-2.07427766283513,0.0380535310850128
