"","Estimate","Std. Error","z value","Pr(>|z|)"
"(Intercept)",3.87968815667931,1.21074004220487,3.2043940246777,0.0013534710679478
"x2",-7.32396704383164,2.17956020908856,-3.3602958125641,0.000778590592038854
