"","Estimate","Std. Error","z value","Pr(>|z|)"
"(Intercept)",0.277140826330514,0.657858639633813,0.421277170555638,0.673552698681705
"x1",-0.563776460808513,1.12784001435253,-0.499872724530142,0.617164698863123
