"","Estimate","Std. Error","z value","Pr(>|z|)"
"(Intercept)",-8.76805011822206,3.02704247938219,-2.89657319906908,0.00377262619186296
"x1",17.7245776970238,6.07090609460074,2.91959345455655,0.00350488287374139
