"","Estimate","Std. Error","z value","Pr(>|z|)"
"(Intercept)",1.54948443585781,0.810041098013678,1.91284669340523,0.0557676815013894
"x2",-4.91968171159346,1.77549752198917,-2.77087500864643,0.00559058825289718
