"","Estimate","Std. Error","z value","Pr(>|z|)"
"(Intercept)",3.12344048448657,1.06428814398036,2.93476959426151,0.00333795444435035
"x1",-5.93420196070487,1.8754960194177,-3.16407067744527,0.00155579009234761
