"","Estimate","Std. Error","z value","Pr(>|z|)"
"(Intercept)",-1.92196156196643,0.861682756619619,-2.23047466971056,0.0257159472531973
"x2",4.99904541934333,1.72951869723877,2.89042577413268,0.00384720371624189
