"","Estimate","Std. Error","z value","Pr(>|z|)"
"(Intercept)",1.04586513032441,0.70290456680114,1.4879190998631,0.136772229985778
"x2",-1.33825377438434,1.18566368473357,-1.12869592922133,0.25902612713601
