"","Estimate","Std. Error","z value","Pr(>|z|)"
"(Intercept)",2.99606819629138,1.11102748197589,2.69666434439863,0.00700378278122102
"x1",-7.36785681665246,2.3054041828266,-3.19590676183249,0.00139392148456572
