"","Estimate","Std. Error","z value","Pr(>|z|)"
"(Intercept)",-3.24505229052144,1.24511991608577,-2.60621667728419,0.00915485277498624
"x1",9.19774650579835,2.97901395889333,3.08751373196492,0.00201838446188941
