"","Estimate","Std. Error","z value","Pr(>|z|)"
"(Intercept)",3.57712247408759,1.20384003561142,2.97142674132017,0.00296419583328047
"x2",-7.78736955383462,2.36495263102505,-3.29282263486999,0.000991870240255839
