"","Estimate","Std. Error","z value","Pr(>|z|)"
"(Intercept)",2.64861010809129,0.964446225617381,2.74624964849213,0.00602808736400972
"x1",-4.69056099410513,1.64578123903769,-2.85005132082303,0.0043712175293279
