"","Estimate","Std. Error","z value","Pr(>|z|)"
"(Intercept)",-3.76886976842625,1.21300414441734,-3.10705432110176,0.00188961672900892
"x1",6.46165959069345,2.05425531667366,3.1454997527554,0.00165803335098042
