"","Estimate","Std. Error","z value","Pr(>|z|)"
"(Intercept)",-0.660551942168055,0.668940565588021,-0.987459837463149,0.323417262562357
"x2",0.906498993163811,1.24147836922582,0.730177033796491,0.46528197883306
