"","Estimate","Std. Error","z value","Pr(>|z|)"
"(Intercept)",2.38518319142301,0.961083640436736,2.48176442826467,0.0130733671192438
"x2",-3.57899196624851,1.51343751633841,-2.3648098633814,0.0180393296327641
