"","Estimate","Std. Error","z value","Pr(>|z|)"
"(Intercept)",-0.607283678573064,0.666903133596816,-0.910602526783454,0.362504838684509
"x2",0.722831406302266,1.13439745891029,0.637194133876695,0.523998398233038
