"","Estimate","Std. Error","z value","Pr(>|z|)"
"(Intercept)",-0.424185728388191,1.007569633607,-0.420998920808726,0.673755869907132
"x1",6.20442768740605,2.87893065358994,2.15511536537683,0.0311528076154779
