"","Estimate","Std. Error","z value","Pr(>|z|)"
"(Intercept)",-1.37674498085261,0.750117733579816,-1.83537186127079,0.0664506100548033
"x1",2.24727362881011,1.2776763105312,1.75887555422845,0.07859864815457
