"","Estimate","Std. Error","z value","Pr(>|z|)"
"(Intercept)",-4.32533748525867,1.42610279808142,-3.03297734993415,0.00242153774841041
"x1",8.04784525724223,2.50196296704022,3.21661246119989,0.00129713684119273
