"","Estimate","Std. Error","z value","Pr(>|z|)"
"(Intercept)",1.15129962667789,0.739378087154883,1.5571189445282,0.119442247971436
"x2",-1.87346135095662,1.32155551186436,-1.41761835514096,0.156302218299153
