"","Estimate","Std. Error","z value","Pr(>|z|)"
"(Intercept)",-1.48206303664447,0.801192311952972,-1.8498218399423,0.0643392319876075
"x2",3.42851073040401,1.52101474800569,2.2540943372833,0.0241902338429831
