"","Estimate","Std. Error","z value","Pr(>|z|)"
"(Intercept)",-4.92321187341499,1.70249897491921,-2.89175614549114,0.00383095166517718
"x2",12.444267849025,4.00638914204079,3.1061056247487,0.00189568988370848
