"","Estimate","Std. Error","z value","Pr(>|z|)"
"(Intercept)",0.912609860897648,0.720981018301139,1.26578902596915,0.205588625043371
"x1",-0.536010268848183,1.22428792222254,-0.437813899099097,0.66152119457741
