"","Estimate","Std. Error","z value","Pr(>|z|)"
"(Intercept)",-0.0320390831972586,0.684846273015874,-0.0467828831953297,0.962686271326557
"x1",0.57394971720338,1.19194862346496,0.481522194752763,0.630145409277438
