"","Estimate","Std. Error","z value","Pr(>|z|)"
"(Intercept)",-0.828182752832919,0.812541286703847,-1.01925005705559,0.308084267649184
"x1",7.21937487369123,2.84288775430021,2.53945125437015,0.0111026515914019
