"","Estimate","Std. Error","z value","Pr(>|z|)"
"(Intercept)",0.665206870322327,0.693707875632773,0.958914975147934,0.337601580058521
"x1",-1.06654350103894,1.16854082533508,-0.912713940253738,0.361393010289421
