"","Estimate","Std. Error","z value","Pr(>|z|)"
"(Intercept)",-0.394235022554087,0.704142050192937,-0.559879959513944,0.575561319054438
"x1",0.510309550976181,1.15029596765333,0.443633260766132,0.657307754435096
