"","Estimate","Std. Error","z value","Pr(>|z|)"
"(Intercept)",4.07065233970353,1.29809811633843,3.13585875248452,0.00171351709273053
"x1",-7.30497198274799,2.19823559504549,-3.32310694959738,0.000890207770316008
