"","Estimate","Std. Error","z value","Pr(>|z|)"
"(Intercept)",-0.0516971133021004,0.663091648093402,-0.0779637527493309,0.937856886312012
"x2",0.0998375630042149,1.08384811016822,0.0921139798718841,0.926607481344491
