"","Estimate","Std. Error","z value","Pr(>|z|)"
"(Intercept)",3.89164654701576,1.29253512958099,3.01086327013591,0.0026050612874884
"x2",-8.46158203661205,2.55729904886222,-3.30879645866084,0.000936979280614801
