"","Estimate","Std. Error","z value","Pr(>|z|)"
"(Intercept)",1.20002055073685,0.725261205786707,1.65460463232024,0.0980047232515673
"x2",-0.531113178917354,1.20450912562908,-0.440937447144678,0.659258282806898
