"","Estimate","Std. Error","z value","Pr(>|z|)"
"(Intercept)",-18.6252174849202,8.3374574918922,-2.23392053309206,0.0254883022703364
"x1",40.10211677111,18.3029093245561,2.19102417326118,0.0284500431982561
