"","Estimate","Std. Error","z value","Pr(>|z|)"
"(Intercept)",-1.15877005819211,0.72284597264999,-1.60306635443233,0.108920005247736
"x1",1.81888594770359,1.23022683566191,1.47849639999518,0.139274959968863
