"","Estimate","Std. Error","z value","Pr(>|z|)"
"(Intercept)",-10.7115764484385,4.54928925945527,-2.35456042417516,0.0185446284264464
"x1",24.1865701700193,9.78414072960126,2.47201781315802,0.0134352821619613
