"","Estimate","Std. Error","z value","Pr(>|z|)"
"(Intercept)",-17.564366031395,8.04654753802593,-2.18284499636525,0.0290472267677945
"x1",34.7720318243203,15.6621808989127,2.22012707226069,0.0264101429720862
