"","Estimate","Std. Error","z value","Pr(>|z|)"
"(Intercept)",-2.52232170828671,0.939803748891046,-2.68388130103014,0.00727729383038548
"x1",4.76654915907968,1.64866679826462,2.89115372742201,0.00383830316687614
