"","Estimate","Std. Error","z value","Pr(>|z|)"
"(Intercept)",3.28813713759028,1.19401459086327,2.75385004735407,0.00588987472425522
"x1",-7.32215628742298,2.35226835259894,-3.11280652963467,0.00185317457688535
