"","Estimate","Std. Error","z value","Pr(>|z|)"
"(Intercept)",1.65725349755096,0.834673179803464,1.98551185979306,0.0470875519480497
"x1",-3.88740012824468,1.53150256253467,-2.53829162506326,0.0111395117232338
