"","Estimate","Std. Error","z value","Pr(>|z|)"
"(Intercept)",0.0529147640197112,0.730415026860133,0.0724447910760793,0.942247940288704
"x2",-0.57225631635865,1.20588529902002,-0.474552859068523,0.635105713415215
