"","Estimate","Std. Error","z value","Pr(>|z|)"
"(Intercept)",-0.856512714632689,0.722442566713954,-1.18557897069736,0.235788611056629
"x1",0.141696388073602,1.23348677456562,0.114874671537116,0.908544461352524
