"","Estimate","Std. Error","z value","Pr(>|z|)"
"(Intercept)",-2.29642620075177,0.946305176422035,-2.42672898549971,0.0152356323037447
"x2",5.99472381485616,1.94673032962815,3.07938070497994,0.00207431425314385
