"","Estimate","Std. Error","z value","Pr(>|z|)"
"(Intercept)",2.3549900119118,0.952816006756435,2.47161046331351,0.0134505989349353
"x1",-5.12877301564257,1.74182510602021,-2.94448219738949,0.00323495556671991
