"","Estimate","Std. Error","z value","Pr(>|z|)"
"(Intercept)",-21.6951569920711,10.3550784053114,-2.09512242620422,0.03616011084714
"x1",39.1913549840037,18.5119938014632,2.11707908960655,0.0342531360287395
