"","Estimate","Std. Error","z value","Pr(>|z|)"
"(Intercept)",0.28440841250756,0.705016739003037,0.403406609763253,0.686649125048776
"x1",-0.067381701502317,1.2153416258169,-0.0554426015459037,0.955785856885577
