"","Estimate","Std. Error","z value","Pr(>|z|)"
"(Intercept)",2.89175307120695,1.06969322370149,2.70334803206524,0.00686448293080913
"x1",-5.10253419883366,1.85871732073545,-2.7451910744635,0.00604756753013898
