"","Estimate","Std. Error","z value","Pr(>|z|)"
"(Intercept)",-0.525645529049769,0.673261530428427,-0.780744933867344,0.434952527007062
"x2",1.2952765545629,1.14141653685778,1.13479743173222,0.256460202584192
