"","Estimate","Std. Error","z value","Pr(>|z|)"
"(Intercept)",-2.31322520472736,0.927936951850096,-2.49286893911845,0.0126715609358019
"x2",4.8746888984102,1.75775688090289,2.77324409955163,0.00555004721668104
