"","Estimate","Std. Error","z value","Pr(>|z|)"
"(Intercept)",-8.16707095984215,2.7485117888429,-2.97145203924355,0.00296395163995877
"x1",10.9233328395402,3.75400911752932,2.90977791943386,0.0036168565752086
