"","Estimate","Std. Error","z value","Pr(>|z|)"
"(Intercept)",-10.3003488375075,4.2252364295447,-2.43781596823386,0.0147762944074389
"x2",23.7395949891975,9.801676742283,2.4219932582339,0.0154356369040988
