"","Estimate","Std. Error","z value","Pr(>|z|)"
"(Intercept)",-0.993826130810289,0.695601097021264,-1.42872996472562,0.153081861862296
"x2",1.06162581850637,1.27489424988644,0.83271676737183,0.405004485761768
