"","Estimate","Std. Error","z value","Pr(>|z|)"
"(Intercept)",0.154316514786383,0.652700234959867,0.236427852359929,0.813100685663831
"x2",-0.570798753820352,1.12304956326222,-0.508257847643256,0.611272527197742
