"","Estimate","Std. Error","z value","Pr(>|z|)"
"(Intercept)",-2.14073576274596,0.917204938038474,-2.33397758119807,0.0195968958497028
"x1",4.69376343483942,1.66178552380289,2.8245302222263,0.00473499825726964
