"","Estimate","Std. Error","z value","Pr(>|z|)"
"(Intercept)",0.414105921899099,0.717930981135871,0.576804641086701,0.564071434011501
"x2",-0.534893456536238,1.15200820150124,-0.464313930959165,0.642422844500736
