"","Estimate","Std. Error","z value","Pr(>|z|)"
"(Intercept)",-0.491599444270417,0.709301432390043,-0.693075499106124,0.48826217251965
"x1",0.214116607817607,1.15490141960395,0.185398168348459,0.852916744964525
