"","Estimate","Std. Error","z value","Pr(>|z|)"
"(Intercept)",0.461185054636185,0.683631847248579,0.674610254762591,0.499923416056288
"x1",0.0958935752056763,1.15007278780061,0.0833804401102841,0.933549040878083
