"","Estimate","Std. Error","z value","Pr(>|z|)"
"(Intercept)",-11.2841947180008,4.6770507030032,-2.41267316404225,0.0158360129677947
"x1",25.4694313481712,10.4864680609192,2.42879024665037,0.0151492939070268
