"","Estimate","Std. Error","z value","Pr(>|z|)"
"(Intercept)",3.34724625095514,1.40055810646087,2.38993743673615,0.0168512430846935
"x1",-10.2549877502536,3.47345401467203,-2.95238909366183,0.0031532532046063
