"","Estimate","Std. Error","z value","Pr(>|z|)"
"(Intercept)",1.616915275823,0.758099447468916,2.13285378484503,0.0329367225123676
"x2",-4.03843033922811,1.43749976985553,-2.80934329445769,0.00496426800875762
