"","Estimate","Std. Error","z value","Pr(>|z|)"
"(Intercept)",0.46315676683985,0.769190208799349,0.602135546632613,0.54708391464872
"x2",-2.13294021700746,1.3328526514571,-1.6002820827011,0.109536019822181
