"","Estimate","Std. Error","z value","Pr(>|z|)"
"(Intercept)",4.54982013323775,1.42152429825447,3.20066293543107,0.00137111823346902
"x1",-7.47465360187073,2.32466676073539,-3.21536562922515,0.00130278470663567
