"","Estimate","Std. Error","z value","Pr(>|z|)"
"(Intercept)",0.247060536797364,0.702634578431569,0.351620236722274,0.725123086509887
"x2",-1.7921233246859,1.23521380655789,-1.45086082682311,0.146818617859272
