"","Estimate","Std. Error","z value","Pr(>|z|)"
"(Intercept)",-6.30563666332328,2.03761309417955,-3.09461922939902,0.00197065710756646
"x2",11.9244731137754,3.68715094023102,3.2340615578456,0.00122043147457444
