"","Estimate","Std. Error","z value","Pr(>|z|)"
"(Intercept)",3.07499922074711,1.07206602466407,2.86829276369489,0.00412693459953044
"x1",-5.16936420663736,1.74982044449861,-2.95422551661783,0.00313454854581621
