"","Estimate","Std. Error","z value","Pr(>|z|)"
"(Intercept)",1.89738308467078,0.785220530702307,2.41636968276128,0.0156761365202365
"x1",-4.11033578885666,1.46441693239747,-2.80680706288162,0.00500351999371407
