"","Estimate","Std. Error","z value","Pr(>|z|)"
"(Intercept)",1.33981083613369,0.744936524186041,1.79855704833058,0.0720887768175908
"x2",-2.38155944873294,1.38944832905305,-1.71403239612088,0.0865227762817009
