"","Estimate","Std. Error","z value","Pr(>|z|)"
"(Intercept)",-20.0376696801154,8.67135726838284,-2.3107881569101,0.020844558989176
"x2",42.7843621357105,18.8819674998963,2.26588474617094,0.023458440798082
