"","Estimate","Std. Error","z value","Pr(>|z|)"
"(Intercept)",3.08824961915918,1.03881078304967,2.97287019883729,0.00295029188802015
"x2",-4.43096481666677,1.6025189575235,-2.76499993704555,0.00569228067899424
