"","Estimate","Std. Error","z value","Pr(>|z|)"
"(Intercept)",1.00736510604686,0.831985741283327,1.21079611832411,0.225973553241485
"x2",-2.9562877188353,1.48921827920525,-1.98512720406103,0.0471303208212056
