"","Estimate","Std. Error","z value","Pr(>|z|)"
"(Intercept)",-0.649181862365697,0.686708080914491,-0.945353463004514,0.344478452330938
"x1",1.01401908171532,1.13030185233312,0.897122374542892,0.369653620708381
