"","Estimate","Std. Error","z value","Pr(>|z|)"
"(Intercept)",-29.4808263779552,12.4906213410121,-2.36023697885685,0.0182632641450702
"x1",39.9820941408971,17.1874202731378,2.32624172246402,0.0200056590325383
