"","Estimate","Std. Error","z value","Pr(>|z|)"
"(Intercept)",-14.6816120015084,6.52464881461084,-2.25017658707262,0.0244377379123545
"x2",31.3225913131494,13.6253369836814,2.29884892760182,0.0215135193722268
