"","Estimate","Std. Error","z value","Pr(>|z|)"
"(Intercept)",0.918770904899557,0.695664720195221,1.32070935642924,0.186598293125142
"x2",-1.60864834756859,1.19711037499261,-1.34377613056651,0.179020790362194
