"","Estimate","Std. Error","z value","Pr(>|z|)"
"(Intercept)",-0.268536713514996,0.737943073829087,-0.363898955134297,0.715933464925386
"x1",1.58705461701751,1.32810780794402,1.19497423893197,0.232097095235193
