"","Estimate","Std. Error","z value","Pr(>|z|)"
"(Intercept)",-1.42996489835355,0.805505077328961,-1.77524008054088,0.075858254368766
"x1",3.48977217108149,1.51064517076065,2.31012036355585,0.020881491346513
