"","Estimate","Std. Error","z value","Pr(>|z|)"
"(Intercept)",-2.07235916249202,0.857832097863043,-2.41580976936454,0.0157002614576132
"x1",3.58770153975212,1.46485538665992,2.4491847949118,0.0143179968115345
