"","Estimate","Std. Error","z value","Pr(>|z|)"
"(Intercept)",1.67010392477129,0.832295639936546,2.00662342157484,0.0447897754972575
"x1",-4.77477391077276,1.69625172647268,-2.81489700865436,0.00487928682543162
