"","Estimate","Std. Error","z value","Pr(>|z|)"
"(Intercept)",0.701687924127677,0.684374398320873,1.02529832479018,0.305222446002475
"x1",-1.42715112812312,1.18447193671344,-1.20488386755962,0.228248137268328
