"","Estimate","Std. Error","z value","Pr(>|z|)"
"(Intercept)",-0.277588884067029,0.670644395094501,-0.41391367183187,0.678937330863628
"x2",0.32160167391241,1.19788979068817,0.26847350767357,0.788334864392276
