"","Estimate","Std. Error","z value","Pr(>|z|)"
"(Intercept)",-2.7847132575601,1.03529003953215,-2.68979044637436,0.00714968996319282
"x2",7.0137879182677,2.18458156228779,3.21058642961471,0.0013246442677044
