"","Estimate","Std. Error","z value","Pr(>|z|)"
"(Intercept)",-0.600645963143863,0.672769647434967,-0.892795870672694,0.371966498096928
"x1",0.963897120300196,1.15095589370054,0.83747528951877,0.402325461035492
