"","Estimate","Std. Error","z value","Pr(>|z|)"
"(Intercept)",-0.419823180703153,0.677000179691334,-0.620122702027293,0.53517700693221
"x2",-0.831259815573786,1.29218285630361,-0.643298904267828,0.520030167146187
