"","Estimate","Std. Error","z value","Pr(>|z|)"
"(Intercept)",1.75673896367674,0.823205659523448,2.13402197051672,0.0328409823981864
"x2",-4.60986563007395,1.6918930863138,-2.72467903992543,0.00643640226244557
