"","Estimate","Std. Error","z value","Pr(>|z|)"
"(Intercept)",0.297549870668767,0.65835481679058,0.451959738244638,0.651297987427219
"x2",-0.864804550430586,1.13825030587768,-0.759766587335776,0.44739411845874
