"","Estimate","Std. Error","z value","Pr(>|z|)"
"(Intercept)",-0.426113839767432,0.610185983191125,-0.698334362810105,0.484968114139295
"x1",0.102471322881238,1.05969656057683,0.0966987406521908,0.922965639959152
