"","Estimate","Std. Error","z value","Pr(>|z|)"
"(Intercept)",-0.267897394743477,0.717429276361237,-0.373412967062396,0.708841110010624
"x2",0.729589848637202,1.16066800081019,0.628594781735968,0.529614377477516
