"","Estimate","Std. Error","z value","Pr(>|z|)"
"(Intercept)",-1.3777649366113,0.790978741893863,-1.74184824905974,0.0815350014226183
"x2",4.13278262684923,1.58851850443985,2.60165847316115,0.00927741908577127
