"","Estimate","Std. Error","z value","Pr(>|z|)"
"(Intercept)",12.0032433306892,4.94076079983579,2.42943219009673,0.015122493467546
"x1",-25.9989682623366,10.7432115802097,-2.42003688266085,0.0155189329666593
