"","Estimate","Std. Error","z value","Pr(>|z|)"
"(Intercept)",-1.22531591025051,0.768460751276747,-1.59450682187052,0.110822564019076
"x2",3.6752315199991,1.48900863551148,2.46824056781689,0.0135779034595089
