"","Estimate","Std. Error","z value","Pr(>|z|)"
"(Intercept)",-0.298889717955989,0.665255537516057,-0.449285576895742,0.653225660930157
"x1",-0.161691481345437,1.13895154377821,-0.14196519793025,0.887107495237698
