"","Estimate","Std. Error","z value","Pr(>|z|)"
"(Intercept)",8.71508601214544,3.2164918861372,2.70950038758272,0.0067384626416556
"x1",-19.9910968117459,7.15328412983374,-2.79467394960173,0.00519520828397599
