"","Estimate","Std. Error","z value","Pr(>|z|)"
"(Intercept)",1.66316697244936,0.84768962403148,1.96199991754009,0.0497624938537411
"x1",-2.76946414681507,1.46506515295423,-1.89033514395628,0.0587131513908075
