"","Estimate","Std. Error","z value","Pr(>|z|)"
"(Intercept)",-0.169601950854442,0.705944333948606,-0.240248335029188,0.810137744776474
"x1",0.589629365431083,1.22447649387979,0.481535879519277,0.630135685668676
