"","Estimate","Std. Error","z value","Pr(>|z|)"
"(Intercept)",-1.08402439281011,0.707610595259217,-1.53195048247264,0.125534654600472
"x2",1.1150052852334,1.15056559324812,0.969093193622861,0.332498693363804
