"","Estimate","Std. Error","z value","Pr(>|z|)"
"(Intercept)",20.600767586807,9.63230972881398,2.13871523723766,0.0324587378200872
"x2",-52.6932893424846,24.602921768271,-2.14174925396219,0.0322136649340312
