"","Estimate","Std. Error","z value","Pr(>|z|)"
"(Intercept)",-0.708409206663378,0.764630150007301,-0.926473023142775,0.354200210302874
"x2",2.05796703520014,1.29263671628681,1.59206914771212,0.111369168448456
