"","Estimate","Std. Error","z value","Pr(>|z|)"
"(Intercept)",-3.41053673074134,1.1921799317237,-2.86075670289992,0.00422631248488716
"x2",4.55224165775496,1.81805174944038,2.5039120361432,0.0122828567616811
