"","Estimate","Std. Error","z value","Pr(>|z|)"
"(Intercept)",18.8961431430434,8.30796214299859,2.27446187377825,0.0229382309367617
"x2",-38.6139252838899,16.484100672739,-2.34249511395843,0.0191552847903004
