"","Estimate","Std. Error","z value","Pr(>|z|)"
"(Intercept)",-1.9515809107391,0.854298438621822,-2.2844252342161,0.022346551952683
"x1",4.63148253737545,1.62986729721821,2.84163167472608,0.00448833128993914
