"","Estimate","Std. Error","z value","Pr(>|z|)"
"(Intercept)",0.264243012785834,0.656818303230305,0.402307626761095,0.687457642419549
"x2",-0.79636683853434,1.13422358139773,-0.702125093848743,0.482601154230915
