"","Estimate","Std. Error","z value","Pr(>|z|)"
"(Intercept)",1.48470273746284,0.811305627472536,1.83001656488953,0.0672474618870449
"x2",-4.13889700812405,1.5576057737658,-2.65721729967493,0.00787886398983171
