"","Estimate","Std. Error","z value","Pr(>|z|)"
"(Intercept)",-8.42875889983897,3.25571911105586,-2.58890850602448,0.00962806722661028
"x1",20.4656363589309,7.39078011045673,2.76907661343834,0.00562154145780304
