"","Estimate","Std. Error","z value","Pr(>|z|)"
"(Intercept)",0.0283938174282022,0.668423891105846,0.0424787590719225,0.966117044268944
"x2",-0.323426453146432,1.19797661867654,-0.269977266754787,0.787177742918801
