"","Estimate","Std. Error","z value","Pr(>|z|)"
"(Intercept)",-14.5962939925881,6.50713323840901,-2.24312204127495,0.024888945696299
"x2",32.2856384211217,13.9851042321174,2.3085733138103,0.0209672702138731
