"","Estimate","Std. Error","z value","Pr(>|z|)"
"(Intercept)",0.497461404040833,0.68198234448184,0.729434431940898,0.46573596216032
"x1",-0.736495578183079,1.14694064124309,-0.642139228220952,0.520782787325481
