"","Estimate","Std. Error","z value","Pr(>|z|)"
"(Intercept)",-0.659347018907311,0.703442293766414,-0.937315007570834,0.348596545461992
"x1",1.56389664363763,1.21075814711073,1.29166724780635,0.196472404498783
