"","Estimate","Std. Error","z value","Pr(>|z|)"
"(Intercept)",0.31651889458065,0.606703481630626,0.521702782601391,0.601877286967554
"x1",-0.6826459832213,1.06187920251846,-0.642865950856057,0.520311084712115
