"","Estimate","Std. Error","z value","Pr(>|z|)"
"(Intercept)",0.531465463335779,0.637666291763097,0.833453908730724,0.404588782069986
"x2",-0.0456792845884216,1.08577215991307,-0.0420707826880353,0.966442271578673
