"","Estimate","Std. Error","z value","Pr(>|z|)"
"(Intercept)",2.05754798725147,0.920413942412516,2.23545938673896,0.0253872050667225
"x2",-4.09174736086797,1.57399709056936,-2.59959016784959,0.00933351545592567
