"","Estimate","Std. Error","z value","Pr(>|z|)"
"(Intercept)",-0.748417368045513,0.649326057734096,-1.15260639725011,0.249071976268267
"x2",1.02430598187378,1.10145915006757,0.929953672644998,0.35239507150922
