"","Estimate","Std. Error","z value","Pr(>|z|)"
"(Intercept)",1.31221222318043,0.793764593194306,1.65315036023433,0.0983002662046986
"x1",-4.35891989885349,1.63955556286219,-2.65859846264928,0.00784664187105377
