"","Estimate","Std. Error","z value","Pr(>|z|)"
"(Intercept)",-4.62118992450851,1.54500000304538,-2.99106143391559,0.00278009557291295
"x1",10.1791694811173,3.15783414424083,3.22346551977145,0.00126649544937912
