"","Estimate","Std. Error","z value","Pr(>|z|)"
"(Intercept)",-1.25615001366387,0.762770687447616,-1.64682523114148,0.0995939736694649
"x2",3.48931808378116,1.4600994487413,2.3897811116833,0.0168584168630872
