"","Estimate","Std. Error","z value","Pr(>|z|)"
"(Intercept)",-3.47701148765561,1.10926184916219,-3.1345272446553,0.00172131268917359
"x2",6.13380648724656,1.88397011470895,3.255787572933,0.00113078319462269
