"","Estimate","Std. Error","z value","Pr(>|z|)"
"(Intercept)",-24.258389246007,11.3799307832036,-2.13168161636023,0.0330330291068551
"x1",53.9623999467097,25.4428334109576,2.12092729905897,0.0339279209403347
