"","Estimate","Std. Error","z value","Pr(>|z|)"
"(Intercept)",8.2901650424859,3.37632841852674,2.45537874722013,0.0140736221903946
"x1",-23.0343446706815,9.07366189145798,-2.53859411406614,0.0111298863034823
