"","Estimate","Std. Error","z value","Pr(>|z|)"
"(Intercept)",-0.212412186142119,0.670621252787084,-0.316739419246467,0.751441335374494
"x1",1.22084136755662,1.18210048633449,1.03277291708276,0.301710180734123
