"","Estimate","Std. Error","z value","Pr(>|z|)"
"(Intercept)",2.10105378757149,0.931955358918346,2.2544575418398,0.0241673988336346
"x2",-3.40026340644254,1.53278842271816,-2.21835144110281,0.0265308792860739
