"","Estimate","Std. Error","z value","Pr(>|z|)"
"(Intercept)",0.0579131580114037,0.7097734876865,0.0815938591904454,0.934969684669308
"x2",0.12408713338576,1.14109305519555,0.108744096566687,0.913405465218943
