"","Estimate","Std. Error","z value","Pr(>|z|)"
"(Intercept)",5.90767589613804,2.04274532096139,2.89202762356968,0.00382764291433814
"x2",-8.79912965046931,3.23915576399734,-2.71648858269495,0.00659784708149961
