"","Estimate","Std. Error","z value","Pr(>|z|)"
"(Intercept)",0.926483964444332,0.740823137774807,1.25061423867941,0.211075253199159
"x2",-2.52701247929185,1.40140841133005,-1.80319488513239,0.0713576134908658
