"","Estimate","Std. Error","z value","Pr(>|z|)"
"(Intercept)",6.07726921494989,1.96513768335572,3.09254118244386,0.00198450696185471
"x2",-11.8138909973947,3.67346935715894,-3.21600368718785,0.00129989161984685
