"","Estimate","Std. Error","z value","Pr(>|z|)"
"(Intercept)",2.0719833521656,0.868791909776117,2.3849017570842,0.0170836828758533
"x2",-4.32487601132124,1.54042130415423,-2.80759296152153,0.0049913271317278
