"","Estimate","Std. Error","z value","Pr(>|z|)"
"(Intercept)",0.0751965554275843,0.654689694813234,0.114858315356615,0.908557425884637
"x1",-0.407659550099171,1.12380548820794,-0.362749207382176,0.71679223760812
