"","Estimate","Std. Error","z value","Pr(>|z|)"
"(Intercept)",1.24450601442494,0.806219350188256,1.54363203281382,0.122677500286248
"x2",-4.66933820054639,1.75795077516692,-2.65612568139346,0.00790441492148554
