"","Estimate","Std. Error","z value","Pr(>|z|)"
"(Intercept)",-3.85028308381563,1.27309956103959,-3.02433776716689,0.002491780725402
"x1",8.28739132516272,2.47587825452486,3.34725316562592,0.00081616636176866
