"","Estimate","Std. Error","z value","Pr(>|z|)"
"(Intercept)",-8.04821469305621,2.60138565840797,-3.09381835293951,0.00197598428009536
"x1",13.3694615435531,4.17820126449872,3.19981271777178,0.0013751691381685
