"","Estimate","Std. Error","z value","Pr(>|z|)"
"(Intercept)",-2.53449066890808,0.941602691390284,-2.69167738376563,0.00710936803527322
"x1",4.47487552288779,1.60666097132915,2.78520210719119,0.00534943683877898
