"","Estimate","Std. Error","z value","Pr(>|z|)"
"(Intercept)",-1.71891163874921,0.769267028560698,-2.23447980341143,0.0254515199819141
"x1",4.47194955977906,1.54298611525758,2.89824355226458,0.00375259056089826
