"","Estimate","Std. Error","z value","Pr(>|z|)"
"(Intercept)",0.514728637452995,0.682223507207263,0.754486809696837,0.450556962752957
"x2",-0.819454803061951,1.22038430040378,-0.671472750666181,0.501919412908595
