"","Estimate","Std. Error","z value","Pr(>|z|)"
"(Intercept)",-0.607550402736897,0.732181483778798,-0.829781162453497,0.406662523226263
"x1",1.6489714392443,1.23636872988096,1.33372140478113,0.182295177128087
