"","Estimate","Std. Error","z value","Pr(>|z|)"
"(Intercept)",0.141529351989863,0.766427427728504,0.184661126245599,0.853494838486447
"x2",-1.51360848755008,1.31634766594239,-1.14985465216476,0.250203741059281
