"","Estimate","Std. Error","z value","Pr(>|z|)"
"(Intercept)",1.47497502690301,0.774938201162833,1.90334535668746,0.0569954961198255
"x1",-2.87093485118901,1.32375890504174,-2.16877472193358,0.0300997912530765
