"","Estimate","Std. Error","z value","Pr(>|z|)"
"(Intercept)",0.0425321029986993,0.657647743569493,0.0646730767566375,0.948434299568054
"x2",0.691468886334707,1.14195703044575,0.605512175939578,0.54483873692293
