"","Estimate","Std. Error","z value","Pr(>|z|)"
"(Intercept)",1.71571325552087,0.818304439883583,2.09666863809875,0.0360229185975147
"x2",-3.02413666538282,1.47052561896641,-2.05650049640645,0.0397342984834363
