"","Estimate","Std. Error","z value","Pr(>|z|)"
"(Intercept)",-1.6640262022131,0.809054095989959,-2.05675517924051,0.0397097814380074
"x1",4.02076286864505,1.52069477587561,2.64403017122874,0.00819253532369772
