"","Estimate","Std. Error","z value","Pr(>|z|)"
"(Intercept)",5.26499512428567,1.75306986410098,3.00330022898756,0.00267068821863362
"x2",-9.35700173308809,3.02561917989374,-3.09259069854809,0.00198417590840771
