"","Estimate","Std. Error","z value","Pr(>|z|)"
"(Intercept)",-0.0741248285042049,0.724588663595811,-0.102299183286082,0.918519203551516
"x2",-0.0952909356566626,1.18820766740629,-0.0801972064905714,0.936080411905037
