"","Estimate","Std. Error","z value","Pr(>|z|)"
"(Intercept)",0.673945018283442,0.67545584761131,0.997763244876462,0.318394176974849
"x2",-1.08167582411961,1.12410745643496,-0.962253046118997,0.33592250870084
