"","Estimate","Std. Error","z value","Pr(>|z|)"
"(Intercept)",0.7957044698236,0.681826075799382,1.16701971084152,0.243202409602515
"x2",-2.87607813592681,1.30794740796843,-2.19892490967513,0.0278832620714072
