"","Estimate","Std. Error","z value","Pr(>|z|)"
"(Intercept)",-2.00440223976706,0.871679105920931,-2.29947262261083,0.0214781162482848
"x1",5.13714727150469,1.73850434811372,2.95492345306959,0.00312746636655015
