"","Estimate","Std. Error","z value","Pr(>|z|)"
"(Intercept)",2.298011803272,0.889532590991693,2.58339247661524,0.00978339572943834
"x1",-3.86834545693171,1.4726213225537,-2.62684330159198,0.00861810104980983
