"","Estimate","Std. Error","z value","Pr(>|z|)"
"(Intercept)",0.964800974082159,0.768518761335805,1.25540328046798,0.209332399087317
"x1",-3.36672687356347,1.47953268058748,-2.27553396943327,0.0228739173029124
