"","Estimate","Std. Error","z value","Pr(>|z|)"
"(Intercept)",-5.584375920939,1.77423219508418,-3.14748877650372,0.00164679427925374
"x1",10.6166857958086,3.16023712441729,3.35945860321042,0.000780953506232041
