"","Estimate","Std. Error","z value","Pr(>|z|)"
"(Intercept)",0.331386038303646,0.698166721565938,0.474651724390946,0.635035232390276
"x1",-1.18716977449303,1.23197602367613,-0.963630583451284,0.335231167960321
