"","Estimate","Std. Error","z value","Pr(>|z|)"
"(Intercept)",-3.62228290143231,1.25260892543261,-2.89179074800326,0.00383052978835656
"x2",9.00946442161225,2.73656156516033,3.29225716545661,0.000993866859730412
