"","Estimate","Std. Error","z value","Pr(>|z|)"
"(Intercept)",2.69550462048207,1.03026202401054,2.61632920331196,0.00888808183396611
"x2",-6.93889201046173,2.18448890051644,-3.17643729332811,0.0014909601865892
