"","Estimate","Std. Error","z value","Pr(>|z|)"
"(Intercept)",-6.65767840762301,2.16813622516535,-3.07069192901626,0.0021356337852218
"x2",13.2053717245429,4.08027164433358,3.23639523924385,0.00121049649620216
