"","Estimate","Std. Error","z value","Pr(>|z|)"
"(Intercept)",3.63757638810168,1.23090621728532,2.95520189679773,0.0031246449842237
"x1",-8.36750967232157,2.50750066962839,-3.33699199911346,0.000846903861312166
