"","Estimate","Std. Error","z value","Pr(>|z|)"
"(Intercept)",2.48529528932089,0.942195843068008,2.63776932110865,0.00834533288661861
"x2",-5.90139002656125,1.90991443428392,-3.08987142074448,0.00200243162304801
