"","Estimate","Std. Error","z value","Pr(>|z|)"
"(Intercept)",0.270331618174151,0.701121619529261,0.385570221548231,0.699814990793427
"x1",-0.513081017156553,1.14878552008187,-0.446629077567053,0.655142897270469
