"","Estimate","Std. Error","z value","Pr(>|z|)"
"(Intercept)",-3.17757671667734,1.11291982027957,-2.85517128797215,0.00430136235798038
"x1",6.81822429486305,2.10134421779733,3.24469653144693,0.00117575851737629
