"","Estimate","Std. Error","z value","Pr(>|z|)"
"(Intercept)",-1.77452905436868,0.942464543519121,-1.88286028007236,0.0597193053003279
"x1",5.21842633336245,1.93553292818391,2.69611860246617,0.00701526835103893
