"","Estimate","Std. Error","z value","Pr(>|z|)"
"(Intercept)",5.17504400177901,1.89598404256904,2.72947655971139,0.00634349586479906
"x2",-15.3394778229939,5.25896173337552,-2.91682628638335,0.0035361265306726
