"","Estimate","Std. Error","z value","Pr(>|z|)"
"(Intercept)",-1.12990704305417,0.733013344547878,-1.54145494274881,0.123206100890595
"x2",1.55781149943326,1.29674345835061,1.20132589788786,0.229624808272743
