"","Estimate","Std. Error","z value","Pr(>|z|)"
"(Intercept)",-8.72920168611631,3.21782638303364,-2.71276341450304,0.00667247259523302
"x1",10.02338370616,4.07552930291526,2.45940660983353,0.0139166899989194
