"","Estimate","Std. Error","z value","Pr(>|z|)"
"(Intercept)",-0.320782961508701,0.673040344316684,-0.476617730597386,0.633634355340854
"x2",0.863897013415633,1.11133481104763,0.777350808080288,0.436951826556149
