"","Estimate","Std. Error","z value","Pr(>|z|)"
"(Intercept)",0.360942467025925,0.730456487000216,0.494132742263973,0.621212435524875
"x2",-0.206780440081513,1.19456074078742,-0.173101654039969,0.862571524843372
