"","Estimate","Std. Error","z value","Pr(>|z|)"
"(Intercept)",-1.24450622034998,0.790021028815099,-1.57528239750344,0.115191275192338
"x1",4.17430969353329,1.61978115870919,2.57708250962729,0.00996381636639037
