"","Estimate","Std. Error","z value","Pr(>|z|)"
"(Intercept)",-10.762599783615,4.20828125504192,-2.55748110246206,0.0105433286444794
"x2",21.3443274338599,7.79295022541937,2.73892772524559,0.00616399223647819
