"","Estimate","Std. Error","z value","Pr(>|z|)"
"(Intercept)",-0.146131727107192,0.712166360983374,-0.205193245726195,0.837421146304261
"x1",1.00707205606934,1.19044054162819,0.845965859573254,0.397571790085079
