"","Estimate","Std. Error","z value","Pr(>|z|)"
"(Intercept)",2.62344638797962,0.923503933399602,2.84075280364231,0.00450071844965753
"x2",-6.35283923930771,1.86536955575035,-3.4056732724751,0.00066001115703356
