"","Estimate","Std. Error","z value","Pr(>|z|)"
"(Intercept)",-0.478925220217035,0.611324423144867,-0.783422356583229,0.433379131895571
"x1",0.489635768807167,1.05965213347583,0.46207217759387,0.644029561380967
