"","Estimate","Std. Error","z value","Pr(>|z|)"
"(Intercept)",-0.310379367488361,0.682649990418478,-0.454668383278072,0.649347829987122
"x2",1.72343896184503,1.23945634958289,1.39047975543876,0.16438324262076
