"","Estimate","Std. Error","z value","Pr(>|z|)"
"(Intercept)",-3.31039714437138,1.275113653173,-2.59615849625151,0.00942725674214365
"x1",11.5025827086846,3.71445183405585,3.0967106917967,0.0019568074812757
