"","Estimate","Std. Error","z value","Pr(>|z|)"
"(Intercept)",2.49748409070908,0.988011352127832,2.52778886126194,0.0114783357322797
"x1",-5.64654444390918,1.8704240126375,-3.0188579732501,0.00253729448766783
