"","Estimate","Std. Error","z value","Pr(>|z|)"
"(Intercept)",-4.50597933896815,1.38610998292482,-3.25080938343731,0.00115076984557754
"x1",7.92882002476821,2.3758498032693,3.33725642667214,0.000846098466760765
