"","Estimate","Std. Error","z value","Pr(>|z|)"
"(Intercept)",-2.14095344087134,0.943461236327158,-2.26925427186171,0.0232528676059728
"x2",3.73965434550637,1.58119308802628,2.36508391911476,0.018025985814121
