"","Estimate","Std. Error","z value","Pr(>|z|)"
"(Intercept)",-2.91787605171054,1.40652973392663,-2.07452141346821,0.0380309121442815
"x1",14.1711096690615,5.51706452640065,2.56859596280756,0.0102111435535935
