"","Estimate","Std. Error","z value","Pr(>|z|)"
"(Intercept)",3.66945680145705,1.38848751941191,2.64277262139975,0.00822302365705321
"x1",-16.0132033265524,5.77544570013277,-2.77263507579757,0.00556044371494697
