"","Estimate","Std. Error","z value","Pr(>|z|)"
"(Intercept)",-6.40008171492239,2.18311213816717,-2.93163214249524,0.00337185882771736
"x1",15.8130318646431,5.18461711389059,3.04999029191123,0.00228848763415783
