"","Estimate","Std. Error","z value","Pr(>|z|)"
"(Intercept)",0.809586638818429,0.69795201388787,1.15994598870588,0.246070797099824
"x2",-1.31494490783937,1.14287684433686,-1.15055696014416,0.24991454814738
