"","Estimate","Std. Error","z value","Pr(>|z|)"
"(Intercept)",-2.95322856455983,1.03660276559021,-2.84894914676244,0.0043863890972304
"x1",5.99613604130448,1.92790775598531,3.11017787167933,0.00186974713167568
