"","Estimate","Std. Error","z value","Pr(>|z|)"
"(Intercept)",-0.020552713440691,0.64984663045772,-0.0316270216346504,0.974769494017023
"x2",-0.514423537164661,1.21916320782036,-0.421948049174118,0.67306293731797
