"","Estimate","Std. Error","z value","Pr(>|z|)"
"(Intercept)",0.178915406001171,0.674892963461586,0.265101898652932,0.790930964739753
"x2",-1.43987227858214,1.21063184857012,-1.18935602122378,0.234299599097728
