"","Estimate","Std. Error","z value","Pr(>|z|)"
"(Intercept)",-0.443745143736157,0.663184678929771,-0.669112477767521,0.503423730958564
"x1",0.646933778481267,1.13317725355486,0.570902545433016,0.568065705409122
