"","Estimate","Std. Error","z value","Pr(>|z|)"
"(Intercept)",0.0701049085377876,0.679745781524879,0.103134010453909,0.91785661249794
"x1",0.110713595911419,1.17421178405148,0.0942875871415758,0.924880710012327
