"","Estimate","Std. Error","z value","Pr(>|z|)"
"(Intercept)",-4.87797549815114,1.48978971121067,-3.2742711682356,0.00105934900218824
"x2",9.29755750695335,2.76490732418454,3.36270131936357,0.000771838241218646
