"","Estimate","Std. Error","z value","Pr(>|z|)"
"(Intercept)",-0.875240475141482,0.688190130560428,-1.27180038811183,0.203444051045692
"x2",0.970527908210707,1.12904919836442,0.859597535356875,0.390010934094884
