"","Estimate","Std. Error","z value","Pr(>|z|)"
"(Intercept)",2.23014174502758,0.951135423244264,2.34471526401646,0.0190416150765579
"x2",-3.36877270630185,1.53947211081752,-2.18826484911954,0.028650315782727
