"","Estimate","Std. Error","z value","Pr(>|z|)"
"(Intercept)",-0.262119732122473,0.669118307527334,-0.39173899320004,0.695251075676268
"x1",0.509008319561511,1.10287591642183,0.461528184614766,0.644419705136343
