"","Estimate","Std. Error","z value","Pr(>|z|)"
"(Intercept)",-6.57525292323646,2.1374350940738,-3.07623512941603,0.00209632461893098
"x1",9.76622569554964,3.23880717445423,3.01537731933527,0.00256659745407755
