"","Estimate","Std. Error","z value","Pr(>|z|)"
"(Intercept)",-2.27722419345911,0.927933003360295,-2.45408255252553,0.0141244551934663
"x2",5.15022884163008,1.80903487319304,2.84694834684953,0.00441405238373849
