"","Estimate","Std. Error","z value","Pr(>|z|)"
"(Intercept)",0.0548587323888205,0.700513465069653,0.0783121740327516,0.937579733726758
"x1",-0.109648568466055,1.20920642427089,-0.0906781226639357,0.927748354587021
