"","Estimate","Std. Error","z value","Pr(>|z|)"
"(Intercept)",-0.0742570184685004,0.667121312552751,-0.111309618012884,0.911370828731696
"x2",0.156536624918065,1.19308201095026,0.131203574843432,0.895614268090432
