"","Estimate","Std. Error","z value","Pr(>|z|)"
"(Intercept)",2.01987811321328,0.863661504893318,2.33873815351164,0.0193489892678038
"x2",-3.05314126397671,1.5044576836348,-2.0293965707299,0.042417914124415
