"","Estimate","Std. Error","z value","Pr(>|z|)"
"(Intercept)",-1.86663201099838,0.813604279879376,-2.29427506364042,0.0217747039901477
"x2",2.37365840536967,1.33052431927879,1.78400226961377,0.0744232963634278
