"","Estimate","Std. Error","z value","Pr(>|z|)"
"(Intercept)",0.191083341215633,0.661029316353963,0.289069389947167,0.772528277386333
"x2",-0.881332638408808,1.11740251812545,-0.788733356254944,0.430267867879189
