"","Estimate","Std. Error","z value","Pr(>|z|)"
"(Intercept)",3.991785896979,1.23003411535298,3.24526437694249,0.00117341627425697
"x2",-7.09247915148997,2.10910108703405,-3.36279716277793,0.00077157033460574
