"","Estimate","Std. Error","z value","Pr(>|z|)"
"(Intercept)",7.45177207531391,2.55448800347214,2.91712940721789,0.00353269172511922
"x1",-12.1713233737239,4.18866846057362,-2.90577387260129,0.00366346093682156
