"","Estimate","Std. Error","z value","Pr(>|z|)"
"(Intercept)",0.662190122177579,0.748858296071349,0.884266256582257,0.376552499097949
"x1",-1.84517485818144,1.33678453251408,-1.38030835433982,0.167491723784131
