"","Estimate","Std. Error","z value","Pr(>|z|)"
"(Intercept)",-0.0337151733338754,0.666774835370655,-0.0505645557471187,0.959672507093546
"x2",0.0710728376587971,1.19228179588038,0.059610771467258,0.95246563923654
