"","Estimate","Std. Error","z value","Pr(>|z|)"
"(Intercept)",-25.630274171316,11.8632262526147,-2.16048093710318,0.0307354577743496
"x1",51.6242494159897,23.7272880493377,2.17573324471991,0.0295752128210781
