"","Estimate","Std. Error","z value","Pr(>|z|)"
"(Intercept)",-0.444987194183221,0.67593418384891,-0.658329175851665,0.510326634232825
"x1",0.1288587264489,1.1078182650948,0.116317568060563,0.907400862820056
