"","Estimate","Std. Error","z value","Pr(>|z|)"
"(Intercept)",1.32333016774929,0.759983597214913,1.74126148590424,0.0816377539297856
"x1",-0.111197604844705,1.26911068812026,-0.0876185236524991,0.930179879055689
