"","Estimate","Std. Error","z value","Pr(>|z|)"
"(Intercept)",0.138507912311962,0.666367525407522,0.207855135538391,0.835342080687012
"x2",-0.50974094666066,1.09442924766327,-0.465759616484131,0.64138757415165
