"","Estimate","Std. Error","z value","Pr(>|z|)"
"(Intercept)",11.7967227435099,5.03957506980273,2.34081694986472,0.0192415984926313
"x2",-36.8927544725212,15.2669304183875,-2.41651422135831,0.0156699140972593
