"","Estimate","Std. Error","z value","Pr(>|z|)"
"(Intercept)",1.52523393029651,0.780680198219962,1.95372437237964,0.0507338223528224
"x2",-0.498147147528605,1.24355613515604,-0.400582758948874,0.688727341387019
