"","Estimate","Std. Error","z value","Pr(>|z|)"
"(Intercept)",-0.638568693542238,0.734625396896826,-0.869243966026294,0.384713704222807
"x1",-1.35016869462683,1.34735968599874,-1.00208482460718,0.31630262654498
