"","Estimate","Std. Error","z value","Pr(>|z|)"
"(Intercept)",-4.56024461033012,1.45319149657634,-3.13808924775149,0.00170053090287652
"x1",8.70108336620692,2.60385565891066,3.34161509161652,0.000832924769990783
