"","Estimate","Std. Error","z value","Pr(>|z|)"
"(Intercept)",8.88371028592897,3.07613436113288,2.88794611775582,0.00387766291634166
"x2",-18.4454467918919,6.09117499384928,-3.02822473669163,0.00245995070870527
