"","Estimate","Std. Error","z value","Pr(>|z|)"
"(Intercept)",-3.97049727070718,1.37826321151253,-2.88079754109514,0.00396670350826787
"x1",9.30971561358462,2.83481040042829,3.28406993715633,0.00102319527868615
