"","Estimate","Std. Error","z value","Pr(>|z|)"
"(Intercept)",-19.0152202338762,8.19727021380371,-2.31970152720546,0.0203570291724966
"x1",33.1043096706785,14.5143084402157,2.28080516595296,0.022559978563939
