"","Estimate","Std. Error","z value","Pr(>|z|)"
"(Intercept)",-3.0486598266513,1.06988702875834,-2.84951564483347,0.00437858522699003
"x2",5.01509887084531,1.84622930294621,2.71640086247262,0.00659959569841623
