"","Estimate","Std. Error","z value","Pr(>|z|)"
"(Intercept)",-4.88544555302626,1.59009300591524,-3.07242754659765,0.00212325370585294
"x1",10.2075603334221,3.13198170295797,3.25913792018058,0.001117513263667
