"","Estimate","Std. Error","z value","Pr(>|z|)"
"(Intercept)",-0.137205671011532,0.679476837021229,-0.201928400698736,0.839972698846671
"x1",1.01486380815295,1.14649074728515,0.885191451004823,0.376053382381439
