"","Estimate","Std. Error","z value","Pr(>|z|)"
"(Intercept)",-3.81352811418517,1.24857794769854,-3.05429718762414,0.00225588487108445
"x1",8.00001504178942,2.4376632661706,3.28183763229812,0.0010313297260125
