"","Estimate","Std. Error","z value","Pr(>|z|)"
"(Intercept)",-0.153751850453614,0.68061666067542,-0.22590080339943,0.821278572952762
"x1",0.310811026949529,1.17595002399406,0.264306323064541,0.79154388837512
