"","Estimate","Std. Error","z value","Pr(>|z|)"
"(Intercept)",-2.35541950026316,0.917675129668014,-2.56672478539903,0.0102664059512315
"x1",5.1372731404042,1.71176163644505,3.001161511642,0.00268951869484457
