"","Estimate","Std. Error","z value","Pr(>|z|)"
"(Intercept)",0.0905966106002755,0.715185607495981,0.12667566244443,0.899197109189916
"x2",-2.17754998018855,1.34553979754475,-1.61834676622868,0.105587887440247
