"","Estimate","Std. Error","z value","Pr(>|z|)"
"(Intercept)",5.08244952630998,1.57361852649933,3.22978500870626,0.00123883336643866
"x1",-8.39276495116182,2.5627112739317,-3.27495533208689,0.00105678681745611
