"","Estimate","Std. Error","z value","Pr(>|z|)"
"(Intercept)",-10.4676632151715,3.813042181741,-2.74522617800993,0.00604692063714749
"x2",22.9831114809052,8.12815680288797,2.82759204063819,0.00468995312674149
