"","Estimate","Std. Error","z value","Pr(>|z|)"
"(Intercept)",17.0224324596659,7.45413568524248,2.28362256584174,0.0223937224112054
"x1",-32.8374911609497,14.6183171606991,-2.24632499076107,0.024683198971568
