"","Estimate","Std. Error","z value","Pr(>|z|)"
"(Intercept)",-16.5522629175178,6.97142246714283,-2.37430208763428,0.0175821591108573
"x2",23.6629541041498,9.85824006366165,2.40032236498009,0.0163806390087078
