"","Estimate","Std. Error","z value","Pr(>|z|)"
"(Intercept)",2.33123641950089,0.971485828491037,2.39966075791542,0.0164102723703298
"x2",-3.81449898276266,1.60035735861303,-2.38352950497791,0.0171475098229606
