"","Estimate","Std. Error","z value","Pr(>|z|)"
"(Intercept)",-1.96614089264675,0.858745835595816,-2.28954926026814,0.0220474592140242
"x2",3.52953567057543,1.54595540399283,2.28307728764975,0.022425816163031
