"","Estimate","Std. Error","z value","Pr(>|z|)"
"(Intercept)",-0.516306288470834,0.691147645287404,-0.747027486805856,0.455046969177809
"x1",-0.256190136067493,1.16724284263104,-0.219483150130117,0.826273704135724
