"","Estimate","Std. Error","z value","Pr(>|z|)"
"(Intercept)",-0.737331423404318,0.693210073215237,-1.06364787802987,0.287488244474921
"x1",1.18377080160102,1.14235991232552,1.03625029977742,0.300085386048767
