"","Estimate","Std. Error","z value","Pr(>|z|)"
"(Intercept)",0.515706313212488,0.676943789572908,0.761815561581344,0.446170091334592
"x2",-0.26402882857099,1.09992958506204,-0.240041573712283,0.810298027441937
