"","Estimate","Std. Error","z value","Pr(>|z|)"
"(Intercept)",0.47168746518896,0.65853661004619,0.716266123998597,0.473827040091008
"x2",-0.770084977703139,1.22753523898938,-0.627342460927757,0.530434775871435
