"","Estimate","Std. Error","z value","Pr(>|z|)"
"(Intercept)",5.97907526556303,3.50153496217534,1.70755835088064,0.0877183220019295
"x1",0,2.42609098178795,0,1
