"","Estimate","Std. Error","z value","Pr(>|z|)"
"(Intercept)",-2.59282120219686,0.986707469010207,-2.62775065926863,0.00859514914659398
"x1",5.25272977364121,1.75417513971624,2.99441581100671,0.00274970928312976
