"","Estimate","Std. Error","z value","Pr(>|z|)"
"(Intercept)",0.190086315326345,0.712529002086857,0.266776951913002,0.789640901020939
"x2",0.112369518429831,1.14561591639675,0.0980865548579856,0.921863563710408
