"","Estimate","Std. Error","z value","Pr(>|z|)"
"(Intercept)",0.448516275098028,0.630575173091124,0.711281214735064,0.476909990043143
"x2",-0.409667750143553,1.07271232678281,-0.381898986256822,0.702536292249708
