"","Estimate","Std. Error","z value","Pr(>|z|)"
"(Intercept)",-1.79864729429985,0.813922243879167,-2.20985150341569,0.0271154699258901
"x2",3.35893471162694,1.52027978903166,2.20941877663611,0.0271455262017496
