"","Estimate","Std. Error","z value","Pr(>|z|)"
"(Intercept)",3.26197547182028,1.12002356811337,2.91241681397377,0.0035864371238695
"x1",-4.88493713286926,1.74121848208995,-2.80547052717128,0.00502431760098556
