"","Estimate","Std. Error","z value","Pr(>|z|)"
"(Intercept)",1.74989732923952,0.918867508246422,1.90440658042098,0.0568572528572593
"x1",-4.77203647570854,1.81944620784926,-2.62279613165893,0.00872114406543069
