"","Estimate","Std. Error","z value","Pr(>|z|)"
"(Intercept)",0.331227123798703,0.658904789988689,0.502693452576645,0.615179813708497
"x2",-1.01937009783836,1.24328594952474,-0.81989995803301,0.412273140706789
