"","Estimate","Std. Error","z value","Pr(>|z|)"
"(Intercept)",6.79613434192552,2.43159950710157,2.79492339181563,0.00519120151112964
"x2",-15.9937998941972,5.48788474455982,-2.91438334415678,0.00356391978150862
