"","Estimate","Std. Error","z value","Pr(>|z|)"
"(Intercept)",0.56006755449942,0.76256057666704,0.734456476818318,0.462670576826184
"x1",-2.19791122723374,1.40051145120592,-1.56936326749861,0.116563318001969
