"","Estimate","Std. Error","z value","Pr(>|z|)"
"(Intercept)",-0.0558336680733078,0.600135973539246,-0.093035029618428,0.925875732284283
"x1",0.120396745038454,1.04631275790406,0.115067645050634,0.908391505030138
