"","Estimate","Std. Error","z value","Pr(>|z|)"
"(Intercept)",-9.39241712218389,3.57186379908987,-2.62955634662697,0.00854963621769725
"x2",21.0554187025933,7.45667586019468,2.82370041253792,0.00474727358740117
