"","Estimate","Std. Error","z value","Pr(>|z|)"
"(Intercept)",-0.397677997167038,0.712613045424126,-0.558056016123522,0.576806133901408
"x1",0.794721729474106,1.23485567883263,0.64357458373224,0.519851335998126
