"","Estimate","Std. Error","z value","Pr(>|z|)"
"(Intercept)",-0.0597732697947284,0.733766454156922,-0.0814608918901945,0.93507542522704
"x2",2.57923278613051,1.47150789522401,1.75278215937664,0.0796394066354958
