"","Estimate","Std. Error","z value","Pr(>|z|)"
"(Intercept)",0.133852959768543,0.652484651790701,0.205143461077884,0.837460041404713
"x2",-0.264895387174226,1.08557907563852,-0.244012981752084,0.807220765785653
