"","Estimate","Std. Error","z value","Pr(>|z|)"
"(Intercept)",-1.73391190016593,0.84420684861601,-2.05389461481922,0.0399858926606067
"x2",4.97734080974114,1.74873236164537,2.84625647635296,0.00442365499375828
