"","Estimate","Std. Error","z value","Pr(>|z|)"
"(Intercept)",-0.239695650561777,0.649114617945379,-0.369265525586956,0.711929819132505
"x2",-1.1776181624141,1.16840212025642,-1.00788773145641,0.313508362041426
