"","Estimate","Std. Error","z value","Pr(>|z|)"
"(Intercept)",-11.0644340575066,4.57571150548673,-2.41807947119028,0.0156026687488434
"x1",23.6197970494986,9.45505946839457,2.49811195037456,0.012485675669725
