"","Estimate","Std. Error","z value","Pr(>|z|)"
"(Intercept)",2.25057361689905,0.841731933504065,2.67374151712421,0.00750102423767792
"x1",-4.15469633110633,1.48161378359051,-2.80416960014906,0.00504463613997852
