"","Estimate","Std. Error","z value","Pr(>|z|)"
"(Intercept)",-2.86047192534015,0.971425106257339,-2.94461395625325,0.00323357843836785
"x1",5.0044789726106,1.66441996072645,3.0067405406664,0.00264065043026121
