"","Estimate","Std. Error","z value","Pr(>|z|)"
"(Intercept)",1.42104266816646,0.746529056265921,1.90353296531336,0.0569710364324966
"x2",-1.7503593213913,1.20608808780245,-1.45126988575149,0.146704723363318
