"","Estimate","Std. Error","z value","Pr(>|z|)"
"(Intercept)",2.25486719171319,1.05631556694276,2.13465299790983,0.0327893649513716
"x2",-5.93091211159594,2.10541905195828,-2.81697465693564,0.00484783507983349
