"","Estimate","Std. Error","z value","Pr(>|z|)"
"(Intercept)",5.19806862128436,1.76174959900126,2.95051500180909,0.0031724463778702
"x2",-12.2287533440192,3.89540833746934,-3.1392738025415,0.00169367115570878
