"","Estimate","Std. Error","z value","Pr(>|z|)"
"(Intercept)",0.849287670247995,0.713928137001439,1.18959826098895,0.234204329693269
"x1",-0.942054635351951,1.21968227969225,-0.772377078061385,0.439891125903694
