"","Estimate","Std. Error","z value","Pr(>|z|)"
"(Intercept)",-5.73951672595747,1.88474876466679,-3.04524233338451,0.00232492897466561
"x2",14.0941683001057,4.18729162700593,3.36593902588618,0.000762835685217753
