"","Estimate","Std. Error","z value","Pr(>|z|)"
"(Intercept)",-0.627584913294521,0.63001699845315,-0.996139651525912,0.319182296406285
"x1",1.63847173873288,1.13320809041021,1.44587013859014,0.148213628891354
