"","Estimate","Std. Error","z value","Pr(>|z|)"
"(Intercept)",9.73274366084841,3.2515222618809,2.99328833603567,0.00275988872132575
"x2",-17.3273933782841,5.80271076950605,-2.98608599783082,0.00282573165610969
