"","Estimate","Std. Error","z value","Pr(>|z|)"
"(Intercept)",-11.47148707866,4.91998861927026,-2.33160845814344,0.0197212984641275
"x2",25.2344093535728,10.5636830112781,2.38878895993299,0.016904009371736
