"","Estimate","Std. Error","z value","Pr(>|z|)"
"(Intercept)",-3.50009870336581,1.50484473429806,-2.32588693277945,0.0200245833213336
"x1",12.7801901507713,4.58635612297324,2.78656733321575,0.0053269550045622
