"","Estimate","Std. Error","z value","Pr(>|z|)"
"(Intercept)",0.0458675045084405,0.829106843061882,0.055321584777967,0.955882266330444
"x2",-3.62879247591653,1.88320743736411,-1.92692127479896,0.0539894417116288
