"","Estimate","Std. Error","z value","Pr(>|z|)"
"(Intercept)",-3.11979105851403,1.1015655502454,-2.83214290590243,0.0046237179032339
"x1",5.78925359125749,1.91505256078546,3.02302595229189,0.0025026078020642
