"","Estimate","Std. Error","z value","Pr(>|z|)"
"(Intercept)",5.01638095731529,1.62560614407834,3.08585260678834,0.00202969408089091
"x2",-13.342793342816,3.91094405179283,-3.41165538706682,0.00064569687733246
