"","Estimate","Std. Error","z value","Pr(>|z|)"
"(Intercept)",0.490225717949035,0.675428330909077,0.725799756266113,0.467961536371188
"x2",-0.703466244653732,1.10255245396431,-0.638034265058649,0.523451375290044
