"","Estimate","Std. Error","z value","Pr(>|z|)"
"(Intercept)",2.26736203177693,0.918913207968389,2.46743872230307,0.0136083510995993
"x1",-4.93589471247246,1.73516953443488,-2.84461812780732,0.0044464695040561
