"","Estimate","Std. Error","z value","Pr(>|z|)"
"(Intercept)",-0.16747669858441,0.687534485383779,-0.243590252045212,0.807548178667516
"x1",-1.30133920509418,1.23925242420724,-1.05010018917386,0.293672051771169
