"","Estimate","Std. Error","z value","Pr(>|z|)"
"(Intercept)",7.7338467278023,2.70180341566167,2.86247573860154,0.0042034544061733
"x1",-10.6508859278544,3.80164041129801,-2.80165527917931,0.00508411674088947
