"","Estimate","Std. Error","z value","Pr(>|z|)"
"(Intercept)",-4.28921300292158,1.56670833031694,-2.73772272727617,0.00618662117785519
"x1",13.3811489348606,4.31951587745861,3.09783533953194,0.00194939708308489
