"","Estimate","Std. Error","z value","Pr(>|z|)"
"(Intercept)",16.5220708375869,7.14657592911428,2.31188627973265,0.0207839510148965
"x2",-32.0068913575798,13.2971073496411,-2.40705670157981,0.0160816727939577
