"","Estimate","Std. Error","z value","Pr(>|z|)"
"(Intercept)",8.21059008488841,3.11395758460164,2.63670581946567,0.0083715397177357
"x2",-20.6219121295166,7.82968580906902,-2.6338109385731,0.0084432487424716
