"","Estimate","Std. Error","z value","Pr(>|z|)"
"(Intercept)",-1.23927096605121,0.740955314077329,-1.67253131532554,0.0944195980926097
"x2",2.75675959867456,1.42398071531241,1.9359529023325,0.0528734695695433
