"","Estimate","Std. Error","z value","Pr(>|z|)"
"(Intercept)",0.836883182783265,0.648300500653361,1.29088776260368,0.196742599404537
"x1",-2.10057526763839,1.18094944507223,-1.77871735018252,0.0752861132133953
