"","Estimate","Std. Error","z value","Pr(>|z|)"
"(Intercept)",-3.27595460663562,1.15568139886968,-2.83465201554657,0.0045875626176133
"x1",7.85827347776728,2.45677547988609,3.19861279229783,0.00138090502746993
