"","Estimate","Std. Error","z value","Pr(>|z|)"
"(Intercept)",0.546186523855202,0.662587225438644,0.824323957488943,0.409755509433086
"x2",-2.29907241308673,1.23751765202516,-1.85780979311638,0.0631960299406858
