"","Estimate","Std. Error","z value","Pr(>|z|)"
"(Intercept)",2.83862549870999,0.964893685062016,2.94190494005311,0.00326200044490314
"x1",-4.61523264269644,1.60460755388253,-2.87623763924665,0.0040244659968716
