"","Estimate","Std. Error","z value","Pr(>|z|)"
"(Intercept)",0.0324092528446402,0.734130220580816,0.0441464633059231,0.964787656501512
"x2",-2.44028967680825,1.42757164879313,-1.70939908961576,0.0873770494583794
