"","Estimate","Std. Error","z value","Pr(>|z|)"
"(Intercept)",3.10920698040536,1.07938184796118,2.88054406906906,0.00396989449436198
"x2",-5.70686745180249,1.95575148298843,-2.91799213828654,0.00352293231980468
