"","Estimate","Std. Error","z value","Pr(>|z|)"
"(Intercept)",3.61366843329391,1.17673855801934,3.07091869189394,0.00213401254582276
"x1",-6.1786225205931,1.99396978893594,-3.09865402920185,0.00194401888212581
