"","Estimate","Std. Error","z value","Pr(>|z|)"
"(Intercept)",-13.8694436249323,5.19650514569709,-2.66899449458194,0.00760786972688153
"x1",21.8257174330396,7.89133414554093,2.76578295006966,0.00567863172035476
