"","Estimate","Std. Error","z value","Pr(>|z|)"
"(Intercept)",0.859091559993162,0.765333897777312,1.12250556585582,0.261647542374236
"x1",0.453916829417281,1.26348034880744,0.359259113009331,0.719401258414331
