"","Estimate","Std. Error","z value","Pr(>|z|)"
"(Intercept)",-0.884710525642263,0.706553706382634,-1.25214901238257,0.210515571100793
"x2",1.05501828226315,1.25056553367008,0.843632943542711,0.398874549404366
