"","Estimate","Std. Error","z value","Pr(>|z|)"
"(Intercept)",10.9684218273023,4.07543952387278,2.69134697326567,0.00711641379228175
"x2",-21.5141130857167,7.6449771239088,-2.81415009319436,0.00489063877395128
