"","Estimate","Std. Error","z value","Pr(>|z|)"
"(Intercept)",0.665942667425239,0.67178550706835,0.991302522037713,0.321537881866955
"x2",-0.0469140032894336,1.24410394809219,-0.0377090703404448,0.969919644055959
