"","Estimate","Std. Error","z value","Pr(>|z|)"
"(Intercept)",-0.854660934498372,0.6913388388349,-1.23624030141098,0.216369254319597
"x1",0.42300613142858,1.16445125645738,0.363266499205382,0.716405816218446
