"","Estimate","Std. Error","z value","Pr(>|z|)"
"(Intercept)",0.468603455916942,0.683299475092098,0.685795135220588,0.492842304459636
"x2",-0.987853972569186,1.2302215723791,-0.802988660537628,0.421981288708747
