"","Estimate","Std. Error","z value","Pr(>|z|)"
"(Intercept)",0.23749958614962,0.682978414223439,0.347740984493137,0.728034714125477
"x1",-0.480118681855311,1.18119263182722,-0.40646941821217,0.684397722871966
