"","Estimate","Std. Error","z value","Pr(>|z|)"
"(Intercept)",0.370480621728007,0.707283743849427,0.523807630176325,0.600412345828043
"x1",-1.79513910331344,1.26013437424383,-1.42456164993567,0.154283952325808
