"","Estimate","Std. Error","z value","Pr(>|z|)"
"(Intercept)",13.5506797169029,5.62043375217858,2.41096689586466,0.0159102924834283
"x1",-27.4519071315803,11.2781106591922,-2.43408740711421,0.0149293894424445
