"","Estimate","Std. Error","z value","Pr(>|z|)"
"(Intercept)",1.42808977069525,0.750100975484028,1.90386336955998,0.0569279808370714
"x2",-1.22995282196454,1.19605607116227,-1.02834043622163,0.303789716350353
