"","Estimate","Std. Error","z value","Pr(>|z|)"
"(Intercept)",0.594820683019711,0.685987248668616,0.867101661399911,0.385886310385136
"x1",-1.46738949954378,1.19794562274356,-1.22492162556021,0.220604751548319
