"","Estimate","Std. Error","z value","Pr(>|z|)"
"(Intercept)",4.44373520462236,1.54078412672025,2.88407384756838,0.003925666834798
"x2",-13.2634798036935,4.60526168647696,-2.88007082043585,0.00397585851065782
