"","Estimate","Std. Error","z value","Pr(>|z|)"
"(Intercept)",0.109061230092484,0.732284575771612,0.14893285165479,0.881606618418977
"x2",-0.678550187035585,1.21122070024738,-0.560220104310469,0.575329315655069
