"","Estimate","Std. Error","z value","Pr(>|z|)"
"(Intercept)",1.44472049300438,0.822783535559092,1.75589378076541,0.0791065471046113
"x2",-2.67366822697064,1.35552028399858,-1.9724295228425,0.0485605943766456
