"","Estimate","Std. Error","z value","Pr(>|z|)"
"(Intercept)",11.0644340575066,4.57571150548674,2.41807947119028,0.0156026687488436
"x1",-23.6197970494986,9.4550594683946,-2.49811195037456,0.0124856756697251
