"","Estimate","Std. Error","z value","Pr(>|z|)"
"(Intercept)",3.85075961421265,1.24868828883167,3.08384378123351,0.00204344865482363
"x1",-8.28430969491672,2.42381774176016,-3.41787649796668,0.000631117377973498
