"","Estimate","Std. Error","z value","Pr(>|z|)"
"(Intercept)",8.73735534923546,2.9831988501645,2.92885449079389,0.00340213646137281
"x2",-17.4421033722418,5.99835205581514,-2.90781588175246,0.00363962555297547
