"","Estimate","Std. Error","z value","Pr(>|z|)"
"(Intercept)",8.48812028274179,2.98680460599172,2.84187330691606,0.00448493104745182
"x2",-19.8711070927218,6.77730427360297,-2.93200751958535,0.00336778592466675
