"","Estimate","Std. Error","z value","Pr(>|z|)"
"(Intercept)",1.63632643286944,0.835585799415793,1.95829851825329,0.0501949945794711
"x1",-1.35828391746797,1.38428405659893,-0.981217627258644,0.326485433339622
