"","Estimate","Std. Error","z value","Pr(>|z|)"
"(Intercept)",1.28526137638625,0.748431351872889,1.71727356579864,0.08592919955871
"x2",-1.31864043256702,1.30324252569076,-1.01181507399637,0.311626481187459
