"","Estimate","Std. Error","z value","Pr(>|z|)"
"(Intercept)",0.216701152516179,0.616614913412682,0.35143676839867,0.725260702142926
"x1",-1.31188993415507,1.12006873209447,-1.17125842063451,0.241494919060568
