"","Estimate","Std. Error","z value","Pr(>|z|)"
"(Intercept)",0.414105921899098,0.717930981135872,0.576804641086699,0.564071434011502
"x2",-0.534893456536236,1.15200820150124,-0.464313930959163,0.642422844500737
