"","Estimate","Std. Error","z value","Pr(>|z|)"
"(Intercept)",1.56543214506434,0.981482889412903,1.59496631265853,0.110719769175171
"x2",-5.24864323064078,2.02019010101001,-2.5980937279203,0.00937429023110808
