"","Estimate","Std. Error","z value","Pr(>|z|)"
"(Intercept)",-4.71346223379592,1.83337287501987,-2.57092395006926,0.0101427597413894
"x2",13.2245953397464,4.55419739668418,2.90382567724775,0.00368633349183386
