"","Estimate","Std. Error","z value","Pr(>|z|)"
"(Intercept)",15.0210259164356,6.667215344473,2.25296846439613,0.0242611374203635
"x1",-31.9829148284239,13.991801105062,-2.28583258068563,0.0222640548471949
