"","Estimate","Std. Error","z value","Pr(>|z|)"
"(Intercept)",-2.81599715094832,1.04734056768009,-2.68871199860603,0.00717282737613527
"x1",3.29407103325171,1.56934580619715,2.09900903946335,0.0358161038932768
