"","Estimate","Std. Error","z value","Pr(>|z|)"
"(Intercept)",3.5785133448217,1.24011130521231,2.88563883724054,0.00390620129251352
"x2",-8.90457169970595,2.7051941381663,-3.29165717686415,0.000995989431450426
