"","Estimate","Std. Error","z value","Pr(>|z|)"
"(Intercept)",-3.06045722609472,1.06084148666176,-2.88493357827221,0.0039149625164603
"x2",6.32345612562079,1.95202893607286,3.23942745354096,0.00119769930435583
