"","Estimate","Std. Error","z value","Pr(>|z|)"
"(Intercept)",1.13103370746608,0.733755208769302,1.54143192981637,0.12321169794831
"x2",-2.82302789019128,1.43279452316374,-1.97029500361139,0.0488045707340366
