"","Estimate","Std. Error","z value","Pr(>|z|)"
"(Intercept)",-0.809699431307798,0.694156050414673,-1.16645159373617,0.243431908948535
"x1",1.38008020563897,1.1902956493519,1.15944320756815,0.246275573331894
