"","Estimate","Std. Error","z value","Pr(>|z|)"
"(Intercept)",2.04053550167756,0.905892673201049,2.25251352841519,0.0242898387770191
"x2",-3.50070894893624,1.47893388879896,-2.36704897727318,0.0179305597939315
