"","Estimate","Std. Error","z value","Pr(>|z|)"
"(Intercept)",-0.193252444871169,0.687719001925688,-0.281004951630013,0.778706601946919
"x2",1.22149461569176,1.26473484313974,0.965810835620983,0.334138845470352
