"","Estimate","Std. Error","z value","Pr(>|z|)"
"(Intercept)",-0.0548587323888199,0.700513465069653,-0.0783121740327507,0.937579733726759
"x1",0.109648568466054,1.20920642427089,0.090678122663935,0.927748354587021
