"","Estimate","Std. Error","z value","Pr(>|z|)"
"(Intercept)",5.33567520648044,1.7247263711826,3.09363577645183,0.00197720056892491
"x1",-11.1437614640672,3.4259448557515,-3.25275564355888,0.00114291735836029
