"","Estimate","Std. Error","z value","Pr(>|z|)"
"(Intercept)",-0.00849156246293433,0.621282272415076,-0.0136678009979676,0.98909501212924
"x2",-0.242233911462828,1.06415036922139,-0.227631280755993,0.819932899751557
