"","Estimate","Std. Error","z value","Pr(>|z|)"
"(Intercept)",-0.151463186164734,0.702458018815742,-0.215618844269274,0.829284865700262
"x1",-1.27429687007201,1.22056735990812,-1.04402011058852,0.296476085332295
