"","Estimate","Std. Error","z value","Pr(>|z|)"
"(Intercept)",0.110256677234984,0.727443217338473,0.151567400186072,0.879528147171211
"x2",0.264163564279952,1.19537518772274,0.220987993554725,0.825101781638867
