"","Estimate","Std. Error","z value","Pr(>|z|)"
"(Intercept)",1.42734404282705,0.818610169320838,1.74361875324765,0.0812255910314921
"x1",-0.314642112586265,1.37097733076041,-0.22950205340868,0.818478724827494
