"","Estimate","Std. Error","z value","Pr(>|z|)"
"(Intercept)",2.0669687126717,0.859991951677885,2.40347448442854,0.0162401003015269
"x2",-2.04085594332501,1.49776190291607,-1.36260372182759,0.173007435244575
