"","Estimate","Std. Error","z value","Pr(>|z|)"
"(Intercept)",0.589559259757098,0.733255295742459,0.804030005893293,0.421379645992557
"x1",-1.43387810907772,1.28837075523292,-1.11293903812533,0.265734612394477
