"","Estimate","Std. Error","z value","Pr(>|z|)"
"(Intercept)",5.0668211009913,1.67942477718127,3.01699794467449,0.00255291542831399
"x1",-11.144571054342,3.46799494115733,-3.21354882098612,0.00131105507318307
