"","Estimate","Std. Error","z value","Pr(>|z|)"
"(Intercept)",-0.572991054043597,0.740161958082851,-0.774142804539353,0.438846346950851
"x2",0.602867789896563,1.20816948099471,0.498992731880804,0.617784504321846
