"","Estimate","Std. Error","z value","Pr(>|z|)"
"(Intercept)",5.1633244541976,2.14987583737023,2.40168495521745,0.0163197567093421
"x1",-16.3143179105606,5.99616823391619,-2.72079055725651,0.00651260097730452
