"","Estimate","Std. Error","z value","Pr(>|z|)"
"(Intercept)",1.91354015242947,0.835747625928215,2.28961482278123,0.0220436549605676
"x1",-3.73075316313451,1.45002796840538,-2.5728835887471,0.0100855124440434
