"","Estimate","Std. Error","z value","Pr(>|z|)"
"(Intercept)",-1.30391942770246,0.795618806910767,-1.6388745670371,0.101239385469119
"x2",1.92373343121004,1.27226806941077,1.51205039052892,0.130521043882539
