"","Estimate","Std. Error","z value","Pr(>|z|)"
"(Intercept)",-0.207620276475562,0.763754377732517,-0.271841684354017,0.785743752205222
"x2",-1.39760114997985,1.29896169203971,-1.07593715699595,0.281955362710061
