"","Estimate","Std. Error","z value","Pr(>|z|)"
"(Intercept)",1.9573838678478,0.926108140803378,2.11355864569964,0.0345529810832433
"x1",-5.85171913515517,2.03309156010492,-2.87823689300701,0.00399904712241701
