"","Estimate","Std. Error","z value","Pr(>|z|)"
"(Intercept)",0.43308123372263,0.677338844778908,0.6393863825483,0.522571605459689
"x2",-0.648242179217132,1.2106193960455,-0.535463235872994,0.592329573135554
