"","Estimate","Std. Error","z value","Pr(>|z|)"
"(Intercept)",1.76182221182348,0.813547004475272,2.16560592336006,0.0303413133681898
"x1",-3.43282310434464,1.40386691423138,-2.44526248859146,0.0144746751925636
