"","Estimate","Std. Error","z value","Pr(>|z|)"
"(Intercept)",-0.313748648308981,0.793833378607863,-0.395232370877625,0.692671404832854
"x1",2.65194802216707,1.5354905547384,1.72710148817482,0.0841494383969297
