"","Estimate","Std. Error","z value","Pr(>|z|)"
"(Intercept)",0.715982425753014,0.719344468016704,0.99532624158081,0.319577618878294
"x1",-1.71115762388335,1.27506542772669,-1.34201554420166,0.179590955668858
