"","Estimate","Std. Error","z value","Pr(>|z|)"
"(Intercept)",0.993695090593671,0.779979199706853,1.27400203873019,0.202662693646814
"x1",-3.47469582295722,1.50898832097714,-2.3026658156686,0.0212976529632395
