"","Estimate","Std. Error","z value","Pr(>|z|)"
"(Intercept)",-0.0223967723748182,0.668131413383593,-0.0335215077845166,0.973258714736755
"x2",-2.0426264585274,1.28550817964148,-1.58896418620773,0.112068478511142
