"","Estimate","Std. Error","z value","Pr(>|z|)"
"(Intercept)",0.587184307334678,0.677121170732808,0.867177593486263,0.385844711123387
"x1",-0.157070979141401,1.15025676343894,-0.136552971592016,0.891384151406009
