"","Estimate","Std. Error","z value","Pr(>|z|)"
"(Intercept)",-0.918515022374707,0.747144165552362,-1.22936785793629,0.21893391565528
"x1",2.40735017781979,1.36203269376991,1.76746871703688,0.0771497635671051
