"","Estimate","Std. Error","z value","Pr(>|z|)"
"(Intercept)",-3.04385207815024,1.03105142599027,-2.95218259867764,0.00315536278471014
"x1",4.60142195245555,1.62230000388039,2.83635698788719,0.00456314094945472
