"","Estimate","Std. Error","z value","Pr(>|z|)"
"(Intercept)",2.96291271915111,0.993609180546197,2.98196995072285,0.00286400108183667
"x2",-7.15782095165118,2.05258752574231,-3.48721838259374,0.000488072642304218
