"","Estimate","Std. Error","z value","Pr(>|z|)"
"(Intercept)",0.0948815112656364,0.621029502471694,0.152781004586752,0.878570978000592
"x2",-0.197283440106815,1.06203060622224,-0.185760597623994,0.852632505194774
