"","Estimate","Std. Error","z value","Pr(>|z|)"
"(Intercept)",-3.39625202174248,1.17388711871192,-2.89316746696148,0.00381377892306326
"x1",4.17202662359701,1.80530562471907,2.31098079265456,0.0208339158423193
