"","Estimate","Std. Error","z value","Pr(>|z|)"
"(Intercept)",1.47439591646202,0.710794766599742,2.07429202597418,0.0380521979344623
"x1",-2.57437058454219,1.23915416724426,-2.07752243634648,0.0377533666558546
