"","Estimate","Std. Error","z value","Pr(>|z|)"
"(Intercept)",2.39436911742237,0.932826094557325,2.56679045686283,0.0102644619452252
"x2",-3.776262665077,1.61935011628937,-2.3319618327691,0.0197026991176436
