"","Estimate","Std. Error","z value","Pr(>|z|)"
"(Intercept)",-3.3490289280404,1.13011777609121,-2.96343354550517,0.00304227744114893
"x1",5.65424502026309,1.84491245826822,3.06477686511511,0.00217832449484117
