"","Estimate","Std. Error","z value","Pr(>|z|)"
"(Intercept)",-0.237499586149619,0.682978414223439,-0.347740984493136,0.728034714125478
"x1",0.48011868185531,1.18119263182722,0.40646941821217,0.684397722871966
