"","Estimate","Std. Error","z value","Pr(>|z|)"
"(Intercept)",-2.50541889717162,0.959641295137247,-2.61078687408226,0.00903341712559758
"x2",5.90350714210191,1.90344382323581,3.10148745659647,0.00192551029906866
