"","Estimate","Std. Error","z value","Pr(>|z|)"
"(Intercept)",-6.56840707046075,2.41854976776246,-2.71584532103202,0.00661067955415253
"x1",19.2095245889487,6.97099257723488,2.75563693062608,0.00585779796134186
