"","Estimate","Std. Error","z value","Pr(>|z|)"
"(Intercept)",2.38083989893358,1.03523451230377,2.299807309974,0.0214591391379838
"x1",-8.46551789427991,2.81155383112065,-3.01097485688391,0.00260410414772461
