"","Estimate","Std. Error","z value","Pr(>|z|)"
"(Intercept)",-0.0211373291300775,0.677930452394971,-0.0311791999539248,0.975126627880925
"x1",-0.714675157017196,1.15751474368643,-0.617422076837756,0.536956364038358
