"","Estimate","Std. Error","z value","Pr(>|z|)"
"(Intercept)",18.1749638311072,8.4288974528037,2.15626823470983,0.0310627261469322
"x1",-37.3583296835161,16.964549938948,-2.202140924337,0.0276553554629253
