"","Estimate","Std. Error","z value","Pr(>|z|)"
"(Intercept)",1.10029306921709,0.723565215862022,1.52065500814083,0.12834643485243
"x1",-1.96107212207452,1.24664423186946,-1.57308081322745,0.115700107032066
