"","Estimate","Std. Error","z value","Pr(>|z|)"
"(Intercept)",-0.610502497007189,0.7158046504619,-0.852889816534775,0.393720409465461
"x2",2.25058985006323,1.26957940675415,1.77270506916709,0.0762775906911973
