"","Estimate","Std. Error","z value","Pr(>|z|)"
"(Intercept)",2.92603810539619,1.22876543352535,2.38128289221265,0.0172524571845618
"x2",-11.3831716320165,3.85792450225438,-2.95059471105894,0.00317162788671937
