"","Estimate","Std. Error","z value","Pr(>|z|)"
"(Intercept)",-15.0613894789196,6.993288276505,-2.15369206636605,0.0312643287335034
"x2",35.1318093632421,15.7525282521291,2.23023306487285,0.0257319742237053
