"","Estimate","Std. Error","z value","Pr(>|z|)"
"(Intercept)",-8.49071351725657,2.73819957588606,-3.10083808062421,0.00192973781850397
"x2",15.0661795585319,4.83081102704087,3.11876814766666,0.00181608806367649
