"","Estimate","Std. Error","z value","Pr(>|z|)"
"(Intercept)",0.199376669417706,0.743042136473197,0.268324849468208,0.788449280209759
"x2",-2.92617822166976,1.52875474718017,-1.91409264767103,0.0556083188034832
