"","Estimate","Std. Error","z value","Pr(>|z|)"
"(Intercept)",6.27399714372977,2.27564121510682,2.75702386741807,0.00583300937325745
"x1",-15.2456569097433,5.17674411718102,-2.94502810350327,0.00322925329693905
