"","Estimate","Std. Error","z value","Pr(>|z|)"
"(Intercept)",-0.033715173333875,0.666774835370655,-0.0505645557471181,0.959672507093546
"x2",0.0710728376587963,1.19228179588038,0.0596107714672574,0.952465639236541
