"","Estimate","Std. Error","z value","Pr(>|z|)"
"(Intercept)",1.54069588104605,0.818031425676329,1.88341894050371,0.0596436155225185
"x2",-3.88018075248158,1.59767303185502,-2.42864508264022,0.0151553601418027
