"","Estimate","Std. Error","z value","Pr(>|z|)"
"(Intercept)",-3.32530996781897,1.20592612099387,-2.75747403587078,0.00582498390783019
"x2",7.32898602430708,2.31940846272318,3.15985137680417,0.00157849636516093
