"","Estimate","Std. Error","z value","Pr(>|z|)"
"(Intercept)",0.896110610323404,0.73884287022473,1.21285681494204,0.225184568953904
"x1",-2.99386792860938,1.40747013158314,-2.12712714922186,0.0334095200563133
