"","Estimate","Std. Error","z value","Pr(>|z|)"
"(Intercept)",-0.0948827592747115,0.768504947458775,-0.123464083853281,0.901739613583353
"x2",-1.62337789880735,1.32312727216093,-1.2269249776373,0.219850789633524
