"","Estimate","Std. Error","z value","Pr(>|z|)"
"(Intercept)",-3.19357351865318,1.09264458366566,-2.92279261380606,0.0034690748925035
"x1",6.90370380777171,2.1310368721516,3.23959847808799,0.00119698124738954
