"","Estimate","Std. Error","z value","Pr(>|z|)"
"(Intercept)",-2.75720997443307,0.992531433026884,-2.77795733483675,0.00547018003466352
"x1",5.97232663608569,1.87536605031622,3.18461914946079,0.00144944627853365
