"","Estimate","Std. Error","z value","Pr(>|z|)"
"(Intercept)",-1.13555727803929,0.726357561206215,-1.5633585147149,0.117968292141678
"x2",0.928835573566988,1.15571645022312,0.803688113453497,0.4215771206256
