"","Estimate","Std. Error","z value","Pr(>|z|)"
"(Intercept)",-20.5117583173815,9.76384605522908,-2.10078673929894,0.0356596910248226
"x2",32.2411536732393,14.6263223178024,2.2043240243651,0.0275015645576909
