"","Estimate","Std. Error","z value","Pr(>|z|)"
"(Intercept)",2.55035251237478,0.933143523911223,2.73307636716495,0.00627457822170739
"x1",-6.48200450979806,1.97028919157627,-3.28987467297241,0.00100232015223635
