"","Estimate","Std. Error","z value","Pr(>|z|)"
"(Intercept)",2.65037376234771,0.992398731793273,2.67067427379564,0.00756990645390819
"x1",-3.21266052962813,1.58101095621491,-2.03202926393346,0.0421506934785433
