"","Estimate","Std. Error","z value","Pr(>|z|)"
"(Intercept)",0.97899637240885,0.771846653641447,1.26838196135217,0.204661580274917
"x1",0.233340833400036,1.32673272575771,0.175876292843212,0.860391130584478
