"","Estimate","Std. Error","z value","Pr(>|z|)"
"(Intercept)",0.446431257137355,0.66398029347849,0.672356185149067,0.501356969098395
"x2",-0.883623344227791,1.11022244275644,-0.795897569890542,0.42609157384222
