"","Estimate","Std. Error","z value","Pr(>|z|)"
"(Intercept)",0.362155154106038,0.640601240894089,0.565336329352995,0.5718450228014
"x1",1.2996081229977,1.20006301324871,1.08294990233848,0.278830660219348
