"","Estimate","Std. Error","z value","Pr(>|z|)"
"(Intercept)",2.5136985713706,0.930002828105325,2.70289347021847,0.00687387731218773
"x1",-4.58116014786742,1.59202459987651,-2.87756869348801,0.00400752646862923
