"","Estimate","Std. Error","z value","Pr(>|z|)"
"(Intercept)",3.07724347231493,1.06300015785196,2.89486643024892,0.00379319899987437
"x1",-6.44693854010519,2.01430520979616,-3.20057680869405,0.00137152808707781
