"","Estimate","Std. Error","z value","Pr(>|z|)"
"(Intercept)",-2.12475657370676,0.919677038249979,-2.31032904523732,0.0208699440701252
"x2",3.65251028428035,1.50283077437991,2.43042020868079,0.015081326355472
