"","Estimate","Std. Error","z value","Pr(>|z|)"
"(Intercept)",-0.657957147639298,0.787934574576691,-0.835040330591887,0.403695001011093
"x1",6.45209155026516,2.57233446700505,2.50826307116169,0.0121326302203325
