"","Estimate","Std. Error","z value","Pr(>|z|)"
"(Intercept)",-1.16124545839684,0.793955417472689,-1.46260789062099,0.143574702894632
"x2",2.40109479294042,1.32084278816248,1.81785055304026,0.0690869775910452
