"","Estimate","Std. Error","z value","Pr(>|z|)"
"(Intercept)",5.20196740266424,1.73144478031093,3.00440849273291,0.00266097790653632
"x1",-11.668076609662,3.7049477148924,-3.14932288052568,0.00163649275741268
