"","Estimate","Std. Error","z value","Pr(>|z|)"
"(Intercept)",1.0331594566365,0.729791167552479,1.41569191649912,0.156865726129977
"x2",-2.9185193913428,1.45025126014832,-2.01242327556696,0.0441753369719192
