"","Estimate","Std. Error","z value","Pr(>|z|)"
"(Intercept)",2.70898240213961,0.986513160085131,2.74601750057327,0.00603235456713674
"x1",-5.14969790943864,1.76682756968564,-2.91465788614273,0.00356078644734254
