"","Estimate","Std. Error","z value","Pr(>|z|)"
"(Intercept)",-0.970560854900697,0.77270305711499,-1.25605929207067,0.209094473824672
"x1",2.20245709163301,1.37600049917829,1.60062230569557,0.10946059877996
