"","Estimate","Std. Error","z value","Pr(>|z|)"
"(Intercept)",-2.34440297789855,0.931857825018853,-2.5158376256068,0.0118749877949924
"x2",1.93301336652773,1.38639263247648,1.39427556180448,0.163234407709531
