"","Estimate","Std. Error","z value","Pr(>|z|)"
"(Intercept)",0.892351487779476,0.697453847073914,1.27944163118926,0.200741581532399
"x1",-1.55080797434978,1.197783459748,-1.29473149902742,0.195412869808378
