"","Estimate","Std. Error","z value","Pr(>|z|)"
"(Intercept)",-1.5010396187766,0.802681987708946,-1.87003027570227,0.0614796136934091
"x1",3.2585204879245,1.42617541194462,2.2847964287096,0.0223247671737371
