"","Estimate","Std. Error","z value","Pr(>|z|)"
"(Intercept)",4.04497224639123,1.30317928406322,3.10392614113639,0.001909709980615
"x1",-6.52273903928655,2.0921228251468,-3.11776104198321,0.00182230487925242
