"","Estimate","Std. Error","z value","Pr(>|z|)"
"(Intercept)",-1.00483241759629,0.727073711757821,-1.3820227596552,0.166964712924324
"x2",1.84294622451816,1.31237859152669,1.40427940261831,0.160235665292418
