"","Estimate","Std. Error","z value","Pr(>|z|)"
"(Intercept)",-0.310215162629226,0.667891593017749,-0.464469332856212,0.64231152621935
"x1",0.884950399330032,1.15362827547423,0.767101863003701,0.44302095435879
