"","Estimate","Std. Error","z value","Pr(>|z|)"
"(Intercept)",-5.79605528847565,1.84933312995694,-3.13413262034115,0.00172362935926833
"x2",13.0035455904212,3.93740936641301,3.30256378758692,0.000958052951614058
