"","Estimate","Std. Error","z value","Pr(>|z|)"
"(Intercept)",1.72626768757101,0.791542185559697,2.18089157983459,0.0291914366591839
"x1",-5.43012212703218,1.77739412161139,-3.05510300782879,0.00224983236039647
