"","Estimate","Std. Error","z value","Pr(>|z|)"
"(Intercept)",-1.02535291586528,0.802547747830382,-1.27762232046285,0.201382626569323
"x2",-2.16551365449612,1.63864700513849,-1.32152540950276,0.186326235883278
