"","Estimate","Std. Error","z value","Pr(>|z|)"
"(Intercept)",-1.97126819666667,1.17496187271286,-1.67772950122647,0.0933999174957656
"x2",8.3094753441691,3.08140574182649,2.69665082769779,0.00700406704678295
