"","Estimate","Std. Error","z value","Pr(>|z|)"
"(Intercept)",2.18066035944679,0.950557022766284,2.29408684299727,0.0217855109508805
"x1",-5.78032452197943,1.9244935489723,-3.00355619537732,0.00266844263759495
