"","Estimate","Std. Error","z value","Pr(>|z|)"
"(Intercept)",-0.0848413012060105,0.6589142005658,-0.128759254441866,0.897548147318667
"x1",0.686518251713216,1.13937826065204,0.602537607940966,0.546816337333824
