"","Estimate","Std. Error","z value","Pr(>|z|)"
"(Intercept)",0.944312656626281,0.720363731217543,1.31088312154504,0.189897254077819
"x2",-1.71694662965276,1.29860908168752,-1.32214278635848,0.186120608524509
