"","Estimate","Std. Error","z value","Pr(>|z|)"
"(Intercept)",-0.926525325848721,0.723061822099922,-1.28139157334832,0.200056162484431
"x1",1.83587413331236,1.23810502785202,1.48280969062649,0.138124980657965
