"","Estimate","Std. Error","z value","Pr(>|z|)"
"(Intercept)",-13.7233910209827,4.89106025988411,-2.8058110699515,0.00501901106485783
"x1",23.967390818452,8.48259066346997,2.82548006491305,0.00472098255548529
