"","Estimate","Std. Error","z value","Pr(>|z|)"
"(Intercept)",-0.0858617144680383,0.627315824235666,-0.136871590275367,0.891132295138664
"x2",-0.614119979095026,1.08701900665821,-0.564957903526452,0.57210239752682
