"","Estimate","Std. Error","z value","Pr(>|z|)"
"(Intercept)",-0.589788347572455,0.695988438215117,-0.847411128100036,0.396766003975239
"x1",0.425109866990896,1.19319638380758,0.356278205968357,0.721632229037981
