"","Estimate","Std. Error","z value","Pr(>|z|)"
"(Intercept)",0.443069059694932,0.667127534836707,0.664144464976074,0.506597853521289
"x1",-0.388642290345168,1.1357044904648,-0.342203710215244,0.732197593256546
