"","Estimate","Std. Error","z value","Pr(>|z|)"
"(Intercept)",3.93111374632457,1.32243452271197,2.97263394051667,0.00295256353933157
"x2",-9.11175622303072,2.7553618245774,-3.30691822095932,0.000943284257112505
