"","Estimate","Std. Error","z value","Pr(>|z|)"
"(Intercept)",-1.15685376501444,0.760482833289473,-1.52120957156976,0.128207254256841
"x1",1.20696931141545,1.21887997519112,0.990228189798747,0.322062596849995
