"","Estimate","Std. Error","z value","Pr(>|z|)"
"(Intercept)",-0.979746183802959,0.735456228859317,-1.33216110674939,0.182807253950967
"x1",2.2074115160421,1.28188690955342,1.72200176130288,0.0850691994359329
