"","Estimate","Std. Error","z value","Pr(>|z|)"
"(Intercept)",3.39622030276351,1.14043385194545,2.97800727062769,0.00290129102278027
"x1",-5.12420990687631,1.84357044405785,-2.77950317732232,0.00544421209369909
