"","Estimate","Std. Error","z value","Pr(>|z|)"
"(Intercept)",3.32316709120229,1.09422689023893,3.03700002334676,0.00238945437260647
"x1",-6.12844324721297,1.91196114154816,-3.20531788750195,0.00134913389938881
