"","Estimate","Std. Error","z value","Pr(>|z|)"
"(Intercept)",2.73017560409154,1.00355874709878,2.72049405377045,0.00651844442142275
"x1",-6.1357252730534,1.96132362384287,-3.12835943974994,0.0017578506662406
