"","Estimate","Std. Error","z value","Pr(>|z|)"
"(Intercept)",2.32271337224209,0.899464236248208,2.58232987887373,0.00981357317685082
"x2",-4.41175313377061,1.59161282400701,-2.77187584017053,0.00557342905222281
