"","Estimate","Std. Error","z value","Pr(>|z|)"
"(Intercept)",-1.06387257821129,0.751106366363185,-1.41640735034972,0.156656273096706
"x1",1.28238001311328,1.21240448709874,1.05771632055074,0.290184792363991
