"","Estimate","Std. Error","z value","Pr(>|z|)"
"(Intercept)",-6.68145717687639,2.32564019652523,-2.87295394483602,0.00406653393302711
"x2",11.3904816490212,3.89193783104988,2.92668643320762,0.00342594102033533
