"","Estimate","Std. Error","z value","Pr(>|z|)"
"(Intercept)",1.83489410029626,0.885667292786601,2.07176455000735,0.038287404193168
"x2",-2.66585092003824,1.43395853759149,-1.85908507823097,0.0630150799986021
