"","Estimate","Std. Error","z value","Pr(>|z|)"
"(Intercept)",-2.18947788334225,0.938159105863118,-2.33380230459726,0.0196060760848775
"x1",5.3797819688691,1.82263630554197,2.95164863802567,0.00316082376318119
