"","Estimate","Std. Error","z value","Pr(>|z|)"
"(Intercept)",-0.260049261412924,0.655571761618487,-0.396675507759684,0.69160676351913
"x2",0.0185365451867567,1.08918692967506,0.0170186996205388,0.98642169779216
