"","Estimate","Std. Error","z value","Pr(>|z|)"
"(Intercept)",2.95322856455982,1.03660276559021,2.84894914676244,0.00438638909723047
"x1",-5.99613604130447,1.92790775598531,-3.11017787167933,0.00186974713167572
