"","Estimate","Std. Error","z value","Pr(>|z|)"
"(Intercept)",-1.51627880980817,0.778020012696155,-1.94889435369875,0.0513080425121665
"x2",1.08579942419215,1.2138137394174,0.894535453778357,0.371035469276611
