"","Estimate","Std. Error","z value","Pr(>|z|)"
"(Intercept)",-0.0986165222905988,0.703426824044583,-0.140194429498112,0.888506373056509
"x1",0.666263260049803,1.16174276912779,0.573503255415152,0.56630399553647
