"","Estimate","Std. Error","z value","Pr(>|z|)"
"(Intercept)",1.13681748286321,0.834545200086958,1.36220001354601,0.173134771563978
"x1",-5.45845510111668,2.02832674785327,-2.69111232048474,0.00712142139373778
