"","Estimate","Std. Error","z value","Pr(>|z|)"
"(Intercept)",2.63835459079933,0.962292747564822,2.74173799758541,0.00611150681896108
"x1",-4.99276710603491,1.68976777938987,-2.95470606489944,0.0031296707064319
