"","Estimate","Std. Error","z value","Pr(>|z|)"
"(Intercept)",8.95718894814391,3.14907469944987,2.8443875750895,0.00444968856593168
"x2",-16.4873979590208,5.85618183324553,-2.81538354315125,0.00487190508725208
