"","Estimate","Std. Error","z value","Pr(>|z|)"
"(Intercept)",2.43285560048102,0.957113426035228,2.54186759301763,0.0110261934409128
"x1",-4.80486805565841,1.69686517592941,-2.83161451116863,0.00463136467697258
