"","Estimate","Std. Error","z value","Pr(>|z|)"
"(Intercept)",1.56587926529902,0.731913247089629,2.13943287886313,0.0324006265206955
"x1",-3.38854422655582,1.34682315985445,-2.51595333935454,0.0118710897971
