"","Estimate","Std. Error","z value","Pr(>|z|)"
"(Intercept)",-2.72291615852716,1.0774865357643,-2.52709993874373,0.0115008770499391
"x1",7.25595262697947,2.32684514841411,3.11836506693403,0.00181857391885191
