"","Estimate","Std. Error","z value","Pr(>|z|)"
"(Intercept)",-16.8831504962532,7.40378459113152,-2.28034058641798,0.0225874964207908
"x2",32.7791052373844,13.6769993392041,2.39665912269407,0.016545307825423
