"","Estimate","Std. Error","z value","Pr(>|z|)"
"(Intercept)",-18.8796652179832,7.22965438899009,-2.61142015954935,0.00901670391848108
"x1",27.1020045003363,10.403921461286,2.60497972819052,0.00918796959258348
