"","Estimate","Std. Error","z value","Pr(>|z|)"
"(Intercept)",-11.8911290946557,4.90211534558666,-2.42571385133996,0.0152783114204903
"x2",22.0738392136809,9.15928639697236,2.40999552333875,0.0159527162633436
