"","Estimate","Std. Error","z value","Pr(>|z|)"
"(Intercept)",0.639537216104401,0.696442062783381,0.918292059426227,0.35846598332531
"x1",-1.83173567849959,1.23870442672595,-1.47875121698007,0.139206818222005
