"","Estimate","Std. Error","z value","Pr(>|z|)"
"(Intercept)",-14.5838856460943,6.65622406435264,-2.19101483139641,0.0284507191938672
"x1",32.2747469127328,14.2930863454929,2.25806702153662,0.0239414812996658
