"","Estimate","Std. Error","z value","Pr(>|z|)"
"(Intercept)",-0.267897394743478,0.717429276361236,-0.373412967062397,0.708841110010623
"x2",0.729589848637203,1.16066800081019,0.628594781735969,0.529614377477515
