"","Estimate","Std. Error","z value","Pr(>|z|)"
"(Intercept)",1.36134362561835,0.765333233454874,1.77875932484071,0.0752792283886967
"x2",-0.505349303794092,1.20799386462037,-0.418337641104582,0.675700272481341
