"","Estimate","Std. Error","z value","Pr(>|z|)"
"(Intercept)",3.96880832405391,1.26125719407055,3.14670817555068,0.00165119671752577
"x1",-6.82500055788277,2.13444971973287,-3.19754571624997,0.0013860243962597
