"","Estimate","Std. Error","z value","Pr(>|z|)"
"(Intercept)",2.37841324956548,0.874549753356205,2.71958598174432,0.00653636991133767
"x2",-5.3289001022649,1.64300043022759,-3.24339543935891,0.00118114154730763
