"","Estimate","Std. Error","z value","Pr(>|z|)"
"(Intercept)",1.19007950258658,0.74918524117646,1.58849832748678,0.112173698950524
"x2",-2.22796823264789,1.35755226586774,-1.64116571322121,0.100763020893937
