"","Estimate","Std. Error","z value","Pr(>|z|)"
"(Intercept)",0.380463694687911,0.607538172208053,0.626238337099285,0.531158624937514
"x1",-0.549626450383484,1.05747449175139,-0.519753861365668,0.603235141013837
