"","Estimate","Std. Error","z value","Pr(>|z|)"
"(Intercept)",-2.82501683186802,0.964863661919605,-2.92789224360219,0.00341268297163579
"x2",5.4442218316235,1.67157773877044,3.25693607024707,0.00112621794724744
