"","Estimate","Std. Error","z value","Pr(>|z|)"
"(Intercept)",-0.00202557332606748,0.665824650550943,-0.00304220236422818,0.997572677446888
"x1",0.24662747519387,1.09737887369314,0.224742321094504,0.822179739205382
