"","Estimate","Std. Error","z value","Pr(>|z|)"
"(Intercept)",-5.91607749584782,2.0390743307093,-2.9013545052033,0.00371553276293819
"x2",9.04329984327664,2.96601918237193,3.04896876494396,0.00229628355107626
