"","Estimate","Std. Error","z value","Pr(>|z|)"
"(Intercept)",2.10940151551031,0.990068918857211,2.13056028255598,0.0331253845582551
"x2",-5.59416784809619,1.94970660798119,-2.86923572254219,0.00411465023330431
