"","Estimate","Std. Error","z value","Pr(>|z|)"
"(Intercept)",-7.75987803035519,2.53213225950652,-3.0645626827832,0.00217988488504752
"x2",14.4467437195061,4.6736976279994,3.09107367857045,0.00199434140679328
