"","Estimate","Std. Error","z value","Pr(>|z|)"
"(Intercept)",-2.82766242775987,0.980504508986281,-2.88388518547795,0.00392801937872767
"x1",6.13647874192457,1.88511635676985,3.25522545061326,0.00113302384669365
