"","Estimate","Std. Error","z value","Pr(>|z|)"
"(Intercept)",3.89883883619614,1.339015936445,2.91171951735489,0.00359445239956977
"x1",-8.59995974409826,2.62235660334903,-3.27947760160277,0.00103999465404526
