"","Estimate","Std. Error","z value","Pr(>|z|)"
"(Intercept)",-1.24879406853239,0.756643853432208,-1.65043839696542,0.0988533032270621
"x2",2.34979840735551,1.37271458317737,1.71178949808817,0.0869354681238966
