"","Estimate","Std. Error","z value","Pr(>|z|)"
"(Intercept)",-5.71211421639606,1.93959595420618,-2.94500212995849,0.00322952439630544
"x2",13.2864618030646,4.44379102119187,2.98989348052219,0.00279074748747868
