"","Estimate","Std. Error","z value","Pr(>|z|)"
"(Intercept)",-1.04713784397672,0.737739693318493,-1.41938661218904,0.155786333360789
"x2",3.02539725912863,1.38975984241002,2.1769209087825,0.0294864690910063
