"","Estimate","Std. Error","z value","Pr(>|z|)"
"(Intercept)",-0.82713781522107,0.712282341898958,-1.16124992375342,0.245540277557461
"x1",0.636251530378305,1.21337198633146,0.524366424761432,0.6000237044664
