"","Estimate","Std. Error","z value","Pr(>|z|)"
"(Intercept)",-0.505642953968853,0.734557947012715,-0.688363601571791,0.491223839016029
"x1",1.52601683046693,1.30184133061538,1.17219878842346,0.241117254738834
