"","Estimate","Std. Error","z value","Pr(>|z|)"
"(Intercept)",1.43842928745042,0.798137804435945,1.80223174426248,0.0715089522512463
"x1",-3.20154226156801,1.45925252389393,-2.19396040722607,0.0282382560254793
