"","Estimate","Std. Error","z value","Pr(>|z|)"
"(Intercept)",-0.407059273397908,0.732024027659956,-0.556073650613826,0.578160507086973
"x2",0.293099553450935,1.19644482473648,0.244975403287394,0.806475476499133
