"","Estimate","Std. Error","z value","Pr(>|z|)"
"(Intercept)",4.28738159594459,1.9520769034653,2.19631797719326,0.0280691918824034
"x1",-18.8265836087757,7.3936034776326,-2.54633395822898,0.010886098684849
