"","Estimate","Std. Error","z value","Pr(>|z|)"
"(Intercept)",-0.180403710358461,0.722356374678762,-0.249743363085413,0.802785821623773
"x1",-1.99309579278103,1.38097889116973,-1.44324855761758,0.148950465332859
