"","Estimate","Std. Error","z value","Pr(>|z|)"
"(Intercept)",-1.83837291563138,0.933865336521736,-1.96856317901098,0.0490032743501528
"x1",4.96805391965632,1.85837316415723,2.67333494449664,0.00751012235889474
