"","Estimate","Std. Error","z value","Pr(>|z|)"
"(Intercept)",-0.593578368745031,0.822502694058459,-0.721673464455355,0.470495260241149
"x2",2.73122468597011,1.5006513242643,1.8200261725082,0.0687550192657967
