"","Estimate","Std. Error","z value","Pr(>|z|)"
"(Intercept)",-1.49419143385968,0.810069180790064,-1.84452324479545,0.065106921419714
"x1",3.54830786909092,1.47579616921952,2.4043346521,0.0162019338252827
