"","Estimate","Std. Error","z value","Pr(>|z|)"
"(Intercept)",0.620266722685492,0.716598965399802,0.8655702179802,0.386725893623581
"x2",-2.27102642958554,1.27210694386237,-1.78524804108863,0.0742210926661645
