"","Estimate","Std. Error","z value","Pr(>|z|)"
"(Intercept)",0.0621776680533991,0.693269163096714,0.0896876298026327,0.928535446310728
"x2",-1.40859022904274,1.19587424329536,-1.17787487851667,0.238846491484764
