"","Estimate","Std. Error","z value","Pr(>|z|)"
"(Intercept)",-2.88855745664991,0.974231742347128,-2.9649592916063,0.00302722984860168
"x2",6.44338815862035,1.86513470925079,3.45465028700721,0.000551007026260438
