"","Estimate","Std. Error","z value","Pr(>|z|)"
"(Intercept)",2.72596222684828,1.01350562575203,2.68963699616921,0.00715297804652194
"x1",-3.70179457295093,1.56135836503209,-2.37088080216284,0.0177457530621852
