"","Estimate","Std. Error","z value","Pr(>|z|)"
"(Intercept)",-3.55059785817047,1.45418631753281,-2.44163888448246,0.0146207633354128
"x2",11.947380101046,4.20436615322652,2.84166023263158,0.00448792930209024
