"","Estimate","Std. Error","z value","Pr(>|z|)"
"(Intercept)",1.35152487650111,0.798348136726254,1.69290164819979,0.0904741895626351
"x2",-1.27946285995918,1.24700555112145,-1.02602819915961,0.304878292251615
