"","Estimate","Std. Error","z value","Pr(>|z|)"
"(Intercept)",0.545957738603649,0.642836470450376,0.849294904225248,0.395717215646205
"x2",0.20669658827539,1.10185726699941,0.18758925903195,0.851198646817647
