"","Estimate","Std. Error","z value","Pr(>|z|)"
"(Intercept)",-1.74735445440399,0.794297680667403,-2.19987354480979,0.0278158681678577
"x2",2.15106789952931,1.30223278502465,1.65183055154658,0.0985690986998721
