"","Estimate","Std. Error","z value","Pr(>|z|)"
"(Intercept)",0.537157727261628,0.718241433471202,0.747879058808385,0.45453310987776
"x1",-0.0552842991986879,1.23504514705478,-0.0447629783660335,0.964296234480859
