"","Estimate","Std. Error","z value","Pr(>|z|)"
"(Intercept)",2.19316379045586,0.947912746826464,2.31367686297963,0.0206854539635655
"x2",-6.24859159531419,2.05141965141289,-3.04598407790944,0.00231920116147518
