"","Estimate","Std. Error","z value","Pr(>|z|)"
"(Intercept)",-1.1475791229849,0.773120450858438,-1.48434713078755,0.13771685284412
"x1",0.419946348896213,1.30570113378912,0.321625169825454,0.747736673439618
