"","Estimate","Std. Error","z value","Pr(>|z|)"
"(Intercept)",-4.61937978406804,1.42334301734171,-3.24544380924802,0.00117267705072577
"x1",8.90097825407059,2.60746721911782,3.41364914918548,0.000640990627843707
