"","Estimate","Std. Error","z value","Pr(>|z|)"
"(Intercept)",-3.52666117704968,1.15885463051823,-3.04322999984267,0.00234053369442195
"x2",7.561082447683,2.30034794687412,3.28692990030379,0.00101286043420083
