"","Estimate","Std. Error","z value","Pr(>|z|)"
"(Intercept)",11.7095311814872,4.76245271744403,2.45871862172977,0.0139433852535242
"x2",-27.9642366800387,11.5786638966019,-2.41515229475186,0.0157286316939055
