"","Estimate","Std. Error","z value","Pr(>|z|)"
"(Intercept)",2.09036894881713,0.941947989767949,2.21919784481105,0.0264732676392756
"x2",-3.92163548890481,1.61028694473939,-2.43536439372891,0.0148767996389396
