"","Estimate","Std. Error","z value","Pr(>|z|)"
"(Intercept)",22.5871785380647,11.1809587854422,2.02014683816503,0.0433681586891332
"x2",-44.6907638271301,22.2797684148703,-2.00588996236164,0.0448679894259878
