"","Estimate","Std. Error","z value","Pr(>|z|)"
"(Intercept)",-5.12595564141831,1.69194387851992,-3.02962509956442,0.00244857474238667
"x1",10.986831078274,3.38001647067226,3.25052589938677,0.00115191775739905
