"","Estimate","Std. Error","z value","Pr(>|z|)"
"(Intercept)",4.74234523482376,1.68269483031403,2.81830380018385,0.00482781063865549
"x1",-12.6442904960369,3.98702779900455,-3.17135749572497,0.00151728291503659
