"","Estimate","Std. Error","z value","Pr(>|z|)"
"(Intercept)",7.56228420117181,2.4330517876751,3.10814765204728,0.00188263985224648
"x1",-14.3731993413106,4.48901307964788,-3.20186176477748,0.00136542504930286
