"","Estimate","Std. Error","z value","Pr(>|z|)"
"(Intercept)",-3.00903528867055,1.07705893759993,-2.79375174711956,0.0052100458317384
"x1",6.46968940724365,2.02075194800746,3.20162472866747,0.00136654899029556
