"","Estimate","Std. Error","z value","Pr(>|z|)"
"(Intercept)",5.70330648396121,2.02307062083748,2.81913366009944,0.00481534621951111
"x2",-13.1062138482088,4.37378734174881,-2.99653659955229,0.00273065456870552
