"","Estimate","Std. Error","z value","Pr(>|z|)"
"(Intercept)",0.354735409875193,0.674693004050207,0.525773066781044,0.599045889882267
"x2",-0.929990007481613,1.11533051267464,-0.833824590032451,0.404379836431542
