"","Estimate","Std. Error","z value","Pr(>|z|)"
"(Intercept)",-2.39444039868011,1.05943213824042,-2.26011682320396,0.0238140012946734
"x2",5.82913354385929,2.05152340878506,2.84136828217396,0.00449204040424665
