"","Estimate","Std. Error","z value","Pr(>|z|)"
"(Intercept)",-0.549507456817944,0.715994992389818,-0.767473882720634,0.442799815646855
"x1",0.340609068419592,1.22899355731754,0.277144714381597,0.781668988876547
