"","Estimate","Std. Error","z value","Pr(>|z|)"
"(Intercept)",-3.14339646745908,1.08854177104337,-2.88771322431304,0.00388053491901304
"x1",5.96268598250826,1.89146495001955,3.15241685152381,0.0016192493065791
