"","Estimate","Std. Error","z value","Pr(>|z|)"
"(Intercept)",-11.4475890102857,4.69107788324918,-2.44028969358248,0.0146754880841307
"x2",23.7166081662192,9.72923870808048,2.43766330314434,0.0147825355792265
