"","Estimate","Std. Error","z value","Pr(>|z|)"
"(Intercept)",1.15522372414185,0.779507868440305,1.48199110094078,0.138342662852989
"x1",-3.96015333664106,1.58285580713463,-2.50190403875761,0.0123527401791335
