"","Estimate","Std. Error","z value","Pr(>|z|)"
"(Intercept)",-0.210338831753841,0.708134139622286,-0.297032468828624,0.766441720636164
"x1",-0.337257503796415,1.22727345727632,-0.274802247043531,0.7834681716498
