"","Estimate","Std. Error","z value","Pr(>|z|)"
"(Intercept)",0.857248510503965,0.775974115780016,1.10473853840118,0.269272899196172
"x1",-4.1234931855473,1.67897493133384,-2.45595875709201,0.0140509282185527
