"","Estimate","Std. Error","z value","Pr(>|z|)"
"(Intercept)",-0.589559259757099,0.73325529574246,-0.804030005893294,0.421379645992557
"x1",1.43387810907773,1.28837075523292,1.11293903812533,0.265734612394476
