"","Estimate","Std. Error","z value","Pr(>|z|)"
"(Intercept)",1.83518716406687,0.808396060666564,2.27015846978975,0.0231979697899196
"x2",-2.59205026141145,1.33973717266739,-1.93474534729132,0.0530215526786189
