"","Estimate","Std. Error","z value","Pr(>|z|)"
"(Intercept)",-0.0679347478260007,0.713547021015249,-0.0952071073456965,0.924150324788169
"x1",-0.848754943483444,1.19200199378667,-0.712041546832632,0.476439048966586
