"","Estimate","Std. Error","z value","Pr(>|z|)"
"(Intercept)",6.32884292815107,2.08522334331912,3.03509115626782,0.00240462996958766
"x1",-12.6267445309152,4.0729150856847,-3.10017377364315,0.00193407135810176
