"","Estimate","Std. Error","z value","Pr(>|z|)"
"(Intercept)",3.43062051344075,1.31206909121428,2.61466452979683,0.00893151319082368
"x2",-8.05047078930305,2.65660036228023,-3.03036576506115,0.00244257736796901
