"","Estimate","Std. Error","z value","Pr(>|z|)"
"(Intercept)",-2.80871460644246,1.02528993117697,-2.73943449656064,0.00615449774311572
"x1",1.11131454383859,1.54966404953774,0.71713255796964,0.473292308156784
