"","Estimate","Std. Error","z value","Pr(>|z|)"
"(Intercept)",-1.24408861169871,0.725533463620597,-1.71472257873591,0.0863961019059758
"x2",1.72761496851965,1.22275344545909,1.41288906192451,0.157688345702161
