"","Estimate","Std. Error","z value","Pr(>|z|)"
"(Intercept)",-1.66617993228538,0.802548434622248,-2.07611137272934,0.0378836515742423
"x1",3.6943609454316,1.4626722786911,2.52576123801127,0.0115447912666307
