"","Estimate","Std. Error","z value","Pr(>|z|)"
"(Intercept)",-1.26618912030509,0.733583237820328,-1.72603333204188,0.0843414163296045
"x1",1.76591070047083,1.23492392761587,1.42997528915006,0.152724111437613
