"","Estimate","Std. Error","z value","Pr(>|z|)"
"(Intercept)",-0.232746753165037,0.665540418319382,-0.34971092176906,0.726555656252535
"x1",-0.568408188186719,1.15353918315932,-0.492751521998549,0.622188168205483
