"","Estimate","Std. Error","z value","Pr(>|z|)"
"(Intercept)",-8.51263879897744,2.88645605116364,-2.94916626066268,0.00318632509199551
"x1",14.5149104610043,4.93843687153405,2.93917100462913,0.00329091446618176
