"","Estimate","Std. Error","z value","Pr(>|z|)"
"(Intercept)",-0.287132242175052,0.6468093643343,-0.443920972712834,0.657099720883078
"x2",1.71444094359981,1.17632284992371,1.4574578260645,0.144990044860862
