"","Estimate","Std. Error","z value","Pr(>|z|)"
"(Intercept)",0.620048922290174,0.690230800131351,0.898321144423255,0.369014363003364
"x1",-0.977787184349533,1.16208671685167,-0.841406385745944,0.400120309296408
