"","Estimate","Std. Error","z value","Pr(>|z|)"
"(Intercept)",-0.886009278895035,0.698278362260141,-1.26884825132954,0.204495191974074
"x1",0.483864985329485,1.17383761034184,0.412207771387201,0.680187141511692
