"","Estimate","Std. Error","z value","Pr(>|z|)"
"(Intercept)",2.26181313372437,0.910197615906716,2.4849693013876,0.0129562606929959
"x2",-5.06871293079523,1.69216751973936,-2.99539665645867,0.00274088160349353
