"","Estimate","Std. Error","z value","Pr(>|z|)"
"(Intercept)",0.0213814410674483,0.724816596535114,0.029499105249051,0.976466532540063
"x2",0.194432940410331,1.18938516946516,0.163473486471807,0.870145647055221
