"","Estimate","Std. Error","z value","Pr(>|z|)"
"(Intercept)",0.919586346499905,0.844095005026395,1.08943465015665,0.275962258271794
"x2",-4.88537183785081,1.9872789621542,-2.4583221233093,0.0139587906755453
