"","Estimate","Std. Error","z value","Pr(>|z|)"
"(Intercept)",-0.913760243323892,0.797204377876949,-1.14620575185167,0.25171002852207
"x2",2.74013742359438,1.39515352325921,1.96404007007999,0.0495254452373212
