"","Estimate","Std. Error","z value","Pr(>|z|)"
"(Intercept)",-0.214743406831995,0.680120378919884,-0.315743232356946,0.752197409334532
"x1",-0.887941212774771,1.19534868789483,-0.742830290246566,0.457584434333978
