"","Estimate","Std. Error","z value","Pr(>|z|)"
"(Intercept)",-1.38539725467671,0.774760316545275,-1.78816238401874,0.0737498131698855
"x2",2.63286977069999,1.40938498843739,1.86809834949293,0.0617483635787816
