"","Estimate","Std. Error","z value","Pr(>|z|)"
"(Intercept)",2.66344206387814,0.962656400518443,2.76676295139546,0.00566159059060451
"x2",-4.74937524267686,1.66300891745058,-2.85589282946102,0.00429159967738808
