"","Estimate","Std. Error","z value","Pr(>|z|)"
"(Intercept)",-12.4917914396948,4.29946501817867,-2.90542925384391,0.00366749747410764
"x2",23.0457926847486,8.04917900447614,2.86312339083686,0.00419487167674887
