"","Estimate","Std. Error","z value","Pr(>|z|)"
"(Intercept)",-3.72063788392012,1.27880257974141,-2.90947011122897,0.00362042002671388
"x1",7.8017918738121,2.45657616639329,3.17588030875777,0.00149382571834853
