"","Estimate","Std. Error","z value","Pr(>|z|)"
"(Intercept)",16.921814917344,7.59035244972705,2.22938460755567,0.0257883254962455
"x1",-29.1775492370845,13.0396138283363,-2.2376083848188,0.0252466042891899
