"","Estimate","Std. Error","z value","Pr(>|z|)"
"(Intercept)",-0.711335736905677,0.707479274484806,-1.00545098995823,0.314679737594948
"x1",1.18074883192839,1.22463933536492,0.9641604657232,0.334965481681774
