"","Estimate","Std. Error","z value","Pr(>|z|)"
"(Intercept)",1.81522212575111,0.826839677860388,2.19537375183585,0.028136798381756
"x1",-3.99490982965565,1.51624685330998,-2.63473577599501,0.00842028012651398
