"","Estimate","Std. Error","z value","Pr(>|z|)"
"(Intercept)",0.564699165116505,0.681188494238216,0.82899105004411,0.407109471651565
"x1",-0.851149392376961,1.12018236911366,-0.759831091655573,0.447355555441902
