"","Estimate","Std. Error","z value","Pr(>|z|)"
"(Intercept)",0.878745074912096,0.710273557107141,1.23719243961597,0.216015647656434
"x2",-2.35190994798812,1.2871487005335,-1.82722473869049,0.0676659857367269
