"","Estimate","Std. Error","z value","Pr(>|z|)"
"(Intercept)",-9.13518929796143,3.26321677173821,-2.79944298432108,0.00511908560176832
"x2",17.9543054094638,6.42446099467316,2.7946788725701,0.00519512917965654
