"","Estimate","Std. Error","z value","Pr(>|z|)"
"(Intercept)",-0.905844779060959,0.708511443070695,-1.27851820590931,0.201066769618258
"x2",0.544780493170916,1.24622562735973,0.437144351079584,0.662006664593407
