"","Estimate","Std. Error","z value","Pr(>|z|)"
"(Intercept)",-2.25889569848341,0.963670112577352,-2.34405495096445,0.0190753607429781
"x2",3.95603998387406,1.61783509485704,2.44526775099019,0.0144744639747005
