"","Estimate","Std. Error","z value","Pr(>|z|)"
"(Intercept)",25.6302741713161,11.8632262526146,2.1604809371032,0.030735457774348
"x1",-51.6242494159897,23.7272880493375,-2.17573324471994,0.0295752128210765
