"","Estimate","Std. Error","z value","Pr(>|z|)"
"(Intercept)",-0.0789517845472404,0.676307727440511,-0.116739438784817,0.907066536299978
"x2",-0.635888343979592,1.22329641296619,-0.519815424323626,0.60319222774961
