"","Estimate","Std. Error","z value","Pr(>|z|)"
"(Intercept)",0.43630790228162,0.661410334529091,0.659662964885877,0.509470138133336
"x2",-0.889950816059226,1.13792228813745,-0.782084001110387,0.434165208484546
